
[7m[1m[36m NX [39m[22m[27m  [36mRunning target [1mserve[22m for project quetzaltic-api and [1m2[22m tasks it depends on:[39m

[2m[36m[39m[22m

[2m> [22m[2mnx run[22m guardian-core:build  [2m[local cache][22m


[2m> [22m[2mnx run[22m quetzaltic-api:build  [2m[local cache][22m

[2m> [22mwebpack-cli build --node-env=production

webpack compiled [1m[32msuccessfully[39m[22m (b7e077fe6cda6279)

[2m> [22m[2mnx run[22m quetzaltic-api:serve:development

[7m[1m[36m NX [39m[22m[27m  [36mRunning target [1mbuild[22m for project quetzaltic-api and [1m1[22m task it depends on:[39m
[2m[36m[39m[22m
[2m> [22m[2mnx run[22m guardian-core:build  [2m[local cache][22m
[2m> [22m[2mnx run[22m quetzaltic-api:build:development  [2m[local cache][22m
[2m> [22mwebpack-cli build --node-env=development
webpack compiled [1m[32msuccessfully[39m[22m (b7e077fe6cda6279)
[2m[32m[39m[22m
[7m[1m[32m NX [39m[22m[27m  [32mSuccessfully ran target [1mbuild[22m for project quetzaltic-api and [1m1[22m task it depends on[39m
[2mNx read the output from the cache instead of running the command for 2 out of 2 tasks.[22m
[12:28:09.734] [32mINFO[39m (6280): [36mStarting Nest application...[39m
    [35mcontext[39m: "NestFactory"
[12:28:09.735] [32mINFO[39m (6280): [36mConfigModule dependencies initialized[39m
    [35mcontext[39m: "InstanceLoader"
[12:28:09.735] [32mINFO[39m (6280): [36mCommonModule dependencies initialized[39m
    [35mcontext[39m: "InstanceLoader"
[12:28:09.735] [32mINFO[39m (6280): [36mConfigHostModule dependencies initialized[39m
    [35mcontext[39m: "InstanceLoader"
[12:28:09.735] [32mINFO[39m (6280): [36mDatabaseModule dependencies initialized[39m
    [35mcontext[39m: "InstanceLoader"
[12:28:09.735] [32mINFO[39m (6280): [36mAuditStoreModule dependencies initialized[39m
    [35mcontext[39m: "InstanceLoader"
[12:28:09.735] [32mINFO[39m (6280): [36mConfigModule dependencies initialized[39m
    [35mcontext[39m: "InstanceLoader"
[12:28:09.735] [32mINFO[39m (6280): [36mConfigModule dependencies initialized[39m
    [35mcontext[39m: "InstanceLoader"
[12:28:09.735] [32mINFO[39m (6280): [36mTerminusModule dependencies initialized[39m
    [35mcontext[39m: "InstanceLoader"
[12:28:09.735] [32mINFO[39m (6280): [36mTransactionModule dependencies initialized[39m
    [35mcontext[39m: "InstanceLoader"
[12:28:09.735] [32mINFO[39m (6280): [36mTestOscarModule dependencies initialized[39m
    [35mcontext[39m: "InstanceLoader"
[12:28:09.735] [32mINFO[39m (6280): [36mLoggerModule dependencies initialized[39m
    [35mcontext[39m: "InstanceLoader"
[12:28:09.735] [32mINFO[39m (6280): [36mHealthModule dependencies initialized[39m
    [35mcontext[39m: "InstanceLoader"
[12:28:09.735] [32mINFO[39m (6280): [36mOperationsModule dependencies initialized[39m
    [35mcontext[39m: "InstanceLoader"
[12:28:09.735] [32mINFO[39m (6280): [36mAuthModule dependencies initialized[39m
    [35mcontext[39m: "InstanceLoader"
[12:28:09.735] [32mINFO[39m (6280): [36mUsersModule dependencies initialized[39m
    [35mcontext[39m: "InstanceLoader"
[12:28:09.735] [32mINFO[39m (6280): [36mAppModule dependencies initialized[39m
    [35mcontext[39m: "InstanceLoader"
[12:28:09.735] [32mINFO[39m (6280): [36mGovernanceModule dependencies initialized[39m
    [35mcontext[39m: "InstanceLoader"
[12:28:09.735] [33mWARN[39m (6280): [36mUnsupported route path: "/api/*". In previous versions, the symbols ?, *, and + were used to denote optional or repeating path parameters. The latest version of "path-to-regexp" now requires the use of named parameters. For example, instead of using a route like /users/* to capture all routes starting with "/users", you should use /users/*path. For more details, refer to the migration guide. Attempting to auto-convert...[39m
    [35mcontext[39m: "LegacyRouteConverter"
[12:28:09.735] [33mWARN[39m (6280): [36mUnsupported route path: "/api/*". In previous versions, the symbols ?, *, and + were used to denote optional or repeating path parameters. The latest version of "path-to-regexp" now requires the use of named parameters. For example, instead of using a route like /users/* to capture all routes starting with "/users", you should use /users/*path. For more details, refer to the migration guide. Attempting to auto-convert...[39m
    [35mcontext[39m: "LegacyRouteConverter"
[12:28:09.735] [33mWARN[39m (6280): [36mUnsupported route path: "/api/*". In previous versions, the symbols ?, *, and + were used to denote optional or repeating path parameters. The latest version of "path-to-regexp" now requires the use of named parameters. For example, instead of using a route like /users/* to capture all routes starting with "/users", you should use /users/*path. For more details, refer to the migration guide. Attempting to auto-convert...[39m
    [35mcontext[39m: "LegacyRouteConverter"
[12:28:09.735] [32mINFO[39m (6280): [36mAppController {/api}:[39m
    [35mcontext[39m: "RoutesResolver"
[12:28:09.735] [32mINFO[39m (6280): [36mMapped {/api, GET} route[39m
    [35mcontext[39m: "RouterExplorer"
[12:28:09.735] [32mINFO[39m (6280): [36mTestController {/api/test}:[39m
    [35mcontext[39m: "RoutesResolver"
[12:28:09.735] [32mINFO[39m (6280): [36mMapped {/api/test/reset, POST} route[39m
    [35mcontext[39m: "RouterExplorer"
[12:28:09.735] [32mINFO[39m (6280): [36mHealthController {/api/health}:[39m
    [35mcontext[39m: "RoutesResolver"
[12:28:09.735] [32mINFO[39m (6280): [36mMapped {/api/health, GET} route[39m
    [35mcontext[39m: "RouterExplorer"
[12:28:09.735] [32mINFO[39m (6280): [36mOperationsController {/api/operations}:[39m
    [35mcontext[39m: "RoutesResolver"
[12:28:09.735] [32mINFO[39m (6280): [36mMapped {/api/operations/preview, POST} route[39m
    [35mcontext[39m: "RouterExplorer"
[12:28:09.735] [32mINFO[39m (6280): [36mMapped {/api/operations/execute, POST} route[39m
    [35mcontext[39m: "RouterExplorer"
[12:28:09.735] [32mINFO[39m (6280): [36mMapped {/api/operations/rollback/:id, POST} route[39m
    [35mcontext[39m: "RouterExplorer"
[12:28:09.735] [32mINFO[39m (6280): [36mGovernanceController {/api/governance}:[39m
    [35mcontext[39m: "RoutesResolver"
[12:28:09.735] [32mINFO[39m (6280): [36mMapped {/api/governance/audit-logs, GET} route[39m
    [35mcontext[39m: "RouterExplorer"
[12:28:09.735] [32mINFO[39m (6280): [36mMapped {/api/governance/stats, GET} route[39m
    [35mcontext[39m: "RouterExplorer"
[12:28:09.735] [32mINFO[39m (6280): [36mMapped {/api/governance/lockdown/status, GET} route[39m
    [35mcontext[39m: "RouterExplorer"
[12:28:09.735] [32mINFO[39m (6280): [36mMapped {/api/governance/lockdown/toggle, POST} route[39m
    [35mcontext[39m: "RouterExplorer"
[12:28:09.735] [32mINFO[39m (6280): [36mMapped {/api/governance/whitelist, GET} route[39m
    [35mcontext[39m: "RouterExplorer"
[12:28:09.735] [32mINFO[39m (6280): [36mMapped {/api/governance/whitelist, POST} route[39m
    [35mcontext[39m: "RouterExplorer"
[12:28:09.735] [32mINFO[39m (6280): [36mMapped {/api/governance/whitelist/update, POST} route[39m
    [35mcontext[39m: "RouterExplorer"
[12:28:09.735] [32mINFO[39m (6280): [36mMapped {/api/governance/whitelist/delete, POST} route[39m
    [35mcontext[39m: "RouterExplorer"
[12:28:09.735] [32mINFO[39m (6280): [36mAuthController {/api/auth}:[39m
    [35mcontext[39m: "RoutesResolver"
[12:28:09.735] [32mINFO[39m (6280): [36mMapped {/api/auth/login, POST} route[39m
    [35mcontext[39m: "RouterExplorer"
[12:28:09.735] [32mINFO[39m (6280): [36mUsersController {/api/users}:[39m
    [35mcontext[39m: "RoutesResolver"
[12:28:09.735] [32mINFO[39m (6280): [36mMapped {/api/users, GET} route[39m
    [35mcontext[39m: "RouterExplorer"
[12:28:09.735] [32mINFO[39m (6280): [36mMapped {/api/users, POST} route[39m
    [35mcontext[39m: "RouterExplorer"
[12:28:09.735] [32mINFO[39m (6280): [36mMapped {/api/users/:id, DELETE} route[39m
    [35mcontext[39m: "RouterExplorer"
[12:28:09.735] [32mINFO[39m (6280): [36mTestOscarController {/api/test-oscar}:[39m
    [35mcontext[39m: "RoutesResolver"
[12:28:09.735] [32mINFO[39m (6280): [36mMapped {/api/test-oscar, GET} route[39m
    [35mcontext[39m: "RouterExplorer"
[12:28:09.735] [32mINFO[39m (6280): [36m🐘 Database connected successfully[39m
    [35mcontext[39m: "PrismaService"
[12:28:09.735] [32mINFO[39m (6280): [36mNest application successfully started[39m
    [35mcontext[39m: "NestApplication"
[12:28:09.736] [32mINFO[39m (6280): [36m🚀 Application is running on: http://localhost:3333/api[39m
[12:28:09.736] [32mINFO[39m (6280): [36m🌍 Environment: dev[39m
[DEBUG] JWT Payload: {"sub":"323eac7b-615e-4bb2-b4da-1327cd63a13b","email":"oscar","role":"OPERATOR","exp":1774634503}
[DEBUG] Authenticated Actor: oscar
[12:28:10.688] [32mINFO[39m (6280): [36mrequest completed[39m
    [35mreq[39m: {
      "id": 1,
      "method": "GET",
      "url": "/api/governance/lockdown/status",
      "query": {},
      "params": {
        "path": [
          "governance",
          "lockdown",
          "status"
        ]
      },
      "headers": {
        "host": "localhost:3333",
        "connection": "keep-alive",
        "x-actor": "oscar",
        "sec-ch-ua-platform": "\"Windows\"",
        "authorization": "Bearer eyJhbGciOiJIUzI1NiIsInR5cCI6IkpXVCJ9.eyJzdWIiOiIzMjNlYWM3Yi02MTVlLTRiYjItYjRkYS0xMzI3Y2Q2M2ExM2IiLCJlbWFpbCI6Im9zY2FyIiwicm9sZSI6Ik9QRVJBVE9SIiwiZXhwIjoxNzc0NjM0NTAzfQ.J7klEKAA3C-Tm9Gl19iwGBgwv3ylSn9-YLxh_vQ7hXE",
        "x-correlation-id": "ui_gov_1774553288725",
        "sec-ch-ua": "\"Chromium\";v=\"146\", \"Not-A.Brand\";v=\"24\", \"Brave\";v=\"146\"",
        "sec-ch-ua-mobile": "?0",
        "x-idempotency-key": "d409ea31-80bf-4ea0-a22d-68066e6343a6",
        "user-agent": "Mozilla/5.0 (Windows NT 10.0; Win64; x64) AppleWebKit/537.36 (KHTML, like Gecko) Chrome/146.0.0.0 Safari/537.36",
        "accept": "application/json, text/plain, */*",
        "content-type": "application/json",
        "sec-gpc": "1",
        "accept-language": "es-ES,es;q=0.7",
        "origin": "http://localhost:4200",
        "sec-fetch-site": "same-site",
        "sec-fetch-mode": "cors",
        "sec-fetch-dest": "empty",
        "referer": "http://localhost:4200/",
        "accept-encoding": "gzip, deflate, br, zstd",
        "if-none-match": "W/\"7f-t6UHY9edF9TsKA9phWvicIewnpg\""
      },
      "remoteAddress": "::1",
      "remotePort": 51620
    }
    [35mcorrelationId[39m: "ui_gov_1774553288725"
    [35mres[39m: {
      "statusCode": 200,
      "headers": {
        "x-powered-by": "Express",
        "access-control-allow-origin": "*",
        "access-control-allow-credentials": "true",
        "x-correlation-id": "ui_gov_1774553288725",
        "content-type": "application/json; charset=utf-8",
        "content-length": "127",
        "etag": "W/\"7f-sqCz0RX+HDBomNomUMA0/qHVZvk\""
      }
    }
    [35mresponseTime[39m: 605
[DEBUG] JWT Payload: {"sub":"323eac7b-615e-4bb2-b4da-1327cd63a13b","email":"oscar","role":"OPERATOR","exp":1774634503}
[DEBUG] Authenticated Actor: oscar
[DEBUG] JWT Payload: {"sub":"0000-0000-0000","email":"superadmin-fallback@quetzaltic.local","role":"ADMIN","exp":1774634468}
[DEBUG] Authenticated Actor: superadmin-fallback@quetzaltic.local
[12:28:14.954] [32mINFO[39m (6280): [36mrequest completed[39m
    [35mreq[39m: {
      "id": 2,
      "method": "GET",
      "url": "/api/governance/lockdown/status",
      "query": {},
      "params": {
        "path": [
          "governance",
          "lockdown",
          "status"
        ]
      },
      "headers": {
        "host": "localhost:3333",
        "connection": "keep-alive",
        "x-actor": "oscar",
        "sec-ch-ua-platform": "\"Windows\"",
        "authorization": "Bearer eyJhbGciOiJIUzI1NiIsInR5cCI6IkpXVCJ9.eyJzdWIiOiIzMjNlYWM3Yi02MTVlLTRiYjItYjRkYS0xMzI3Y2Q2M2ExM2IiLCJlbWFpbCI6Im9zY2FyIiwicm9sZSI6Ik9QRVJBVE9SIiwiZXhwIjoxNzc0NjM0NTAzfQ.J7klEKAA3C-Tm9Gl19iwGBgwv3ylSn9-YLxh_vQ7hXE",
        "x-correlation-id": "ui_gov_1774553293735",
        "sec-ch-ua": "\"Chromium\";v=\"146\", \"Not-A.Brand\";v=\"24\", \"Brave\";v=\"146\"",
        "sec-ch-ua-mobile": "?0",
        "x-idempotency-key": "8f1044a0-a68a-484d-b53c-8889aebfe461",
        "user-agent": "Mozilla/5.0 (Windows NT 10.0; Win64; x64) AppleWebKit/537.36 (KHTML, like Gecko) Chrome/146.0.0.0 Safari/537.36",
        "accept": "application/json, text/plain, */*",
        "content-type": "application/json",
        "sec-gpc": "1",
        "accept-language": "es-ES,es;q=0.7",
        "origin": "http://localhost:4200",
        "sec-fetch-site": "same-site",
        "sec-fetch-mode": "cors",
        "sec-fetch-dest": "empty",
        "referer": "http://localhost:4200/",
        "accept-encoding": "gzip, deflate, br, zstd",
        "if-none-match": "W/\"7f-sqCz0RX+HDBomNomUMA0/qHVZvk\""
      },
      "remoteAddress": "::1",
      "remotePort": 51620
    }
    [35mcorrelationId[39m: "ui_gov_1774553293735"
    [35mres[39m: {
      "statusCode": 200,
      "headers": {
        "x-powered-by": "Express",
        "access-control-allow-origin": "*",
        "access-control-allow-credentials": "true",
        "x-correlation-id": "ui_gov_1774553293735",
        "content-type": "application/json; charset=utf-8",
        "content-length": "127",
        "etag": "W/\"7f-q4Jj6nv8jqC5aL0Qrl0oHNKaqp4\""
      }
    }
    [35mresponseTime[39m: 420
[12:28:15.026] [32mINFO[39m (6280): [36mrequest completed[39m
    [35mreq[39m: {
      "id": 3,
      "method": "GET",
      "url": "/api/governance/lockdown/status",
      "query": {},
      "params": {
        "path": [
          "governance",
          "lockdown",
          "status"
        ]
      },
      "headers": {
        "host": "localhost:3333",
        "connection": "keep-alive",
        "x-actor": "superadmin-fallback@quetzaltic.local",
        "sec-ch-ua-platform": "\"Windows\"",
        "authorization": "Bearer eyJhbGciOiJIUzI1NiIsInR5cCI6IkpXVCJ9.eyJzdWIiOiIwMDAwLTAwMDAtMDAwMCIsImVtYWlsIjoic3VwZXJhZG1pbi1mYWxsYmFja0BxdWV0emFsdGljLmxvY2FsIiwicm9sZSI6IkFETUlOIiwiZXhwIjoxNzc0NjM0NDY4fQ.71bAuAgGefR9QsBusckXe9vf3-u3p2xGEvGAP2evfwo",
        "x-correlation-id": "ui_gov_1774553294743",
        "sec-ch-ua": "\"Chromium\";v=\"146\", \"Not-A.Brand\";v=\"24\", \"Brave\";v=\"146\"",
        "sec-ch-ua-mobile": "?0",
        "x-idempotency-key": "0e92b362-9bc2-4767-bc61-d3d35860395f",
        "user-agent": "Mozilla/5.0 (Windows NT 10.0; Win64; x64) AppleWebKit/537.36 (KHTML, like Gecko) Chrome/146.0.0.0 Safari/537.36",
        "accept": "application/json, text/plain, */*",
        "content-type": "application/json",
        "sec-gpc": "1",
        "accept-language": "es-ES,es;q=0.7",
        "origin": "http://localhost:4200",
        "sec-fetch-site": "same-site",
        "sec-fetch-mode": "cors",
        "sec-fetch-dest": "empty",
        "referer": "http://localhost:4200/",
        "accept-encoding": "gzip, deflate, br, zstd",
        "if-none-match": "W/\"7f-q4Jj6nv8jqC5aL0Qrl0oHNKaqp4\""
      },
      "remoteAddress": "::1",
      "remotePort": 51620
    }
    [35mcorrelationId[39m: "ui_gov_1774553294743"
    [35mres[39m: {
      "statusCode": 200,
      "headers": {
        "x-powered-by": "Express",
        "access-control-allow-origin": "*",
        "access-control-allow-credentials": "true",
        "x-correlation-id": "ui_gov_1774553294743",
        "content-type": "application/json; charset=utf-8",
        "content-length": "127",
        "etag": "W/\"7f-bn6tDIkKgg61JiivRcAkiczWVtc\""
      }
    }
    [35mresponseTime[39m: 70
[12:28:16.657] [32mINFO[39m (6280): [36mrequest completed[39m
    [35mreq[39m: {
      "id": 4,
      "method": "GET",
      "url": "/api/test-oscar",
      "query": {},
      "params": {
        "path": [
          "test-oscar"
        ]
      },
      "headers": {
        "host": "localhost:3333",
        "connection": "keep-alive",
        "sec-ch-ua-platform": "\"Windows\"",
        "authorization": "Bearer eyJhbGciOiJIUzI1NiIsInR5cCI6IkpXVCJ9.eyJzdWIiOiIwMDAwLTAwMDAtMDAwMCIsImVtYWlsIjoic3VwZXJhZG1pbi1mYWxsYmFja0BxdWV0emFsdGljLmxvY2FsIiwicm9sZSI6IkFETUlOIiwiZXhwIjoxNzc0NjM0NDY4fQ.71bAuAgGefR9QsBusckXe9vf3-u3p2xGEvGAP2evfwo",
        "user-agent": "Mozilla/5.0 (Windows NT 10.0; Win64; x64) AppleWebKit/537.36 (KHTML, like Gecko) Chrome/146.0.0.0 Safari/537.36",
        "accept": "application/json, text/plain, */*",
        "sec-ch-ua": "\"Chromium\";v=\"146\", \"Not-A.Brand\";v=\"24\", \"Brave\";v=\"146\"",
        "sec-ch-ua-mobile": "?0",
        "sec-gpc": "1",
        "accept-language": "es-ES,es;q=0.7",
        "origin": "http://localhost:4200",
        "sec-fetch-site": "same-site",
        "sec-fetch-mode": "cors",
        "sec-fetch-dest": "empty",
        "referer": "http://localhost:4200/",
        "accept-encoding": "gzip, deflate, br, zstd",
        "if-none-match": "W/\"c56c-M54z5R+njDfx+7G9DSK6pCsIwFE\""
      },
      "remoteAddress": "::1",
      "remotePort": 51620
    }
    [35mcorrelationId[39m: "585614d5-217e-42fe-bf10-f18509ac8db8"
    [35mres[39m: {
      "statusCode": 200,
      "headers": {
        "x-powered-by": "Express",
        "access-control-allow-origin": "*",
        "access-control-allow-credentials": "true",
        "x-correlation-id": "585614d5-217e-42fe-bf10-f18509ac8db8",
        "content-type": "application/json; charset=utf-8",
        "content-length": "50540",
        "etag": "W/\"c56c-CmafY4yMi9f5zqVdnu2c6OKosgU\""
      }
    }
    [35mresponseTime[39m: 1135
[DEBUG] JWT Payload: {"sub":"323eac7b-615e-4bb2-b4da-1327cd63a13b","email":"oscar","role":"OPERATOR","exp":1774634503}
[DEBUG] Authenticated Actor: oscar
[12:28:18.848] [32mINFO[39m (6280): [36mrequest completed[39m
    [35mreq[39m: {
      "id": 5,
      "method": "GET",
      "url": "/api/governance/lockdown/status",
      "query": {},
      "params": {
        "path": [
          "governance",
          "lockdown",
          "status"
        ]
      },
      "headers": {
        "host": "localhost:3333",
        "connection": "keep-alive",
        "x-actor": "oscar",
        "sec-ch-ua-platform": "\"Windows\"",
        "authorization": "Bearer eyJhbGciOiJIUzI1NiIsInR5cCI6IkpXVCJ9.eyJzdWIiOiIzMjNlYWM3Yi02MTVlLTRiYjItYjRkYS0xMzI3Y2Q2M2ExM2IiLCJlbWFpbCI6Im9zY2FyIiwicm9sZSI6Ik9QRVJBVE9SIiwiZXhwIjoxNzc0NjM0NTAzfQ.J7klEKAA3C-Tm9Gl19iwGBgwv3ylSn9-YLxh_vQ7hXE",
        "x-correlation-id": "ui_gov_1774553298732",
        "sec-ch-ua": "\"Chromium\";v=\"146\", \"Not-A.Brand\";v=\"24\", \"Brave\";v=\"146\"",
        "sec-ch-ua-mobile": "?0",
        "x-idempotency-key": "ecc7072c-0872-4713-8cbe-7f2dd1cf8e5c",
        "user-agent": "Mozilla/5.0 (Windows NT 10.0; Win64; x64) AppleWebKit/537.36 (KHTML, like Gecko) Chrome/146.0.0.0 Safari/537.36",
        "accept": "application/json, text/plain, */*",
        "content-type": "application/json",
        "sec-gpc": "1",
        "accept-language": "es-ES,es;q=0.7",
        "origin": "http://localhost:4200",
        "sec-fetch-site": "same-site",
        "sec-fetch-mode": "cors",
        "sec-fetch-dest": "empty",
        "referer": "http://localhost:4200/",
        "accept-encoding": "gzip, deflate, br, zstd",
        "if-none-match": "W/\"7f-bn6tDIkKgg61JiivRcAkiczWVtc\""
      },
      "remoteAddress": "::1",
      "remotePort": 51620
    }
    [35mcorrelationId[39m: "ui_gov_1774553298732"
    [35mres[39m: {
      "statusCode": 200,
      "headers": {
        "x-powered-by": "Express",
        "access-control-allow-origin": "*",
        "access-control-allow-credentials": "true",
        "x-correlation-id": "ui_gov_1774553298732",
        "content-type": "application/json; charset=utf-8",
        "content-length": "127",
        "etag": "W/\"7f-8d1l2TNeQcWtlMrmIxRaZ82FsP8\""
      }
    }
    [35mresponseTime[39m: 64
[DEBUG] JWT Payload: {"sub":"0000-0000-0000","email":"superadmin-fallback@quetzaltic.local","role":"ADMIN","exp":1774634468}
[DEBUG] Authenticated Actor: superadmin-fallback@quetzaltic.local
[12:28:19.827] [32mINFO[39m (6280): [36mrequest completed[39m
    [35mreq[39m: {
      "id": 6,
      "method": "GET",
      "url": "/api/governance/lockdown/status",
      "query": {},
      "params": {
        "path": [
          "governance",
          "lockdown",
          "status"
        ]
      },
      "headers": {
        "host": "localhost:3333",
        "connection": "keep-alive",
        "x-actor": "superadmin-fallback@quetzaltic.local",
        "sec-ch-ua-platform": "\"Windows\"",
        "authorization": "Bearer eyJhbGciOiJIUzI1NiIsInR5cCI6IkpXVCJ9.eyJzdWIiOiIwMDAwLTAwMDAtMDAwMCIsImVtYWlsIjoic3VwZXJhZG1pbi1mYWxsYmFja0BxdWV0emFsdGljLmxvY2FsIiwicm9sZSI6IkFETUlOIiwiZXhwIjoxNzc0NjM0NDY4fQ.71bAuAgGefR9QsBusckXe9vf3-u3p2xGEvGAP2evfwo",
        "x-correlation-id": "ui_gov_1774553299761",
        "sec-ch-ua": "\"Chromium\";v=\"146\", \"Not-A.Brand\";v=\"24\", \"Brave\";v=\"146\"",
        "sec-ch-ua-mobile": "?0",
        "x-idempotency-key": "110bbef2-404e-475b-99fc-1a5925c124a1",
        "user-agent": "Mozilla/5.0 (Windows NT 10.0; Win64; x64) AppleWebKit/537.36 (KHTML, like Gecko) Chrome/146.0.0.0 Safari/537.36",
        "accept": "application/json, text/plain, */*",
        "content-type": "application/json",
        "sec-gpc": "1",
        "accept-language": "es-ES,es;q=0.7",
        "origin": "http://localhost:4200",
        "sec-fetch-site": "same-site",
        "sec-fetch-mode": "cors",
        "sec-fetch-dest": "empty",
        "referer": "http://localhost:4200/",
        "accept-encoding": "gzip, deflate, br, zstd",
        "if-none-match": "W/\"7f-8d1l2TNeQcWtlMrmIxRaZ82FsP8\""
      },
      "remoteAddress": "::1",
      "remotePort": 51620
    }
    [35mcorrelationId[39m: "ui_gov_1774553299761"
    [35mres[39m: {
      "statusCode": 200,
      "headers": {
        "x-powered-by": "Express",
        "access-control-allow-origin": "*",
        "access-control-allow-credentials": "true",
        "x-correlation-id": "ui_gov_1774553299761",
        "content-type": "application/json; charset=utf-8",
        "content-length": "127",
        "etag": "W/\"7f-OiryX8g0P4VAcCghJz15Zc64va0\""
      }
    }
    [35mresponseTime[39m: 62
[DEBUG] JWT Payload: {"sub":"323eac7b-615e-4bb2-b4da-1327cd63a13b","email":"oscar","role":"OPERATOR","exp":1774634503}
[DEBUG] Authenticated Actor: oscar
[12:28:23.793] [32mINFO[39m (6280): [36mrequest completed[39m
    [35mreq[39m: {
      "id": 7,
      "method": "GET",
      "url": "/api/governance/lockdown/status",
      "query": {},
      "params": {
        "path": [
          "governance",
          "lockdown",
          "status"
        ]
      },
      "headers": {
        "host": "localhost:3333",
        "connection": "keep-alive",
        "x-actor": "oscar",
        "sec-ch-ua-platform": "\"Windows\"",
        "authorization": "Bearer eyJhbGciOiJIUzI1NiIsInR5cCI6IkpXVCJ9.eyJzdWIiOiIzMjNlYWM3Yi02MTVlLTRiYjItYjRkYS0xMzI3Y2Q2M2ExM2IiLCJlbWFpbCI6Im9zY2FyIiwicm9sZSI6Ik9QRVJBVE9SIiwiZXhwIjoxNzc0NjM0NTAzfQ.J7klEKAA3C-Tm9Gl19iwGBgwv3ylSn9-YLxh_vQ7hXE",
        "x-correlation-id": "ui_gov_1774553303720",
        "sec-ch-ua": "\"Chromium\";v=\"146\", \"Not-A.Brand\";v=\"24\", \"Brave\";v=\"146\"",
        "sec-ch-ua-mobile": "?0",
        "x-idempotency-key": "55fd8d6d-2e54-40f6-8d28-0275c1bf2990",
        "user-agent": "Mozilla/5.0 (Windows NT 10.0; Win64; x64) AppleWebKit/537.36 (KHTML, like Gecko) Chrome/146.0.0.0 Safari/537.36",
        "accept": "application/json, text/plain, */*",
        "content-type": "application/json",
        "sec-gpc": "1",
        "accept-language": "es-ES,es;q=0.7",
        "origin": "http://localhost:4200",
        "sec-fetch-site": "same-site",
        "sec-fetch-mode": "cors",
        "sec-fetch-dest": "empty",
        "referer": "http://localhost:4200/",
        "accept-encoding": "gzip, deflate, br, zstd",
        "if-none-match": "W/\"7f-OiryX8g0P4VAcCghJz15Zc64va0\""
      },
      "remoteAddress": "::1",
      "remotePort": 51620
    }
    [35mcorrelationId[39m: "ui_gov_1774553303720"
    [35mres[39m: {
      "statusCode": 200,
      "headers": {
        "x-powered-by": "Express",
        "access-control-allow-origin": "*",
        "access-control-allow-credentials": "true",
        "x-correlation-id": "ui_gov_1774553303720",
        "content-type": "application/json; charset=utf-8",
        "content-length": "127",
        "etag": "W/\"7f-OjUrRMx+hiA3ssO1ntwkZVi6l84\""
      }
    }
    [35mresponseTime[39m: 65
[12:28:24.182] [32mINFO[39m (6280): [36mrequest completed[39m
    [35mreq[39m: {
      "id": 8,
      "method": "GET",
      "url": "/api/test-oscar",
      "query": {},
      "params": {
        "path": [
          "test-oscar"
        ]
      },
      "headers": {
        "host": "localhost:3333",
        "connection": "keep-alive",
        "sec-ch-ua-platform": "\"Windows\"",
        "authorization": "Bearer eyJhbGciOiJIUzI1NiIsInR5cCI6IkpXVCJ9.eyJzdWIiOiIwMDAwLTAwMDAtMDAwMCIsImVtYWlsIjoic3VwZXJhZG1pbi1mYWxsYmFja0BxdWV0emFsdGljLmxvY2FsIiwicm9sZSI6IkFETUlOIiwiZXhwIjoxNzc0NjM4NjM5fQ.xmY4FNONhzuEoNvjkhYF1T2QZUS1fNN4eDVqBiZrNoI",
        "user-agent": "Mozilla/5.0 (Windows NT 10.0; Win64; x64) AppleWebKit/537.36 (KHTML, like Gecko) Chrome/146.0.0.0 Safari/537.36",
        "accept": "application/json, text/plain, */*",
        "sec-ch-ua": "\"Chromium\";v=\"146\", \"Not-A.Brand\";v=\"24\", \"Google Chrome\";v=\"146\"",
        "sec-ch-ua-mobile": "?0",
        "origin": "http://localhost:4200",
        "sec-fetch-site": "same-site",
        "sec-fetch-mode": "cors",
        "sec-fetch-dest": "empty",
        "referer": "http://localhost:4200/",
        "accept-encoding": "gzip, deflate, br, zstd",
        "accept-language": "es-ES,es;q=0.9",
        "if-none-match": "W/\"c56c-MZXBS0ATsjbW6FXOM1jldIhACE4\""
      },
      "remoteAddress": "::1",
      "remotePort": 53709
    }
    [35mcorrelationId[39m: "8695f5dc-f6fd-4692-8dc9-a5ff34ba3160"
    [35mres[39m: {
      "statusCode": 200,
      "headers": {
        "x-powered-by": "Express",
        "access-control-allow-origin": "*",
        "access-control-allow-credentials": "true",
        "x-correlation-id": "8695f5dc-f6fd-4692-8dc9-a5ff34ba3160",
        "content-type": "application/json; charset=utf-8",
        "content-length": "50540",
        "etag": "W/\"c56c-VHJJ0isMKPBUeZXIxto/DnNpWZ0\""
      }
    }
    [35mresponseTime[39m: 197
[DEBUG] JWT Payload: {"sub":"0000-0000-0000","email":"superadmin-fallback@quetzaltic.local","role":"ADMIN","exp":1774634468}
[DEBUG] Authenticated Actor: superadmin-fallback@quetzaltic.local
[12:28:24.892] [32mINFO[39m (6280): [36mrequest completed[39m
    [35mreq[39m: {
      "id": 9,
      "method": "GET",
      "url": "/api/governance/lockdown/status",
      "query": {},
      "params": {
        "path": [
          "governance",
          "lockdown",
          "status"
        ]
      },
      "headers": {
        "host": "localhost:3333",
        "connection": "keep-alive",
        "x-actor": "superadmin-fallback@quetzaltic.local",
        "sec-ch-ua-platform": "\"Windows\"",
        "authorization": "Bearer eyJhbGciOiJIUzI1NiIsInR5cCI6IkpXVCJ9.eyJzdWIiOiIwMDAwLTAwMDAtMDAwMCIsImVtYWlsIjoic3VwZXJhZG1pbi1mYWxsYmFja0BxdWV0emFsdGljLmxvY2FsIiwicm9sZSI6IkFETUlOIiwiZXhwIjoxNzc0NjM0NDY4fQ.71bAuAgGefR9QsBusckXe9vf3-u3p2xGEvGAP2evfwo",
        "x-correlation-id": "ui_gov_1774553304754",
        "sec-ch-ua": "\"Chromium\";v=\"146\", \"Not-A.Brand\";v=\"24\", \"Brave\";v=\"146\"",
        "sec-ch-ua-mobile": "?0",
        "x-idempotency-key": "4b22e421-73ba-438b-b37c-f42f2dcb5e63",
        "user-agent": "Mozilla/5.0 (Windows NT 10.0; Win64; x64) AppleWebKit/537.36 (KHTML, like Gecko) Chrome/146.0.0.0 Safari/537.36",
        "accept": "application/json, text/plain, */*",
        "content-type": "application/json",
        "sec-gpc": "1",
        "accept-language": "es-ES,es;q=0.7",
        "origin": "http://localhost:4200",
        "sec-fetch-site": "same-site",
        "sec-fetch-mode": "cors",
        "sec-fetch-dest": "empty",
        "referer": "http://localhost:4200/",
        "accept-encoding": "gzip, deflate, br, zstd",
        "if-none-match": "W/\"7f-OjUrRMx+hiA3ssO1ntwkZVi6l84\""
      },
      "remoteAddress": "::1",
      "remotePort": 51620
    }
    [35mcorrelationId[39m: "ui_gov_1774553304754"
    [35mres[39m: {
      "statusCode": 200,
      "headers": {
        "x-powered-by": "Express",
        "access-control-allow-origin": "*",
        "access-control-allow-credentials": "true",
        "x-correlation-id": "ui_gov_1774553304754",
        "content-type": "application/json; charset=utf-8",
        "content-length": "127",
        "etag": "W/\"7f-eQxc+aAX7lMktWBes2uBToFnfzk\""
      }
    }
    [35mresponseTime[39m: 127
[12:28:25.164] [32mINFO[39m (6280): [36mrequest completed[39m
    [35mreq[39m: {
      "id": 10,
      "method": "GET",
      "url": "/api/test-oscar",
      "query": {},
      "params": {
        "path": [
          "test-oscar"
        ]
      },
      "headers": {
        "host": "localhost:3333",
        "connection": "keep-alive",
        "sec-ch-ua-platform": "\"Windows\"",
        "authorization": "Bearer eyJhbGciOiJIUzI1NiIsInR5cCI6IkpXVCJ9.eyJzdWIiOiIwMDAwLTAwMDAtMDAwMCIsImVtYWlsIjoic3VwZXJhZG1pbi1mYWxsYmFja0BxdWV0emFsdGljLmxvY2FsIiwicm9sZSI6IkFETUlOIiwiZXhwIjoxNzc0NjM0NDY4fQ.71bAuAgGefR9QsBusckXe9vf3-u3p2xGEvGAP2evfwo",
        "user-agent": "Mozilla/5.0 (Windows NT 10.0; Win64; x64) AppleWebKit/537.36 (KHTML, like Gecko) Chrome/146.0.0.0 Safari/537.36",
        "accept": "application/json, text/plain, */*",
        "sec-ch-ua": "\"Chromium\";v=\"146\", \"Not-A.Brand\";v=\"24\", \"Brave\";v=\"146\"",
        "sec-ch-ua-mobile": "?0",
        "sec-gpc": "1",
        "accept-language": "es-ES,es;q=0.7",
        "origin": "http://localhost:4200",
        "sec-fetch-site": "same-site",
        "sec-fetch-mode": "cors",
        "sec-fetch-dest": "empty",
        "referer": "http://localhost:4200/",
        "accept-encoding": "gzip, deflate, br, zstd",
        "if-none-match": "W/\"c56c-CmafY4yMi9f5zqVdnu2c6OKosgU\""
      },
      "remoteAddress": "::1",
      "remotePort": 51620
    }
    [35mcorrelationId[39m: "eba4b05d-c39e-46fc-9789-804c80f49054"
    [35mres[39m: {
      "statusCode": 200,
      "headers": {
        "x-powered-by": "Express",
        "access-control-allow-origin": "*",
        "access-control-allow-credentials": "true",
        "x-correlation-id": "eba4b05d-c39e-46fc-9789-804c80f49054",
        "content-type": "application/json; charset=utf-8",
        "content-length": "50540",
        "etag": "W/\"c56c-ospRVxvLpcq4vZnlJfdjSFLPJkA\""
      }
    }
    [35mresponseTime[39m: 193
[DEBUG] JWT Payload: {"sub":"323eac7b-615e-4bb2-b4da-1327cd63a13b","email":"oscar","role":"OPERATOR","exp":1774634503}
[DEBUG] Authenticated Actor: oscar
[12:28:28.799] [32mINFO[39m (6280): [36mrequest completed[39m
    [35mreq[39m: {
      "id": 11,
      "method": "GET",
      "url": "/api/governance/lockdown/status",
      "query": {},
      "params": {
        "path": [
          "governance",
          "lockdown",
          "status"
        ]
      },
      "headers": {
        "host": "localhost:3333",
        "connection": "keep-alive",
        "x-actor": "oscar",
        "sec-ch-ua-platform": "\"Windows\"",
        "authorization": "Bearer eyJhbGciOiJIUzI1NiIsInR5cCI6IkpXVCJ9.eyJzdWIiOiIzMjNlYWM3Yi02MTVlLTRiYjItYjRkYS0xMzI3Y2Q2M2ExM2IiLCJlbWFpbCI6Im9zY2FyIiwicm9sZSI6Ik9QRVJBVE9SIiwiZXhwIjoxNzc0NjM0NTAzfQ.J7klEKAA3C-Tm9Gl19iwGBgwv3ylSn9-YLxh_vQ7hXE",
        "x-correlation-id": "ui_gov_1774553308720",
        "sec-ch-ua": "\"Chromium\";v=\"146\", \"Not-A.Brand\";v=\"24\", \"Brave\";v=\"146\"",
        "sec-ch-ua-mobile": "?0",
        "x-idempotency-key": "84937372-fb2c-434d-884e-37d60d747a08",
        "user-agent": "Mozilla/5.0 (Windows NT 10.0; Win64; x64) AppleWebKit/537.36 (KHTML, like Gecko) Chrome/146.0.0.0 Safari/537.36",
        "accept": "application/json, text/plain, */*",
        "content-type": "application/json",
        "sec-gpc": "1",
        "accept-language": "es-ES,es;q=0.7",
        "origin": "http://localhost:4200",
        "sec-fetch-site": "same-site",
        "sec-fetch-mode": "cors",
        "sec-fetch-dest": "empty",
        "referer": "http://localhost:4200/",
        "accept-encoding": "gzip, deflate, br, zstd",
        "if-none-match": "W/\"7f-eQxc+aAX7lMktWBes2uBToFnfzk\""
      },
      "remoteAddress": "::1",
      "remotePort": 51620
    }
    [35mcorrelationId[39m: "ui_gov_1774553308720"
    [35mres[39m: {
      "statusCode": 200,
      "headers": {
        "x-powered-by": "Express",
        "access-control-allow-origin": "*",
        "access-control-allow-credentials": "true",
        "x-correlation-id": "ui_gov_1774553308720",
        "content-type": "application/json; charset=utf-8",
        "content-length": "127",
        "etag": "W/\"7f-ZJSpHB4s6QIuaOEmhQa/J7gqL4Y\""
      }
    }
    [35mresponseTime[39m: 69
[DEBUG] JWT Payload: {"sub":"0000-0000-0000","email":"superadmin-fallback@quetzaltic.local","role":"ADMIN","exp":1774634468}
[DEBUG] Authenticated Actor: superadmin-fallback@quetzaltic.local
[12:28:29.963] [32mINFO[39m (6280): [36mrequest completed[39m
    [35mreq[39m: {
      "id": 12,
      "method": "GET",
      "url": "/api/governance/lockdown/status",
      "query": {},
      "params": {
        "path": [
          "governance",
          "lockdown",
          "status"
        ]
      },
      "headers": {
        "host": "localhost:3333",
        "connection": "keep-alive",
        "x-actor": "superadmin-fallback@quetzaltic.local",
        "sec-ch-ua-platform": "\"Windows\"",
        "authorization": "Bearer eyJhbGciOiJIUzI1NiIsInR5cCI6IkpXVCJ9.eyJzdWIiOiIwMDAwLTAwMDAtMDAwMCIsImVtYWlsIjoic3VwZXJhZG1pbi1mYWxsYmFja0BxdWV0emFsdGljLmxvY2FsIiwicm9sZSI6IkFETUlOIiwiZXhwIjoxNzc0NjM0NDY4fQ.71bAuAgGefR9QsBusckXe9vf3-u3p2xGEvGAP2evfwo",
        "x-correlation-id": "ui_gov_1774553309754",
        "sec-ch-ua": "\"Chromium\";v=\"146\", \"Not-A.Brand\";v=\"24\", \"Brave\";v=\"146\"",
        "sec-ch-ua-mobile": "?0",
        "x-idempotency-key": "f5c20dbe-b4b9-472b-8283-62c5e4827394",
        "user-agent": "Mozilla/5.0 (Windows NT 10.0; Win64; x64) AppleWebKit/537.36 (KHTML, like Gecko) Chrome/146.0.0.0 Safari/537.36",
        "accept": "application/json, text/plain, */*",
        "content-type": "application/json",
        "sec-gpc": "1",
        "accept-language": "es-ES,es;q=0.7",
        "origin": "http://localhost:4200",
        "sec-fetch-site": "same-site",
        "sec-fetch-mode": "cors",
        "sec-fetch-dest": "empty",
        "referer": "http://localhost:4200/",
        "accept-encoding": "gzip, deflate, br, zstd",
        "if-none-match": "W/\"7f-ZJSpHB4s6QIuaOEmhQa/J7gqL4Y\""
      },
      "remoteAddress": "::1",
      "remotePort": 51620
    }
    [35mcorrelationId[39m: "ui_gov_1774553309754"
    [35mres[39m: {
      "statusCode": 200,
      "headers": {
        "x-powered-by": "Express",
        "access-control-allow-origin": "*",
        "access-control-allow-credentials": "true",
        "x-correlation-id": "ui_gov_1774553309754",
        "content-type": "application/json; charset=utf-8",
        "content-length": "127",
        "etag": "W/\"7f-3CRx1hlyRBeu3BDeq+SWjtdFFWs\""
      }
    }
    [35mresponseTime[39m: 76
[DEBUG] JWT Payload: {"sub":"0000-0000-0000","email":"superadmin-fallback@quetzaltic.local","role":"ADMIN","exp":1774634468}
[DEBUG] Authenticated Actor: superadmin-fallback@quetzaltic.local
[12:28:33.430] [33mWARN[39m (6280): [36mGuardian rejected query: UPDATE [oscar_prueba] SET [sn_Activo] = 1 WHERE [id_Empresa] = 1 AND [id_Sucursal] = 3 AND [id_Almacen] = 1[39m
    [35mreq[39m: {
      "id": 13,
      "method": "POST",
      "url": "/api/operations/execute",
      "query": {},
      "params": {
        "path": [
          "operations",
          "execute"
        ]
      },
      "headers": {
        "host": "localhost:3333",
        "connection": "keep-alive",
        "content-length": "152",
        "sec-ch-ua-platform": "\"Windows\"",
        "authorization": "Bearer eyJhbGciOiJIUzI1NiIsInR5cCI6IkpXVCJ9.eyJzdWIiOiIwMDAwLTAwMDAtMDAwMCIsImVtYWlsIjoic3VwZXJhZG1pbi1mYWxsYmFja0BxdWV0emFsdGljLmxvY2FsIiwicm9sZSI6IkFETUlOIiwiZXhwIjoxNzc0NjM0NDY4fQ.71bAuAgGefR9QsBusckXe9vf3-u3p2xGEvGAP2evfwo",
        "x-correlation-id": "playground_1774553312615",
        "sec-ch-ua": "\"Chromium\";v=\"146\", \"Not-A.Brand\";v=\"24\", \"Brave\";v=\"146\"",
        "sec-ch-ua-mobile": "?0",
        "x-idempotency-key": "test_1774553312615",
        "user-agent": "Mozilla/5.0 (Windows NT 10.0; Win64; x64) AppleWebKit/537.36 (KHTML, like Gecko) Chrome/146.0.0.0 Safari/537.36",
        "accept": "application/json, text/plain, */*",
        "content-type": "application/json",
        "sec-gpc": "1",
        "accept-language": "es-ES,es;q=0.7",
        "origin": "http://localhost:4200",
        "sec-fetch-site": "same-site",
        "sec-fetch-mode": "cors",
        "sec-fetch-dest": "empty",
        "referer": "http://localhost:4200/",
        "accept-encoding": "gzip, deflate, br, zstd"
      },
      "remoteAddress": "::1",
      "remotePort": 51620
    }
    [35mcorrelationId[39m: "playground_1774553312615"
    [35mcontext[39m: "TransactionOrchestratorService"
[12:28:33.834] [31mERROR[39m (6280): [36m[playground_1774553312615] POST /api/operations/execute - Status: 500 - Error: "Internal Server Error"[39m
    [35mreq[39m: {
      "id": 13,
      "method": "POST",
      "url": "/api/operations/execute",
      "query": {},
      "params": {
        "path": [
          "operations",
          "execute"
        ]
      },
      "headers": {
        "host": "localhost:3333",
        "connection": "keep-alive",
        "content-length": "152",
        "sec-ch-ua-platform": "\"Windows\"",
        "authorization": "Bearer eyJhbGciOiJIUzI1NiIsInR5cCI6IkpXVCJ9.eyJzdWIiOiIwMDAwLTAwMDAtMDAwMCIsImVtYWlsIjoic3VwZXJhZG1pbi1mYWxsYmFja0BxdWV0emFsdGljLmxvY2FsIiwicm9sZSI6IkFETUlOIiwiZXhwIjoxNzc0NjM0NDY4fQ.71bAuAgGefR9QsBusckXe9vf3-u3p2xGEvGAP2evfwo",
        "x-correlation-id": "playground_1774553312615",
        "sec-ch-ua": "\"Chromium\";v=\"146\", \"Not-A.Brand\";v=\"24\", \"Brave\";v=\"146\"",
        "sec-ch-ua-mobile": "?0",
        "x-idempotency-key": "test_1774553312615",
        "user-agent": "Mozilla/5.0 (Windows NT 10.0; Win64; x64) AppleWebKit/537.36 (KHTML, like Gecko) Chrome/146.0.0.0 Safari/537.36",
        "accept": "application/json, text/plain, */*",
        "content-type": "application/json",
        "sec-gpc": "1",
        "accept-language": "es-ES,es;q=0.7",
        "origin": "http://localhost:4200",
        "sec-fetch-site": "same-site",
        "sec-fetch-mode": "cors",
        "sec-fetch-dest": "empty",
        "referer": "http://localhost:4200/",
        "accept-encoding": "gzip, deflate, br, zstd"
      },
      "remoteAddress": "::1",
      "remotePort": 51620
    }
    [35mcorrelationId[39m: "playground_1774553312615"
    [35mcontext[39m: "GlobalExceptionFilter"
[12:28:33.835] [32mINFO[39m (6280): [36mrequest errored[39m
    [35mreq[39m: {
      "id": 13,
      "method": "POST",
      "url": "/api/operations/execute",
      "query": {},
      "params": {
        "path": [
          "operations",
          "execute"
        ]
      },
      "headers": {
        "host": "localhost:3333",
        "connection": "keep-alive",
        "content-length": "152",
        "sec-ch-ua-platform": "\"Windows\"",
        "authorization": "Bearer eyJhbGciOiJIUzI1NiIsInR5cCI6IkpXVCJ9.eyJzdWIiOiIwMDAwLTAwMDAtMDAwMCIsImVtYWlsIjoic3VwZXJhZG1pbi1mYWxsYmFja0BxdWV0emFsdGljLmxvY2FsIiwicm9sZSI6IkFETUlOIiwiZXhwIjoxNzc0NjM0NDY4fQ.71bAuAgGefR9QsBusckXe9vf3-u3p2xGEvGAP2evfwo",
        "x-correlation-id": "playground_1774553312615",
        "sec-ch-ua": "\"Chromium\";v=\"146\", \"Not-A.Brand\";v=\"24\", \"Brave\";v=\"146\"",
        "sec-ch-ua-mobile": "?0",
        "x-idempotency-key": "test_1774553312615",
        "user-agent": "Mozilla/5.0 (Windows NT 10.0; Win64; x64) AppleWebKit/537.36 (KHTML, like Gecko) Chrome/146.0.0.0 Safari/537.36",
        "accept": "application/json, text/plain, */*",
        "content-type": "application/json",
        "sec-gpc": "1",
        "accept-language": "es-ES,es;q=0.7",
        "origin": "http://localhost:4200",
        "sec-fetch-site": "same-site",
        "sec-fetch-mode": "cors",
        "sec-fetch-dest": "empty",
        "referer": "http://localhost:4200/",
        "accept-encoding": "gzip, deflate, br, zstd"
      },
      "remoteAddress": "::1",
      "remotePort": 51620
    }
    [35mcorrelationId[39m: "playground_1774553312615"
    [35mres[39m: {
      "statusCode": 500,
      "headers": {
        "x-powered-by": "Express",
        "access-control-allow-origin": "*",
        "access-control-allow-credentials": "true",
        "x-correlation-id": "playground_1774553312615",
        "content-type": "application/json; charset=utf-8",
        "content-length": "163",
        "etag": "W/\"a3-yMkmySguqdMLXYWWP2zi9R57K+A\""
      }
    }
    [35mresponseTime[39m: 967
    err: {
      "type": "Error",
      "message": "failed with status code 500",
      "stack":
          Error: failed with status code 500
              at onResFinished (C:\dev\soporte\quetzaltic\node_modules\pino-http\logger.js:115:39)
              at ServerResponse.onResponseComplete (C:\dev\soporte\quetzaltic\node_modules\pino-http\logger.js:178:14)
              at ServerResponse.emit (node:events:520:35)
              at onFinish (node:_http_outgoing:1026:10)
              at callback (node:internal/streams/writable:764:21)
              at afterWrite (node:internal/streams/writable:708:5)
              at afterWriteTick (node:internal/streams/writable:694:10)
              at processTicksAndRejections (node:internal/process/task_queues:88:21)
    }
[DEBUG] JWT Payload: {"sub":"0000-0000-0000","email":"superadmin-fallback@quetzaltic.local","role":"ADMIN","exp":1774634468}
[DEBUG] Authenticated Actor: superadmin-fallback@quetzaltic.local
[12:28:34.826] [32mINFO[39m (6280): [36mrequest completed[39m
    [35mreq[39m: {
      "id": 14,
      "method": "GET",
      "url": "/api/governance/lockdown/status",
      "query": {},
      "params": {
        "path": [
          "governance",
          "lockdown",
          "status"
        ]
      },
      "headers": {
        "host": "localhost:3333",
        "connection": "keep-alive",
        "x-actor": "superadmin-fallback@quetzaltic.local",
        "sec-ch-ua-platform": "\"Windows\"",
        "authorization": "Bearer eyJhbGciOiJIUzI1NiIsInR5cCI6IkpXVCJ9.eyJzdWIiOiIwMDAwLTAwMDAtMDAwMCIsImVtYWlsIjoic3VwZXJhZG1pbi1mYWxsYmFja0BxdWV0emFsdGljLmxvY2FsIiwicm9sZSI6IkFETUlOIiwiZXhwIjoxNzc0NjM0NDY4fQ.71bAuAgGefR9QsBusckXe9vf3-u3p2xGEvGAP2evfwo",
        "x-correlation-id": "ui_gov_1774553314756",
        "sec-ch-ua": "\"Chromium\";v=\"146\", \"Not-A.Brand\";v=\"24\", \"Brave\";v=\"146\"",
        "sec-ch-ua-mobile": "?0",
        "x-idempotency-key": "3a03d446-72d9-4f3c-9ce1-8d9e67a3574f",
        "user-agent": "Mozilla/5.0 (Windows NT 10.0; Win64; x64) AppleWebKit/537.36 (KHTML, like Gecko) Chrome/146.0.0.0 Safari/537.36",
        "accept": "application/json, text/plain, */*",
        "content-type": "application/json",
        "sec-gpc": "1",
        "accept-language": "es-ES,es;q=0.7",
        "origin": "http://localhost:4200",
        "sec-fetch-site": "same-site",
        "sec-fetch-mode": "cors",
        "sec-fetch-dest": "empty",
        "referer": "http://localhost:4200/",
        "accept-encoding": "gzip, deflate, br, zstd",
        "if-none-match": "W/\"7f-3CRx1hlyRBeu3BDeq+SWjtdFFWs\""
      },
      "remoteAddress": "::1",
      "remotePort": 51620
    }
    [35mcorrelationId[39m: "ui_gov_1774553314756"
    [35mres[39m: {
      "statusCode": 200,
      "headers": {
        "x-powered-by": "Express",
        "access-control-allow-origin": "*",
        "access-control-allow-credentials": "true",
        "x-correlation-id": "ui_gov_1774553314756",
        "content-type": "application/json; charset=utf-8",
        "content-length": "127",
        "etag": "W/\"7f-toEEwzQYsa/KmIpBpMLggkSfCWQ\""
      }
    }
    [35mresponseTime[39m: 62
[12:28:35.162] [32mINFO[39m (6280): [36mrequest completed[39m
    [35mreq[39m: {
      "id": 15,
      "method": "GET",
      "url": "/api/test-oscar",
      "query": {},
      "params": {
        "path": [
          "test-oscar"
        ]
      },
      "headers": {
        "host": "localhost:3333",
        "connection": "keep-alive",
        "sec-ch-ua-platform": "\"Windows\"",
        "authorization": "Bearer eyJhbGciOiJIUzI1NiIsInR5cCI6IkpXVCJ9.eyJzdWIiOiIwMDAwLTAwMDAtMDAwMCIsImVtYWlsIjoic3VwZXJhZG1pbi1mYWxsYmFja0BxdWV0emFsdGljLmxvY2FsIiwicm9sZSI6IkFETUlOIiwiZXhwIjoxNzc0NjM0NDY4fQ.71bAuAgGefR9QsBusckXe9vf3-u3p2xGEvGAP2evfwo",
        "user-agent": "Mozilla/5.0 (Windows NT 10.0; Win64; x64) AppleWebKit/537.36 (KHTML, like Gecko) Chrome/146.0.0.0 Safari/537.36",
        "accept": "application/json, text/plain, */*",
        "sec-ch-ua": "\"Chromium\";v=\"146\", \"Not-A.Brand\";v=\"24\", \"Brave\";v=\"146\"",
        "sec-ch-ua-mobile": "?0",
        "sec-gpc": "1",
        "accept-language": "es-ES,es;q=0.7",
        "origin": "http://localhost:4200",
        "sec-fetch-site": "same-site",
        "sec-fetch-mode": "cors",
        "sec-fetch-dest": "empty",
        "referer": "http://localhost:4200/",
        "accept-encoding": "gzip, deflate, br, zstd",
        "if-none-match": "W/\"c56c-ospRVxvLpcq4vZnlJfdjSFLPJkA\""
      },
      "remoteAddress": "::1",
      "remotePort": 51620
    }
    [35mcorrelationId[39m: "f970b3ef-77d0-4a26-8821-9c066e3809a5"
    [35mres[39m: {
      "statusCode": 200,
      "headers": {
        "x-powered-by": "Express",
        "access-control-allow-origin": "*",
        "access-control-allow-credentials": "true",
        "x-correlation-id": "f970b3ef-77d0-4a26-8821-9c066e3809a5",
        "content-type": "application/json; charset=utf-8",
        "content-length": "50540",
        "etag": "W/\"c56c-sZ1oJkD8z8LbT1mtpnT1mjdn/jA\""
      }
    }
    [35mresponseTime[39m: 196
[DEBUG] JWT Payload: {"sub":"0000-0000-0000","email":"superadmin-fallback@quetzaltic.local","role":"ADMIN","exp":1774634468}
[DEBUG] Authenticated Actor: superadmin-fallback@quetzaltic.local
[12:28:36.599] [33mWARN[39m (6280): [36mGuardian rejected query: UPDATE [oscar_prueba] SET [sn_Activo] = 1 WHERE [id_Empresa] = 1 AND [id_Sucursal] = 3 AND [id_Almacen] = 1[39m
    [35mreq[39m: {
      "id": 16,
      "method": "POST",
      "url": "/api/operations/execute",
      "query": {},
      "params": {
        "path": [
          "operations",
          "execute"
        ]
      },
      "headers": {
        "host": "localhost:3333",
        "connection": "keep-alive",
        "content-length": "152",
        "sec-ch-ua-platform": "\"Windows\"",
        "authorization": "Bearer eyJhbGciOiJIUzI1NiIsInR5cCI6IkpXVCJ9.eyJzdWIiOiIwMDAwLTAwMDAtMDAwMCIsImVtYWlsIjoic3VwZXJhZG1pbi1mYWxsYmFja0BxdWV0emFsdGljLmxvY2FsIiwicm9sZSI6IkFETUlOIiwiZXhwIjoxNzc0NjM0NDY4fQ.71bAuAgGefR9QsBusckXe9vf3-u3p2xGEvGAP2evfwo",
        "x-correlation-id": "playground_1774553316105",
        "sec-ch-ua": "\"Chromium\";v=\"146\", \"Not-A.Brand\";v=\"24\", \"Brave\";v=\"146\"",
        "sec-ch-ua-mobile": "?0",
        "x-idempotency-key": "test_1774553316105",
        "user-agent": "Mozilla/5.0 (Windows NT 10.0; Win64; x64) AppleWebKit/537.36 (KHTML, like Gecko) Chrome/146.0.0.0 Safari/537.36",
        "accept": "application/json, text/plain, */*",
        "content-type": "application/json",
        "sec-gpc": "1",
        "accept-language": "es-ES,es;q=0.7",
        "origin": "http://localhost:4200",
        "sec-fetch-site": "same-site",
        "sec-fetch-mode": "cors",
        "sec-fetch-dest": "empty",
        "referer": "http://localhost:4200/",
        "accept-encoding": "gzip, deflate, br, zstd"
      },
      "remoteAddress": "::1",
      "remotePort": 51620
    }
    [35mcorrelationId[39m: "playground_1774553316105"
    [35mcontext[39m: "TransactionOrchestratorService"
[12:28:36.955] [31mERROR[39m (6280): [36m[playground_1774553316105] POST /api/operations/execute - Status: 500 - Error: "Internal Server Error"[39m
    [35mreq[39m: {
      "id": 16,
      "method": "POST",
      "url": "/api/operations/execute",
      "query": {},
      "params": {
        "path": [
          "operations",
          "execute"
        ]
      },
      "headers": {
        "host": "localhost:3333",
        "connection": "keep-alive",
        "content-length": "152",
        "sec-ch-ua-platform": "\"Windows\"",
        "authorization": "Bearer eyJhbGciOiJIUzI1NiIsInR5cCI6IkpXVCJ9.eyJzdWIiOiIwMDAwLTAwMDAtMDAwMCIsImVtYWlsIjoic3VwZXJhZG1pbi1mYWxsYmFja0BxdWV0emFsdGljLmxvY2FsIiwicm9sZSI6IkFETUlOIiwiZXhwIjoxNzc0NjM0NDY4fQ.71bAuAgGefR9QsBusckXe9vf3-u3p2xGEvGAP2evfwo",
        "x-correlation-id": "playground_1774553316105",
        "sec-ch-ua": "\"Chromium\";v=\"146\", \"Not-A.Brand\";v=\"24\", \"Brave\";v=\"146\"",
        "sec-ch-ua-mobile": "?0",
        "x-idempotency-key": "test_1774553316105",
        "user-agent": "Mozilla/5.0 (Windows NT 10.0; Win64; x64) AppleWebKit/537.36 (KHTML, like Gecko) Chrome/146.0.0.0 Safari/537.36",
        "accept": "application/json, text/plain, */*",
        "content-type": "application/json",
        "sec-gpc": "1",
        "accept-language": "es-ES,es;q=0.7",
        "origin": "http://localhost:4200",
        "sec-fetch-site": "same-site",
        "sec-fetch-mode": "cors",
        "sec-fetch-dest": "empty",
        "referer": "http://localhost:4200/",
        "accept-encoding": "gzip, deflate, br, zstd"
      },
      "remoteAddress": "::1",
      "remotePort": 51620
    }
    [35mcorrelationId[39m: "playground_1774553316105"
    [35mcontext[39m: "GlobalExceptionFilter"
[12:28:36.956] [32mINFO[39m (6280): [36mrequest errored[39m
    [35mreq[39m: {
      "id": 16,
      "method": "POST",
      "url": "/api/operations/execute",
      "query": {},
      "params": {
        "path": [
          "operations",
          "execute"
        ]
      },
      "headers": {
        "host": "localhost:3333",
        "connection": "keep-alive",
        "content-length": "152",
        "sec-ch-ua-platform": "\"Windows\"",
        "authorization": "Bearer eyJhbGciOiJIUzI1NiIsInR5cCI6IkpXVCJ9.eyJzdWIiOiIwMDAwLTAwMDAtMDAwMCIsImVtYWlsIjoic3VwZXJhZG1pbi1mYWxsYmFja0BxdWV0emFsdGljLmxvY2FsIiwicm9sZSI6IkFETUlOIiwiZXhwIjoxNzc0NjM0NDY4fQ.71bAuAgGefR9QsBusckXe9vf3-u3p2xGEvGAP2evfwo",
        "x-correlation-id": "playground_1774553316105",
        "sec-ch-ua": "\"Chromium\";v=\"146\", \"Not-A.Brand\";v=\"24\", \"Brave\";v=\"146\"",
        "sec-ch-ua-mobile": "?0",
        "x-idempotency-key": "test_1774553316105",
        "user-agent": "Mozilla/5.0 (Windows NT 10.0; Win64; x64) AppleWebKit/537.36 (KHTML, like Gecko) Chrome/146.0.0.0 Safari/537.36",
        "accept": "application/json, text/plain, */*",
        "content-type": "application/json",
        "sec-gpc": "1",
        "accept-language": "es-ES,es;q=0.7",
        "origin": "http://localhost:4200",
        "sec-fetch-site": "same-site",
        "sec-fetch-mode": "cors",
        "sec-fetch-dest": "empty",
        "referer": "http://localhost:4200/",
        "accept-encoding": "gzip, deflate, br, zstd"
      },
      "remoteAddress": "::1",
      "remotePort": 51620
    }
    [35mcorrelationId[39m: "playground_1774553316105"
    [35mres[39m: {
      "statusCode": 500,
      "headers": {
        "x-powered-by": "Express",
        "access-control-allow-origin": "*",
        "access-control-allow-credentials": "true",
        "x-correlation-id": "playground_1774553316105",
        "content-type": "application/json; charset=utf-8",
        "content-length": "163",
        "etag": "W/\"a3-oIFJNyR2rKzidPjnvQ4GdyDk0G8\""
      }
    }
    [35mresponseTime[39m: 844
    err: {
      "type": "Error",
      "message": "failed with status code 500",
      "stack":
          Error: failed with status code 500
              at onResFinished (C:\dev\soporte\quetzaltic\node_modules\pino-http\logger.js:115:39)
              at ServerResponse.onResponseComplete (C:\dev\soporte\quetzaltic\node_modules\pino-http\logger.js:178:14)
              at ServerResponse.emit (node:events:520:35)
              at onFinish (node:_http_outgoing:1026:10)
              at callback (node:internal/streams/writable:764:21)
              at afterWrite (node:internal/streams/writable:708:5)
              at afterWriteTick (node:internal/streams/writable:694:10)
              at processTicksAndRejections (node:internal/process/task_queues:88:21)
    }
[DEBUG] JWT Payload: {"sub":"0000-0000-0000","email":"superadmin-fallback@quetzaltic.local","role":"ADMIN","exp":1774634468}
[DEBUG] Authenticated Actor: superadmin-fallback@quetzaltic.local
[12:28:39.835] [32mINFO[39m (6280): [36mrequest completed[39m
    [35mreq[39m: {
      "id": 17,
      "method": "GET",
      "url": "/api/governance/lockdown/status",
      "query": {},
      "params": {
        "path": [
          "governance",
          "lockdown",
          "status"
        ]
      },
      "headers": {
        "host": "localhost:3333",
        "connection": "keep-alive",
        "x-actor": "superadmin-fallback@quetzaltic.local",
        "sec-ch-ua-platform": "\"Windows\"",
        "authorization": "Bearer eyJhbGciOiJIUzI1NiIsInR5cCI6IkpXVCJ9.eyJzdWIiOiIwMDAwLTAwMDAtMDAwMCIsImVtYWlsIjoic3VwZXJhZG1pbi1mYWxsYmFja0BxdWV0emFsdGljLmxvY2FsIiwicm9sZSI6IkFETUlOIiwiZXhwIjoxNzc0NjM0NDY4fQ.71bAuAgGefR9QsBusckXe9vf3-u3p2xGEvGAP2evfwo",
        "x-correlation-id": "ui_gov_1774553319759",
        "sec-ch-ua": "\"Chromium\";v=\"146\", \"Not-A.Brand\";v=\"24\", \"Brave\";v=\"146\"",
        "sec-ch-ua-mobile": "?0",
        "x-idempotency-key": "2d4d2aec-1411-41ca-8d68-b8222c6ff46d",
        "user-agent": "Mozilla/5.0 (Windows NT 10.0; Win64; x64) AppleWebKit/537.36 (KHTML, like Gecko) Chrome/146.0.0.0 Safari/537.36",
        "accept": "application/json, text/plain, */*",
        "content-type": "application/json",
        "sec-gpc": "1",
        "accept-language": "es-ES,es;q=0.7",
        "origin": "http://localhost:4200",
        "sec-fetch-site": "same-site",
        "sec-fetch-mode": "cors",
        "sec-fetch-dest": "empty",
        "referer": "http://localhost:4200/",
        "accept-encoding": "gzip, deflate, br, zstd",
        "if-none-match": "W/\"7f-toEEwzQYsa/KmIpBpMLggkSfCWQ\""
      },
      "remoteAddress": "::1",
      "remotePort": 51620
    }
    [35mcorrelationId[39m: "ui_gov_1774553319759"
    [35mres[39m: {
      "statusCode": 200,
      "headers": {
        "x-powered-by": "Express",
        "access-control-allow-origin": "*",
        "access-control-allow-credentials": "true",
        "x-correlation-id": "ui_gov_1774553319759",
        "content-type": "application/json; charset=utf-8",
        "content-length": "127",
        "etag": "W/\"7f-s+DEqElxSwG8wcAcvKQP7m1w0wM\""
      }
    }
    [35mresponseTime[39m: 63
[DEBUG] JWT Payload: {"sub":"0000-0000-0000","email":"superadmin-fallback@quetzaltic.local","role":"ADMIN","exp":1774634468}
[DEBUG] Authenticated Actor: superadmin-fallback@quetzaltic.local
[DEBUG] JWT Payload: {"sub":"0000-0000-0000","email":"superadmin-fallback@quetzaltic.local","role":"ADMIN","exp":1774634468}
[DEBUG] Authenticated Actor: superadmin-fallback@quetzaltic.local
[DEBUG] JWT Payload: {"sub":"0000-0000-0000","email":"superadmin-fallback@quetzaltic.local","role":"ADMIN","exp":1774634468}
[DEBUG] Authenticated Actor: superadmin-fallback@quetzaltic.local
[DEBUG] JWT Payload: {"sub":"0000-0000-0000","email":"superadmin-fallback@quetzaltic.local","role":"ADMIN","exp":1774634468}
[DEBUG] Authenticated Actor: superadmin-fallback@quetzaltic.local
[DEBUG] JWT Payload: {"sub":"0000-0000-0000","email":"superadmin-fallback@quetzaltic.local","role":"ADMIN","exp":1774634468}
[DEBUG] Authenticated Actor: superadmin-fallback@quetzaltic.local
[12:28:42.527] [32mINFO[39m (6280): [36mrequest completed[39m
    [35mreq[39m: {
      "id": 18,
      "method": "GET",
      "url": "/api/users",
      "query": {},
      "params": {
        "path": [
          "users"
        ]
      },
      "headers": {
        "host": "localhost:3333",
        "connection": "keep-alive",
        "x-actor": "superadmin-fallback@quetzaltic.local",
        "sec-ch-ua-platform": "\"Windows\"",
        "authorization": "Bearer eyJhbGciOiJIUzI1NiIsInR5cCI6IkpXVCJ9.eyJzdWIiOiIwMDAwLTAwMDAtMDAwMCIsImVtYWlsIjoic3VwZXJhZG1pbi1mYWxsYmFja0BxdWV0emFsdGljLmxvY2FsIiwicm9sZSI6IkFETUlOIiwiZXhwIjoxNzc0NjM0NDY4fQ.71bAuAgGefR9QsBusckXe9vf3-u3p2xGEvGAP2evfwo",
        "x-correlation-id": "ui_gov_1774553322334",
        "sec-ch-ua": "\"Chromium\";v=\"146\", \"Not-A.Brand\";v=\"24\", \"Brave\";v=\"146\"",
        "sec-ch-ua-mobile": "?0",
        "x-idempotency-key": "6eb8fb07-0e21-4161-a4db-775eb3864442",
        "user-agent": "Mozilla/5.0 (Windows NT 10.0; Win64; x64) AppleWebKit/537.36 (KHTML, like Gecko) Chrome/146.0.0.0 Safari/537.36",
        "accept": "application/json, text/plain, */*",
        "content-type": "application/json",
        "sec-gpc": "1",
        "accept-language": "es-ES,es;q=0.7",
        "origin": "http://localhost:4200",
        "sec-fetch-site": "same-site",
        "sec-fetch-mode": "cors",
        "sec-fetch-dest": "empty",
        "referer": "http://localhost:4200/",
        "accept-encoding": "gzip, deflate, br, zstd",
        "if-none-match": "W/\"579-qbgAXWkyjdpD94Jy2h1FjTaFDgM\""
      },
      "remoteAddress": "::1",
      "remotePort": 51620
    }
    [35mcorrelationId[39m: "ui_gov_1774553322334"
    [35mres[39m: {
      "statusCode": 200,
      "headers": {
        "x-powered-by": "Express",
        "access-control-allow-origin": "*",
        "access-control-allow-credentials": "true",
        "x-correlation-id": "ui_gov_1774553322334",
        "content-type": "application/json; charset=utf-8",
        "content-length": "1401",
        "etag": "W/\"579-502oaJvHK1puMiRO2If9Y7GNFCU\""
      }
    }
    [35mresponseTime[39m: 150
[12:28:42.868] [32mINFO[39m (6280): [36mrequest completed[39m
    [35mreq[39m: {
      "id": 21,
      "method": "GET",
      "url": "/api/governance/whitelist",
      "query": {},
      "params": {
        "path": [
          "governance",
          "whitelist"
        ]
      },
      "headers": {
        "host": "localhost:3333",
        "connection": "keep-alive",
        "x-actor": "superadmin-fallback@quetzaltic.local",
        "sec-ch-ua-platform": "\"Windows\"",
        "authorization": "Bearer eyJhbGciOiJIUzI1NiIsInR5cCI6IkpXVCJ9.eyJzdWIiOiIwMDAwLTAwMDAtMDAwMCIsImVtYWlsIjoic3VwZXJhZG1pbi1mYWxsYmFja0BxdWV0emFsdGljLmxvY2FsIiwicm9sZSI6IkFETUlOIiwiZXhwIjoxNzc0NjM0NDY4fQ.71bAuAgGefR9QsBusckXe9vf3-u3p2xGEvGAP2evfwo",
        "x-correlation-id": "ui_gov_1774553322338",
        "sec-ch-ua": "\"Chromium\";v=\"146\", \"Not-A.Brand\";v=\"24\", \"Brave\";v=\"146\"",
        "sec-ch-ua-mobile": "?0",
        "x-idempotency-key": "3aa47adf-c847-4f11-93dc-7c1e795c46fc",
        "user-agent": "Mozilla/5.0 (Windows NT 10.0; Win64; x64) AppleWebKit/537.36 (KHTML, like Gecko) Chrome/146.0.0.0 Safari/537.36",
        "accept": "application/json, text/plain, */*",
        "content-type": "application/json",
        "sec-gpc": "1",
        "accept-language": "es-ES,es;q=0.7",
        "origin": "http://localhost:4200",
        "sec-fetch-site": "same-site",
        "sec-fetch-mode": "cors",
        "sec-fetch-dest": "empty",
        "referer": "http://localhost:4200/",
        "accept-encoding": "gzip, deflate, br, zstd",
        "if-none-match": "W/\"319-2IFDN5MGlz5kUESmeODbd5Asc7Q\""
      },
      "remoteAddress": "::1",
      "remotePort": 53319
    }
    [35mcorrelationId[39m: "ui_gov_1774553322338"
    [35mres[39m: {
      "statusCode": 200,
      "headers": {
        "x-powered-by": "Express",
        "access-control-allow-origin": "*",
        "access-control-allow-credentials": "true",
        "x-correlation-id": "ui_gov_1774553322338",
        "content-type": "application/json; charset=utf-8",
        "content-length": "793",
        "etag": "W/\"319-1pVh11pmTyXJ2baWxZz3OyAxGCI\""
      }
    }
    [35mresponseTime[39m: 432
[12:28:42.894] [32mINFO[39m (6280): [36mrequest completed[39m
    [35mreq[39m: {
      "id": 19,
      "method": "GET",
      "url": "/api/governance/lockdown/status",
      "query": {},
      "params": {
        "path": [
          "governance",
          "lockdown",
          "status"
        ]
      },
      "headers": {
        "host": "localhost:3333",
        "connection": "keep-alive",
        "x-actor": "superadmin-fallback@quetzaltic.local",
        "sec-ch-ua-platform": "\"Windows\"",
        "authorization": "Bearer eyJhbGciOiJIUzI1NiIsInR5cCI6IkpXVCJ9.eyJzdWIiOiIwMDAwLTAwMDAtMDAwMCIsImVtYWlsIjoic3VwZXJhZG1pbi1mYWxsYmFja0BxdWV0emFsdGljLmxvY2FsIiwicm9sZSI6IkFETUlOIiwiZXhwIjoxNzc0NjM0NDY4fQ.71bAuAgGefR9QsBusckXe9vf3-u3p2xGEvGAP2evfwo",
        "x-correlation-id": "ui_gov_1774553322340",
        "sec-ch-ua": "\"Chromium\";v=\"146\", \"Not-A.Brand\";v=\"24\", \"Brave\";v=\"146\"",
        "sec-ch-ua-mobile": "?0",
        "x-idempotency-key": "c977082f-d7f7-4acc-b359-4d50032fb8aa",
        "user-agent": "Mozilla/5.0 (Windows NT 10.0; Win64; x64) AppleWebKit/537.36 (KHTML, like Gecko) Chrome/146.0.0.0 Safari/537.36",
        "accept": "application/json, text/plain, */*",
        "content-type": "application/json",
        "sec-gpc": "1",
        "accept-language": "es-ES,es;q=0.7",
        "origin": "http://localhost:4200",
        "sec-fetch-site": "same-site",
        "sec-fetch-mode": "cors",
        "sec-fetch-dest": "empty",
        "referer": "http://localhost:4200/",
        "accept-encoding": "gzip, deflate, br, zstd",
        "if-none-match": "W/\"7f-s+DEqElxSwG8wcAcvKQP7m1w0wM\""
      },
      "remoteAddress": "::1",
      "remotePort": 62572
    }
    [35mcorrelationId[39m: "ui_gov_1774553322340"
    [35mres[39m: {
      "statusCode": 200,
      "headers": {
        "x-powered-by": "Express",
        "access-control-allow-origin": "*",
        "access-control-allow-credentials": "true",
        "x-correlation-id": "ui_gov_1774553322340",
        "content-type": "application/json; charset=utf-8",
        "content-length": "127",
        "etag": "W/\"7f-l74gTp/LDt8i5v9HyoMUa/W2hio\""
      }
    }
    [35mresponseTime[39m: 472
[12:28:42.914] [32mINFO[39m (6280): [36mrequest completed[39m
    [35mreq[39m: {
      "id": 22,
      "method": "GET",
      "url": "/api/governance/stats",
      "query": {},
      "params": {
        "path": [
          "governance",
          "stats"
        ]
      },
      "headers": {
        "host": "localhost:3333",
        "connection": "keep-alive",
        "x-actor": "superadmin-fallback@quetzaltic.local",
        "sec-ch-ua-platform": "\"Windows\"",
        "authorization": "Bearer eyJhbGciOiJIUzI1NiIsInR5cCI6IkpXVCJ9.eyJzdWIiOiIwMDAwLTAwMDAtMDAwMCIsImVtYWlsIjoic3VwZXJhZG1pbi1mYWxsYmFja0BxdWV0emFsdGljLmxvY2FsIiwicm9sZSI6IkFETUlOIiwiZXhwIjoxNzc0NjM0NDY4fQ.71bAuAgGefR9QsBusckXe9vf3-u3p2xGEvGAP2evfwo",
        "x-correlation-id": "ui_gov_1774553322344",
        "sec-ch-ua": "\"Chromium\";v=\"146\", \"Not-A.Brand\";v=\"24\", \"Brave\";v=\"146\"",
        "sec-ch-ua-mobile": "?0",
        "x-idempotency-key": "9f7a1d9f-5a38-498f-9384-849363bed5bf",
        "user-agent": "Mozilla/5.0 (Windows NT 10.0; Win64; x64) AppleWebKit/537.36 (KHTML, like Gecko) Chrome/146.0.0.0 Safari/537.36",
        "accept": "application/json, text/plain, */*",
        "content-type": "application/json",
        "sec-gpc": "1",
        "accept-language": "es-ES,es;q=0.7",
        "origin": "http://localhost:4200",
        "sec-fetch-site": "same-site",
        "sec-fetch-mode": "cors",
        "sec-fetch-dest": "empty",
        "referer": "http://localhost:4200/",
        "accept-encoding": "gzip, deflate, br, zstd",
        "if-none-match": "W/\"c4-cRWpi0k/k/lZWtLRuAS/LBbe9Z4\""
      },
      "remoteAddress": "::1",
      "remotePort": 60496
    }
    [35mcorrelationId[39m: "ui_gov_1774553322344"
    [35mres[39m: {
      "statusCode": 200,
      "headers": {
        "x-powered-by": "Express",
        "access-control-allow-origin": "*",
        "access-control-allow-credentials": "true",
        "x-correlation-id": "ui_gov_1774553322344",
        "content-type": "application/json; charset=utf-8",
        "content-length": "196",
        "etag": "W/\"c4-1l+aeWVSmwp3e/XtEfEtH5D17ww\""
      }
    }
    [35mresponseTime[39m: 476
[DEBUG] JWT Payload: {"sub":"0000-0000-0000","email":"superadmin-fallback@quetzaltic.local","role":"ADMIN","exp":1774634468}
[DEBUG] Authenticated Actor: superadmin-fallback@quetzaltic.local
[12:28:43.008] [32mINFO[39m (6280): [36mrequest completed[39m
    [35mreq[39m: {
      "id": 23,
      "method": "GET",
      "url": "/api/governance/stats",
      "query": {},
      "params": {
        "path": [
          "governance",
          "stats"
        ]
      },
      "headers": {
        "host": "localhost:3333",
        "connection": "keep-alive",
        "x-actor": "superadmin-fallback@quetzaltic.local",
        "sec-ch-ua-platform": "\"Windows\"",
        "authorization": "Bearer eyJhbGciOiJIUzI1NiIsInR5cCI6IkpXVCJ9.eyJzdWIiOiIwMDAwLTAwMDAtMDAwMCIsImVtYWlsIjoic3VwZXJhZG1pbi1mYWxsYmFja0BxdWV0emFsdGljLmxvY2FsIiwicm9sZSI6IkFETUlOIiwiZXhwIjoxNzc0NjM0NDY4fQ.71bAuAgGefR9QsBusckXe9vf3-u3p2xGEvGAP2evfwo",
        "x-correlation-id": "ui_gov_1774553322342",
        "sec-ch-ua": "\"Chromium\";v=\"146\", \"Not-A.Brand\";v=\"24\", \"Brave\";v=\"146\"",
        "sec-ch-ua-mobile": "?0",
        "x-idempotency-key": "d01d7003-6a92-48ad-9e01-bb4a7b1a98eb",
        "user-agent": "Mozilla/5.0 (Windows NT 10.0; Win64; x64) AppleWebKit/537.36 (KHTML, like Gecko) Chrome/146.0.0.0 Safari/537.36",
        "accept": "application/json, text/plain, */*",
        "content-type": "application/json",
        "sec-gpc": "1",
        "accept-language": "es-ES,es;q=0.7",
        "origin": "http://localhost:4200",
        "sec-fetch-site": "same-site",
        "sec-fetch-mode": "cors",
        "sec-fetch-dest": "empty",
        "referer": "http://localhost:4200/",
        "accept-encoding": "gzip, deflate, br, zstd",
        "if-none-match": "W/\"c4-1l+aeWVSmwp3e/XtEfEtH5D17ww\""
      },
      "remoteAddress": "::1",
      "remotePort": 60496
    }
    [35mcorrelationId[39m: "ui_gov_1774553322342"
    [35mres[39m: {
      "statusCode": 200,
      "headers": {
        "x-powered-by": "Express",
        "access-control-allow-origin": "*",
        "access-control-allow-credentials": "true",
        "x-correlation-id": "ui_gov_1774553322342",
        "content-type": "application/json; charset=utf-8",
        "content-length": "196",
        "etag": "W/\"c4-oJHvi1mWJ7si5vZL5mIVEwTDRtw\""
      }
    }
    [35mresponseTime[39m: 79
[DEBUG] JWT Payload: {"sub":"0000-0000-0000","email":"superadmin-fallback@quetzaltic.local","role":"ADMIN","exp":1774634468}
[DEBUG] Authenticated Actor: superadmin-fallback@quetzaltic.local
[12:28:43.105] [32mINFO[39m (6280): [36mrequest completed[39m
    [35mreq[39m: {
      "id": 24,
      "method": "GET",
      "url": "/api/governance/stats",
      "query": {},
      "params": {
        "path": [
          "governance",
          "stats"
        ]
      },
      "headers": {
        "host": "localhost:3333",
        "connection": "keep-alive",
        "x-actor": "superadmin-fallback@quetzaltic.local",
        "sec-ch-ua-platform": "\"Windows\"",
        "authorization": "Bearer eyJhbGciOiJIUzI1NiIsInR5cCI6IkpXVCJ9.eyJzdWIiOiIwMDAwLTAwMDAtMDAwMCIsImVtYWlsIjoic3VwZXJhZG1pbi1mYWxsYmFja0BxdWV0emFsdGljLmxvY2FsIiwicm9sZSI6IkFETUlOIiwiZXhwIjoxNzc0NjM0NDY4fQ.71bAuAgGefR9QsBusckXe9vf3-u3p2xGEvGAP2evfwo",
        "x-correlation-id": "ui_gov_1774553322347",
        "sec-ch-ua": "\"Chromium\";v=\"146\", \"Not-A.Brand\";v=\"24\", \"Brave\";v=\"146\"",
        "sec-ch-ua-mobile": "?0",
        "x-idempotency-key": "e5710434-65ee-445a-b554-77de00da824c",
        "user-agent": "Mozilla/5.0 (Windows NT 10.0; Win64; x64) AppleWebKit/537.36 (KHTML, like Gecko) Chrome/146.0.0.0 Safari/537.36",
        "accept": "application/json, text/plain, */*",
        "content-type": "application/json",
        "sec-gpc": "1",
        "accept-language": "es-ES,es;q=0.7",
        "origin": "http://localhost:4200",
        "sec-fetch-site": "same-site",
        "sec-fetch-mode": "cors",
        "sec-fetch-dest": "empty",
        "referer": "http://localhost:4200/",
        "accept-encoding": "gzip, deflate, br, zstd",
        "if-none-match": "W/\"c4-oJHvi1mWJ7si5vZL5mIVEwTDRtw\""
      },
      "remoteAddress": "::1",
      "remotePort": 60496
    }
    [35mcorrelationId[39m: "ui_gov_1774553322347"
    [35mres[39m: {
      "statusCode": 200,
      "headers": {
        "x-powered-by": "Express",
        "access-control-allow-origin": "*",
        "access-control-allow-credentials": "true",
        "x-correlation-id": "ui_gov_1774553322347",
        "content-type": "application/json; charset=utf-8",
        "content-length": "196",
        "etag": "W/\"c4-B/iJgMNfwRPwLqvFKkOzd8gSHTk\""
      }
    }
    [35mresponseTime[39m: 81
[12:28:43.907] [32mINFO[39m (6280): [36mrequest completed[39m
    [35mreq[39m: {
      "id": 20,
      "method": "GET",
      "url": "/api/governance/audit-logs?ticketId=&actor=&tableName=&correlationId=&startDate=&endDate=&page=1&limit=8&includeSnapshots=true&grouped=true",
      "query": {
        "ticketId": "",
        "actor": "",
        "tableName": "",
        "correlationId": "",
        "startDate": "",
        "endDate": "",
        "page": "1",
        "limit": "8",
        "includeSnapshots": "true",
        "grouped": "true"
      },
      "params": {
        "path": [
          "governance",
          "audit-logs"
        ]
      },
      "headers": {
        "host": "localhost:3333",
        "connection": "keep-alive",
        "x-actor": "superadmin-fallback@quetzaltic.local",
        "sec-ch-ua-platform": "\"Windows\"",
        "authorization": "Bearer eyJhbGciOiJIUzI1NiIsInR5cCI6IkpXVCJ9.eyJzdWIiOiIwMDAwLTAwMDAtMDAwMCIsImVtYWlsIjoic3VwZXJhZG1pbi1mYWxsYmFja0BxdWV0emFsdGljLmxvY2FsIiwicm9sZSI6IkFETUlOIiwiZXhwIjoxNzc0NjM0NDY4fQ.71bAuAgGefR9QsBusckXe9vf3-u3p2xGEvGAP2evfwo",
        "x-correlation-id": "ui_gov_1774553322336",
        "sec-ch-ua": "\"Chromium\";v=\"146\", \"Not-A.Brand\";v=\"24\", \"Brave\";v=\"146\"",
        "sec-ch-ua-mobile": "?0",
        "x-idempotency-key": "299f95bb-6d46-4c6e-947c-c4946eb45fd0",
        "user-agent": "Mozilla/5.0 (Windows NT 10.0; Win64; x64) AppleWebKit/537.36 (KHTML, like Gecko) Chrome/146.0.0.0 Safari/537.36",
        "accept": "application/json, text/plain, */*",
        "content-type": "application/json",
        "sec-gpc": "1",
        "accept-language": "es-ES,es;q=0.7",
        "origin": "http://localhost:4200",
        "sec-fetch-site": "same-site",
        "sec-fetch-mode": "cors",
        "sec-fetch-dest": "empty",
        "referer": "http://localhost:4200/",
        "accept-encoding": "gzip, deflate, br, zstd",
        "if-none-match": "W/\"139962-7cGWei2B8NbbHqh+lJEdwJ7xHkg\""
      },
      "remoteAddress": "::1",
      "remotePort": 51675
    }
    [35mcorrelationId[39m: "ui_gov_1774553322336"
    [35mres[39m: {
      "statusCode": 200,
      "headers": {
        "x-powered-by": "Express",
        "access-control-allow-origin": "*",
        "access-control-allow-credentials": "true",
        "x-correlation-id": "ui_gov_1774553322336",
        "content-type": "application/json; charset=utf-8",
        "content-length": "1284450",
        "etag": "W/\"139962-r9rgqNoQWojqwxzhOCuZI8u/nZ0\""
      }
    }
    [35mresponseTime[39m: 1479
[12:28:44.487] [32mINFO[39m (6280): [36mrequest completed[39m
    [35mreq[39m: {
      "id": 25,
      "method": "GET",
      "url": "/api/test-oscar",
      "query": {},
      "params": {
        "path": [
          "test-oscar"
        ]
      },
      "headers": {
        "host": "localhost:3333",
        "connection": "keep-alive",
        "sec-ch-ua-platform": "\"Windows\"",
        "authorization": "Bearer eyJhbGciOiJIUzI1NiIsInR5cCI6IkpXVCJ9.eyJzdWIiOiIwMDAwLTAwMDAtMDAwMCIsImVtYWlsIjoic3VwZXJhZG1pbi1mYWxsYmFja0BxdWV0emFsdGljLmxvY2FsIiwicm9sZSI6IkFETUlOIiwiZXhwIjoxNzc0NjM0NDY4fQ.71bAuAgGefR9QsBusckXe9vf3-u3p2xGEvGAP2evfwo",
        "user-agent": "Mozilla/5.0 (Windows NT 10.0; Win64; x64) AppleWebKit/537.36 (KHTML, like Gecko) Chrome/146.0.0.0 Safari/537.36",
        "accept": "application/json, text/plain, */*",
        "sec-ch-ua": "\"Chromium\";v=\"146\", \"Not-A.Brand\";v=\"24\", \"Brave\";v=\"146\"",
        "sec-ch-ua-mobile": "?0",
        "sec-gpc": "1",
        "accept-language": "es-ES,es;q=0.7",
        "origin": "http://localhost:4200",
        "sec-fetch-site": "same-site",
        "sec-fetch-mode": "cors",
        "sec-fetch-dest": "empty",
        "referer": "http://localhost:4200/",
        "accept-encoding": "gzip, deflate, br, zstd",
        "if-none-match": "W/\"c56c-sZ1oJkD8z8LbT1mtpnT1mjdn/jA\""
      },
      "remoteAddress": "::1",
      "remotePort": 51675
    }
    [35mcorrelationId[39m: "37042e1a-a212-4517-bc18-f1fef1e5ae76"
    [35mres[39m: {
      "statusCode": 200,
      "headers": {
        "x-powered-by": "Express",
        "access-control-allow-origin": "*",
        "access-control-allow-credentials": "true",
        "x-correlation-id": "37042e1a-a212-4517-bc18-f1fef1e5ae76",
        "content-type": "application/json; charset=utf-8",
        "content-length": "50540",
        "etag": "W/\"c56c-cMExSqywH1qpOkVsk4V5GiW0wVU\""
      }
    }
    [35mresponseTime[39m: 193
[DEBUG] JWT Payload: {"sub":"0000-0000-0000","email":"superadmin-fallback@quetzaltic.local","role":"ADMIN","exp":1774634468}
[DEBUG] Authenticated Actor: superadmin-fallback@quetzaltic.local
[12:28:44.826] [32mINFO[39m (6280): [36mrequest completed[39m
    [35mreq[39m: {
      "id": 26,
      "method": "GET",
      "url": "/api/governance/lockdown/status",
      "query": {},
      "params": {
        "path": [
          "governance",
          "lockdown",
          "status"
        ]
      },
      "headers": {
        "host": "localhost:3333",
        "connection": "keep-alive",
        "x-actor": "superadmin-fallback@quetzaltic.local",
        "sec-ch-ua-platform": "\"Windows\"",
        "authorization": "Bearer eyJhbGciOiJIUzI1NiIsInR5cCI6IkpXVCJ9.eyJzdWIiOiIwMDAwLTAwMDAtMDAwMCIsImVtYWlsIjoic3VwZXJhZG1pbi1mYWxsYmFja0BxdWV0emFsdGljLmxvY2FsIiwicm9sZSI6IkFETUlOIiwiZXhwIjoxNzc0NjM0NDY4fQ.71bAuAgGefR9QsBusckXe9vf3-u3p2xGEvGAP2evfwo",
        "x-correlation-id": "ui_gov_1774553324757",
        "sec-ch-ua": "\"Chromium\";v=\"146\", \"Not-A.Brand\";v=\"24\", \"Brave\";v=\"146\"",
        "sec-ch-ua-mobile": "?0",
        "x-idempotency-key": "d569d64f-9391-4d39-908c-4860a70bd834",
        "user-agent": "Mozilla/5.0 (Windows NT 10.0; Win64; x64) AppleWebKit/537.36 (KHTML, like Gecko) Chrome/146.0.0.0 Safari/537.36",
        "accept": "application/json, text/plain, */*",
        "content-type": "application/json",
        "sec-gpc": "1",
        "accept-language": "es-ES,es;q=0.7",
        "origin": "http://localhost:4200",
        "sec-fetch-site": "same-site",
        "sec-fetch-mode": "cors",
        "sec-fetch-dest": "empty",
        "referer": "http://localhost:4200/",
        "accept-encoding": "gzip, deflate, br, zstd",
        "if-none-match": "W/\"7f-l74gTp/LDt8i5v9HyoMUa/W2hio\""
      },
      "remoteAddress": "::1",
      "remotePort": 51675
    }
    [35mcorrelationId[39m: "ui_gov_1774553324757"
    [35mres[39m: {
      "statusCode": 200,
      "headers": {
        "x-powered-by": "Express",
        "access-control-allow-origin": "*",
        "access-control-allow-credentials": "true",
        "x-correlation-id": "ui_gov_1774553324757",
        "content-type": "application/json; charset=utf-8",
        "content-length": "127",
        "etag": "W/\"7f-8B3Mfo4AOh+cG2j/op0Mzpv6IyM\""
      }
    }
    [35mresponseTime[39m: 59
[DEBUG] JWT Payload: {"sub":"323eac7b-615e-4bb2-b4da-1327cd63a13b","email":"oscar","role":"OPERATOR","exp":1774634503}
[DEBUG] Authenticated Actor: oscar
[12:28:47.847] [32mINFO[39m (6280): [36mrequest completed[39m
    [35mreq[39m: {
      "id": 27,
      "method": "GET",
      "url": "/api/governance/lockdown/status",
      "query": {},
      "params": {
        "path": [
          "governance",
          "lockdown",
          "status"
        ]
      },
      "headers": {
        "host": "localhost:3333",
        "connection": "keep-alive",
        "x-actor": "oscar",
        "sec-ch-ua-platform": "\"Windows\"",
        "authorization": "Bearer eyJhbGciOiJIUzI1NiIsInR5cCI6IkpXVCJ9.eyJzdWIiOiIzMjNlYWM3Yi02MTVlLTRiYjItYjRkYS0xMzI3Y2Q2M2ExM2IiLCJlbWFpbCI6Im9zY2FyIiwicm9sZSI6Ik9QRVJBVE9SIiwiZXhwIjoxNzc0NjM0NTAzfQ.J7klEKAA3C-Tm9Gl19iwGBgwv3ylSn9-YLxh_vQ7hXE",
        "x-correlation-id": "ui_gov_1774553327725",
        "sec-ch-ua": "\"Chromium\";v=\"146\", \"Not-A.Brand\";v=\"24\", \"Brave\";v=\"146\"",
        "sec-ch-ua-mobile": "?0",
        "x-idempotency-key": "8173a22e-694a-4bd9-8bd3-549f77e87ab7",
        "user-agent": "Mozilla/5.0 (Windows NT 10.0; Win64; x64) AppleWebKit/537.36 (KHTML, like Gecko) Chrome/146.0.0.0 Safari/537.36",
        "accept": "application/json, text/plain, */*",
        "content-type": "application/json",
        "sec-gpc": "1",
        "accept-language": "es-ES,es;q=0.7",
        "origin": "http://localhost:4200",
        "sec-fetch-site": "same-site",
        "sec-fetch-mode": "cors",
        "sec-fetch-dest": "empty",
        "referer": "http://localhost:4200/",
        "accept-encoding": "gzip, deflate, br, zstd",
        "if-none-match": "W/\"7f-8B3Mfo4AOh+cG2j/op0Mzpv6IyM\""
      },
      "remoteAddress": "::1",
      "remotePort": 51675
    }
    [35mcorrelationId[39m: "ui_gov_1774553327725"
    [35mres[39m: {
      "statusCode": 200,
      "headers": {
        "x-powered-by": "Express",
        "access-control-allow-origin": "*",
        "access-control-allow-credentials": "true",
        "x-correlation-id": "ui_gov_1774553327725",
        "content-type": "application/json; charset=utf-8",
        "content-length": "127",
        "etag": "W/\"7f-NqDMOTIPZDKoxts50qlSb8wqfq8\""
      }
    }
    [35mresponseTime[39m: 65
[DEBUG] JWT Payload: {"sub":"0000-0000-0000","email":"superadmin-fallback@quetzaltic.local","role":"ADMIN","exp":1774634468}
[DEBUG] Authenticated Actor: superadmin-fallback@quetzaltic.local
[12:28:49.826] [32mINFO[39m (6280): [36mrequest completed[39m
    [35mreq[39m: {
      "id": 28,
      "method": "GET",
      "url": "/api/governance/lockdown/status",
      "query": {},
      "params": {
        "path": [
          "governance",
          "lockdown",
          "status"
        ]
      },
      "headers": {
        "host": "localhost:3333",
        "connection": "keep-alive",
        "x-actor": "superadmin-fallback@quetzaltic.local",
        "sec-ch-ua-platform": "\"Windows\"",
        "authorization": "Bearer eyJhbGciOiJIUzI1NiIsInR5cCI6IkpXVCJ9.eyJzdWIiOiIwMDAwLTAwMDAtMDAwMCIsImVtYWlsIjoic3VwZXJhZG1pbi1mYWxsYmFja0BxdWV0emFsdGljLmxvY2FsIiwicm9sZSI6IkFETUlOIiwiZXhwIjoxNzc0NjM0NDY4fQ.71bAuAgGefR9QsBusckXe9vf3-u3p2xGEvGAP2evfwo",
        "x-correlation-id": "ui_gov_1774553329752",
        "sec-ch-ua": "\"Chromium\";v=\"146\", \"Not-A.Brand\";v=\"24\", \"Brave\";v=\"146\"",
        "sec-ch-ua-mobile": "?0",
        "x-idempotency-key": "c569e751-6d65-4802-ba9e-37910fe66e6e",
        "user-agent": "Mozilla/5.0 (Windows NT 10.0; Win64; x64) AppleWebKit/537.36 (KHTML, like Gecko) Chrome/146.0.0.0 Safari/537.36",
        "accept": "application/json, text/plain, */*",
        "content-type": "application/json",
        "sec-gpc": "1",
        "accept-language": "es-ES,es;q=0.7",
        "origin": "http://localhost:4200",
        "sec-fetch-site": "same-site",
        "sec-fetch-mode": "cors",
        "sec-fetch-dest": "empty",
        "referer": "http://localhost:4200/",
        "accept-encoding": "gzip, deflate, br, zstd",
        "if-none-match": "W/\"7f-NqDMOTIPZDKoxts50qlSb8wqfq8\""
      },
      "remoteAddress": "::1",
      "remotePort": 51675
    }
    [35mcorrelationId[39m: "ui_gov_1774553329752"
    [35mres[39m: {
      "statusCode": 200,
      "headers": {
        "x-powered-by": "Express",
        "access-control-allow-origin": "*",
        "access-control-allow-credentials": "true",
        "x-correlation-id": "ui_gov_1774553329752",
        "content-type": "application/json; charset=utf-8",
        "content-length": "127",
        "etag": "W/\"7f-QI7sdb7mw8OIJMF4uGIqIHPk5ec\""
      }
    }
    [35mresponseTime[39m: 64
[DEBUG] JWT Payload: {"sub":"0000-0000-0000","email":"superadmin-fallback@quetzaltic.local","role":"ADMIN","exp":1774634468}
[DEBUG] Authenticated Actor: superadmin-fallback@quetzaltic.local
[DEBUG] JWT Payload: {"sub":"0000-0000-0000","email":"superadmin-fallback@quetzaltic.local","role":"ADMIN","exp":1774634468}
[DEBUG] Authenticated Actor: superadmin-fallback@quetzaltic.local
[12:29:01.845] [32mINFO[39m (6280): [36mrequest completed[39m
    [35mreq[39m: {
      "id": 30,
      "method": "GET",
      "url": "/api/governance/lockdown/status",
      "query": {},
      "params": {
        "path": [
          "governance",
          "lockdown",
          "status"
        ]
      },
      "headers": {
        "host": "localhost:3333",
        "connection": "keep-alive",
        "x-actor": "superadmin-fallback@quetzaltic.local",
        "sec-ch-ua-platform": "\"Windows\"",
        "authorization": "Bearer eyJhbGciOiJIUzI1NiIsInR5cCI6IkpXVCJ9.eyJzdWIiOiIwMDAwLTAwMDAtMDAwMCIsImVtYWlsIjoic3VwZXJhZG1pbi1mYWxsYmFja0BxdWV0emFsdGljLmxvY2FsIiwicm9sZSI6IkFETUlOIiwiZXhwIjoxNzc0NjM0NDY4fQ.71bAuAgGefR9QsBusckXe9vf3-u3p2xGEvGAP2evfwo",
        "x-correlation-id": "ui_gov_1774553341700",
        "sec-ch-ua": "\"Chromium\";v=\"146\", \"Not-A.Brand\";v=\"24\", \"Brave\";v=\"146\"",
        "sec-ch-ua-mobile": "?0",
        "x-idempotency-key": "7b646b26-aa5e-445c-a4e5-557f11af8c35",
        "user-agent": "Mozilla/5.0 (Windows NT 10.0; Win64; x64) AppleWebKit/537.36 (KHTML, like Gecko) Chrome/146.0.0.0 Safari/537.36",
        "accept": "application/json, text/plain, */*",
        "content-type": "application/json",
        "sec-gpc": "1",
        "accept-language": "es-ES,es;q=0.7",
        "origin": "http://localhost:4200",
        "sec-fetch-site": "same-site",
        "sec-fetch-mode": "cors",
        "sec-fetch-dest": "empty",
        "referer": "http://localhost:4200/",
        "accept-encoding": "gzip, deflate, br, zstd",
        "if-none-match": "W/\"7f-QI7sdb7mw8OIJMF4uGIqIHPk5ec\""
      },
      "remoteAddress": "::1",
      "remotePort": 52897
    }
    [35mcorrelationId[39m: "ui_gov_1774553341700"
    [35mres[39m: {
      "statusCode": 200,
      "headers": {
        "x-powered-by": "Express",
        "access-control-allow-origin": "*",
        "access-control-allow-credentials": "true",
        "x-correlation-id": "ui_gov_1774553341700",
        "content-type": "application/json; charset=utf-8",
        "content-length": "127",
        "etag": "W/\"7f-PZwxhc8JMKVA4lq5hfLZx0hnFE4\""
      }
    }
    [35mresponseTime[39m: 125
[12:29:02.116] [33mWARN[39m (6280): [36mGuardian rejected query: UPDATE [oscar_prueba] SET [nb_Almacen] = 'Combustibles Ligerossss' WHERE [id_Empresa] = 1 AND [id_Sucursal] = 3 AND [id_Almacen] = 1[39m
    [35mreq[39m: {
      "id": 29,
      "method": "POST",
      "url": "/api/operations/execute",
      "query": {},
      "params": {
        "path": [
          "operations",
          "execute"
        ]
      },
      "headers": {
        "host": "localhost:3333",
        "connection": "keep-alive",
        "content-length": "173",
        "sec-ch-ua-platform": "\"Windows\"",
        "authorization": "Bearer eyJhbGciOiJIUzI1NiIsInR5cCI6IkpXVCJ9.eyJzdWIiOiIwMDAwLTAwMDAtMDAwMCIsImVtYWlsIjoic3VwZXJhZG1pbi1mYWxsYmFja0BxdWV0emFsdGljLmxvY2FsIiwicm9sZSI6IkFETUlOIiwiZXhwIjoxNzc0NjM0NDY4fQ.71bAuAgGefR9QsBusckXe9vf3-u3p2xGEvGAP2evfwo",
        "x-correlation-id": "playground_1774553341533",
        "sec-ch-ua": "\"Chromium\";v=\"146\", \"Not-A.Brand\";v=\"24\", \"Brave\";v=\"146\"",
        "sec-ch-ua-mobile": "?0",
        "x-idempotency-key": "test_1774553341533",
        "user-agent": "Mozilla/5.0 (Windows NT 10.0; Win64; x64) AppleWebKit/537.36 (KHTML, like Gecko) Chrome/146.0.0.0 Safari/537.36",
        "accept": "application/json, text/plain, */*",
        "content-type": "application/json",
        "sec-gpc": "1",
        "accept-language": "es-ES,es;q=0.7",
        "origin": "http://localhost:4200",
        "sec-fetch-site": "same-site",
        "sec-fetch-mode": "cors",
        "sec-fetch-dest": "empty",
        "referer": "http://localhost:4200/",
        "accept-encoding": "gzip, deflate, br, zstd"
      },
      "remoteAddress": "::1",
      "remotePort": 64257
    }
    [35mcorrelationId[39m: "playground_1774553341533"
    [35mcontext[39m: "TransactionOrchestratorService"
[12:29:02.469] [31mERROR[39m (6280): [36m[playground_1774553341533] POST /api/operations/execute - Status: 500 - Error: "Internal Server Error"[39m
    [35mreq[39m: {
      "id": 29,
      "method": "POST",
      "url": "/api/operations/execute",
      "query": {},
      "params": {
        "path": [
          "operations",
          "execute"
        ]
      },
      "headers": {
        "host": "localhost:3333",
        "connection": "keep-alive",
        "content-length": "173",
        "sec-ch-ua-platform": "\"Windows\"",
        "authorization": "Bearer eyJhbGciOiJIUzI1NiIsInR5cCI6IkpXVCJ9.eyJzdWIiOiIwMDAwLTAwMDAtMDAwMCIsImVtYWlsIjoic3VwZXJhZG1pbi1mYWxsYmFja0BxdWV0emFsdGljLmxvY2FsIiwicm9sZSI6IkFETUlOIiwiZXhwIjoxNzc0NjM0NDY4fQ.71bAuAgGefR9QsBusckXe9vf3-u3p2xGEvGAP2evfwo",
        "x-correlation-id": "playground_1774553341533",
        "sec-ch-ua": "\"Chromium\";v=\"146\", \"Not-A.Brand\";v=\"24\", \"Brave\";v=\"146\"",
        "sec-ch-ua-mobile": "?0",
        "x-idempotency-key": "test_1774553341533",
        "user-agent": "Mozilla/5.0 (Windows NT 10.0; Win64; x64) AppleWebKit/537.36 (KHTML, like Gecko) Chrome/146.0.0.0 Safari/537.36",
        "accept": "application/json, text/plain, */*",
        "content-type": "application/json",
        "sec-gpc": "1",
        "accept-language": "es-ES,es;q=0.7",
        "origin": "http://localhost:4200",
        "sec-fetch-site": "same-site",
        "sec-fetch-mode": "cors",
        "sec-fetch-dest": "empty",
        "referer": "http://localhost:4200/",
        "accept-encoding": "gzip, deflate, br, zstd"
      },
      "remoteAddress": "::1",
      "remotePort": 64257
    }
    [35mcorrelationId[39m: "playground_1774553341533"
    [35mcontext[39m: "GlobalExceptionFilter"
[12:29:02.472] [32mINFO[39m (6280): [36mrequest errored[39m
    [35mreq[39m: {
      "id": 29,
      "method": "POST",
      "url": "/api/operations/execute",
      "query": {},
      "params": {
        "path": [
          "operations",
          "execute"
        ]
      },
      "headers": {
        "host": "localhost:3333",
        "connection": "keep-alive",
        "content-length": "173",
        "sec-ch-ua-platform": "\"Windows\"",
        "authorization": "Bearer eyJhbGciOiJIUzI1NiIsInR5cCI6IkpXVCJ9.eyJzdWIiOiIwMDAwLTAwMDAtMDAwMCIsImVtYWlsIjoic3VwZXJhZG1pbi1mYWxsYmFja0BxdWV0emFsdGljLmxvY2FsIiwicm9sZSI6IkFETUlOIiwiZXhwIjoxNzc0NjM0NDY4fQ.71bAuAgGefR9QsBusckXe9vf3-u3p2xGEvGAP2evfwo",
        "x-correlation-id": "playground_1774553341533",
        "sec-ch-ua": "\"Chromium\";v=\"146\", \"Not-A.Brand\";v=\"24\", \"Brave\";v=\"146\"",
        "sec-ch-ua-mobile": "?0",
        "x-idempotency-key": "test_1774553341533",
        "user-agent": "Mozilla/5.0 (Windows NT 10.0; Win64; x64) AppleWebKit/537.36 (KHTML, like Gecko) Chrome/146.0.0.0 Safari/537.36",
        "accept": "application/json, text/plain, */*",
        "content-type": "application/json",
        "sec-gpc": "1",
        "accept-language": "es-ES,es;q=0.7",
        "origin": "http://localhost:4200",
        "sec-fetch-site": "same-site",
        "sec-fetch-mode": "cors",
        "sec-fetch-dest": "empty",
        "referer": "http://localhost:4200/",
        "accept-encoding": "gzip, deflate, br, zstd"
      },
      "remoteAddress": "::1",
      "remotePort": 64257
    }
    [35mcorrelationId[39m: "playground_1774553341533"
    [35mres[39m: {
      "statusCode": 500,
      "headers": {
        "x-powered-by": "Express",
        "access-control-allow-origin": "*",
        "access-control-allow-credentials": "true",
        "x-correlation-id": "playground_1774553341533",
        "content-type": "application/json; charset=utf-8",
        "content-length": "163",
        "etag": "W/\"a3-VSKjn3UDPXTEQN5LKWHr/BOUPR0\""
      }
    }
    [35mresponseTime[39m: 880
    err: {
      "type": "Error",
      "message": "failed with status code 500",
      "stack":
          Error: failed with status code 500
              at onResFinished (C:\dev\soporte\quetzaltic\node_modules\pino-http\logger.js:115:39)
              at ServerResponse.onResponseComplete (C:\dev\soporte\quetzaltic\node_modules\pino-http\logger.js:178:14)
              at ServerResponse.emit (node:events:520:35)
              at onFinish (node:_http_outgoing:1026:10)
              at callback (node:internal/streams/writable:764:21)
              at afterWrite (node:internal/streams/writable:708:5)
              at afterWriteTick (node:internal/streams/writable:694:10)
              at processTicksAndRejections (node:internal/process/task_queues:88:21)
    }
[12:29:04.464] [32mINFO[39m (6280): [36mrequest completed[39m
    [35mreq[39m: {
      "id": 31,
      "method": "GET",
      "url": "/api/test-oscar",
      "query": {},
      "params": {
        "path": [
          "test-oscar"
        ]
      },
      "headers": {
        "host": "localhost:3333",
        "connection": "keep-alive",
        "sec-ch-ua-platform": "\"Windows\"",
        "authorization": "Bearer eyJhbGciOiJIUzI1NiIsInR5cCI6IkpXVCJ9.eyJzdWIiOiIwMDAwLTAwMDAtMDAwMCIsImVtYWlsIjoic3VwZXJhZG1pbi1mYWxsYmFja0BxdWV0emFsdGljLmxvY2FsIiwicm9sZSI6IkFETUlOIiwiZXhwIjoxNzc0NjM0NDY4fQ.71bAuAgGefR9QsBusckXe9vf3-u3p2xGEvGAP2evfwo",
        "user-agent": "Mozilla/5.0 (Windows NT 10.0; Win64; x64) AppleWebKit/537.36 (KHTML, like Gecko) Chrome/146.0.0.0 Safari/537.36",
        "accept": "application/json, text/plain, */*",
        "sec-ch-ua": "\"Chromium\";v=\"146\", \"Not-A.Brand\";v=\"24\", \"Brave\";v=\"146\"",
        "sec-ch-ua-mobile": "?0",
        "sec-gpc": "1",
        "accept-language": "es-ES,es;q=0.7",
        "origin": "http://localhost:4200",
        "sec-fetch-site": "same-site",
        "sec-fetch-mode": "cors",
        "sec-fetch-dest": "empty",
        "referer": "http://localhost:4200/",
        "accept-encoding": "gzip, deflate, br, zstd",
        "if-none-match": "W/\"c56c-cMExSqywH1qpOkVsk4V5GiW0wVU\""
      },
      "remoteAddress": "::1",
      "remotePort": 64257
    }
    [35mcorrelationId[39m: "24858ff6-0c54-4194-a93c-12bb0a302e17"
    [35mres[39m: {
      "statusCode": 200,
      "headers": {
        "x-powered-by": "Express",
        "access-control-allow-origin": "*",
        "access-control-allow-credentials": "true",
        "x-correlation-id": "24858ff6-0c54-4194-a93c-12bb0a302e17",
        "content-type": "application/json; charset=utf-8",
        "content-length": "50540",
        "etag": "W/\"c56c-L7YTpqYNJ1DPfWpKkkEePsucLdw\""
      }
    }
    [35mresponseTime[39m: 182
[DEBUG] JWT Payload: {"sub":"0000-0000-0000","email":"superadmin-fallback@quetzaltic.local","role":"ADMIN","exp":1774634468}
[DEBUG] Authenticated Actor: superadmin-fallback@quetzaltic.local
[12:29:04.815] [32mINFO[39m (6280): [36mrequest completed[39m
    [35mreq[39m: {
      "id": 32,
      "method": "GET",
      "url": "/api/governance/lockdown/status",
      "query": {},
      "params": {
        "path": [
          "governance",
          "lockdown",
          "status"
        ]
      },
      "headers": {
        "host": "localhost:3333",
        "connection": "keep-alive",
        "x-actor": "superadmin-fallback@quetzaltic.local",
        "sec-ch-ua-platform": "\"Windows\"",
        "authorization": "Bearer eyJhbGciOiJIUzI1NiIsInR5cCI6IkpXVCJ9.eyJzdWIiOiIwMDAwLTAwMDAtMDAwMCIsImVtYWlsIjoic3VwZXJhZG1pbi1mYWxsYmFja0BxdWV0emFsdGljLmxvY2FsIiwicm9sZSI6IkFETUlOIiwiZXhwIjoxNzc0NjM0NDY4fQ.71bAuAgGefR9QsBusckXe9vf3-u3p2xGEvGAP2evfwo",
        "x-correlation-id": "ui_gov_1774553344753",
        "sec-ch-ua": "\"Chromium\";v=\"146\", \"Not-A.Brand\";v=\"24\", \"Brave\";v=\"146\"",
        "sec-ch-ua-mobile": "?0",
        "x-idempotency-key": "50f52620-1c5d-4716-8db6-29a94ce0568c",
        "user-agent": "Mozilla/5.0 (Windows NT 10.0; Win64; x64) AppleWebKit/537.36 (KHTML, like Gecko) Chrome/146.0.0.0 Safari/537.36",
        "accept": "application/json, text/plain, */*",
        "content-type": "application/json",
        "sec-gpc": "1",
        "accept-language": "es-ES,es;q=0.7",
        "origin": "http://localhost:4200",
        "sec-fetch-site": "same-site",
        "sec-fetch-mode": "cors",
        "sec-fetch-dest": "empty",
        "referer": "http://localhost:4200/",
        "accept-encoding": "gzip, deflate, br, zstd",
        "if-none-match": "W/\"7f-PZwxhc8JMKVA4lq5hfLZx0hnFE4\""
      },
      "remoteAddress": "::1",
      "remotePort": 64257
    }
    [35mcorrelationId[39m: "ui_gov_1774553344753"
    [35mres[39m: {
      "statusCode": 200,
      "headers": {
        "x-powered-by": "Express",
        "access-control-allow-origin": "*",
        "access-control-allow-credentials": "true",
        "x-correlation-id": "ui_gov_1774553344753",
        "content-type": "application/json; charset=utf-8",
        "content-length": "127",
        "etag": "W/\"7f-sNzDaiEk+YddLi0WTUvJHkmuC9Q\""
      }
    }
    [35mresponseTime[39m: 57
[DEBUG] JWT Payload: {"sub":"0000-0000-0000","email":"superadmin-fallback@quetzaltic.local","role":"ADMIN","exp":1774634468}
[DEBUG] Authenticated Actor: superadmin-fallback@quetzaltic.local
[12:29:10.164] [32mINFO[39m (6280): [36mrequest completed[39m
    [35mreq[39m: {
      "id": 33,
      "method": "GET",
      "url": "/api/governance/lockdown/status",
      "query": {},
      "params": {
        "path": [
          "governance",
          "lockdown",
          "status"
        ]
      },
      "headers": {
        "host": "localhost:3333",
        "connection": "keep-alive",
        "x-actor": "superadmin-fallback@quetzaltic.local",
        "sec-ch-ua-platform": "\"Windows\"",
        "authorization": "Bearer eyJhbGciOiJIUzI1NiIsInR5cCI6IkpXVCJ9.eyJzdWIiOiIwMDAwLTAwMDAtMDAwMCIsImVtYWlsIjoic3VwZXJhZG1pbi1mYWxsYmFja0BxdWV0emFsdGljLmxvY2FsIiwicm9sZSI6IkFETUlOIiwiZXhwIjoxNzc0NjM0NDY4fQ.71bAuAgGefR9QsBusckXe9vf3-u3p2xGEvGAP2evfwo",
        "x-correlation-id": "ui_gov_1774553349757",
        "sec-ch-ua": "\"Chromium\";v=\"146\", \"Not-A.Brand\";v=\"24\", \"Brave\";v=\"146\"",
        "sec-ch-ua-mobile": "?0",
        "x-idempotency-key": "71adcd31-b7c3-484f-98be-a527cdd1e508",
        "user-agent": "Mozilla/5.0 (Windows NT 10.0; Win64; x64) AppleWebKit/537.36 (KHTML, like Gecko) Chrome/146.0.0.0 Safari/537.36",
        "accept": "application/json, text/plain, */*",
        "content-type": "application/json",
        "sec-gpc": "1",
        "accept-language": "es-ES,es;q=0.7",
        "origin": "http://localhost:4200",
        "sec-fetch-site": "same-site",
        "sec-fetch-mode": "cors",
        "sec-fetch-dest": "empty",
        "referer": "http://localhost:4200/",
        "accept-encoding": "gzip, deflate, br, zstd",
        "if-none-match": "W/\"7f-sNzDaiEk+YddLi0WTUvJHkmuC9Q\""
      },
      "remoteAddress": "::1",
      "remotePort": 64257
    }
    [35mcorrelationId[39m: "ui_gov_1774553349757"
    [35mres[39m: {
      "statusCode": 200,
      "headers": {
        "x-powered-by": "Express",
        "access-control-allow-origin": "*",
        "access-control-allow-credentials": "true",
        "x-correlation-id": "ui_gov_1774553349757",
        "content-type": "application/json; charset=utf-8",
        "content-length": "127",
        "etag": "W/\"7f-oPtfrh6rOLHc7xtDcBrcz2XdYdo\""
      }
    }
    [35mresponseTime[39m: 59
[DEBUG] JWT Payload: {"sub":"0000-0000-0000","email":"superadmin-fallback@quetzaltic.local","role":"ADMIN","exp":1774634468}
[DEBUG] Authenticated Actor: superadmin-fallback@quetzaltic.local
[12:29:12.487] [32mINFO[39m (6280): [36mrequest completed[39m
    [35mreq[39m: {
      "id": 34,
      "method": "GET",
      "url": "/api/governance/stats",
      "query": {},
      "params": {
        "path": [
          "governance",
          "stats"
        ]
      },
      "headers": {
        "host": "localhost:3333",
        "connection": "keep-alive",
        "x-actor": "superadmin-fallback@quetzaltic.local",
        "sec-ch-ua-platform": "\"Windows\"",
        "authorization": "Bearer eyJhbGciOiJIUzI1NiIsInR5cCI6IkpXVCJ9.eyJzdWIiOiIwMDAwLTAwMDAtMDAwMCIsImVtYWlsIjoic3VwZXJhZG1pbi1mYWxsYmFja0BxdWV0emFsdGljLmxvY2FsIiwicm9sZSI6IkFETUlOIiwiZXhwIjoxNzc0NjM0NDY4fQ.71bAuAgGefR9QsBusckXe9vf3-u3p2xGEvGAP2evfwo",
        "x-correlation-id": "ui_gov_1774553352353",
        "sec-ch-ua": "\"Chromium\";v=\"146\", \"Not-A.Brand\";v=\"24\", \"Brave\";v=\"146\"",
        "sec-ch-ua-mobile": "?0",
        "x-idempotency-key": "5685cedd-ca5c-41bd-9d33-8c08de256caf",
        "user-agent": "Mozilla/5.0 (Windows NT 10.0; Win64; x64) AppleWebKit/537.36 (KHTML, like Gecko) Chrome/146.0.0.0 Safari/537.36",
        "accept": "application/json, text/plain, */*",
        "content-type": "application/json",
        "sec-gpc": "1",
        "accept-language": "es-ES,es;q=0.7",
        "origin": "http://localhost:4200",
        "sec-fetch-site": "same-site",
        "sec-fetch-mode": "cors",
        "sec-fetch-dest": "empty",
        "referer": "http://localhost:4200/",
        "accept-encoding": "gzip, deflate, br, zstd",
        "if-none-match": "W/\"c4-B/iJgMNfwRPwLqvFKkOzd8gSHTk\""
      },
      "remoteAddress": "::1",
      "remotePort": 64257
    }
    [35mcorrelationId[39m: "ui_gov_1774553352353"
    [35mres[39m: {
      "statusCode": 200,
      "headers": {
        "x-powered-by": "Express",
        "access-control-allow-origin": "*",
        "access-control-allow-credentials": "true",
        "x-correlation-id": "ui_gov_1774553352353",
        "content-type": "application/json; charset=utf-8",
        "content-length": "196",
        "etag": "W/\"c4-brT2UXUBpy2i+Dx0g/Ei73Pfgdo\""
      }
    }
    [35mresponseTime[39m: 127
[12:29:14.466] [32mINFO[39m (6280): [36mrequest completed[39m
    [35mreq[39m: {
      "id": 35,
      "method": "GET",
      "url": "/api/test-oscar",
      "query": {},
      "params": {
        "path": [
          "test-oscar"
        ]
      },
      "headers": {
        "host": "localhost:3333",
        "connection": "keep-alive",
        "sec-ch-ua-platform": "\"Windows\"",
        "authorization": "Bearer eyJhbGciOiJIUzI1NiIsInR5cCI6IkpXVCJ9.eyJzdWIiOiIwMDAwLTAwMDAtMDAwMCIsImVtYWlsIjoic3VwZXJhZG1pbi1mYWxsYmFja0BxdWV0emFsdGljLmxvY2FsIiwicm9sZSI6IkFETUlOIiwiZXhwIjoxNzc0NjM0NDY4fQ.71bAuAgGefR9QsBusckXe9vf3-u3p2xGEvGAP2evfwo",
        "user-agent": "Mozilla/5.0 (Windows NT 10.0; Win64; x64) AppleWebKit/537.36 (KHTML, like Gecko) Chrome/146.0.0.0 Safari/537.36",
        "accept": "application/json, text/plain, */*",
        "sec-ch-ua": "\"Chromium\";v=\"146\", \"Not-A.Brand\";v=\"24\", \"Brave\";v=\"146\"",
        "sec-ch-ua-mobile": "?0",
        "sec-gpc": "1",
        "accept-language": "es-ES,es;q=0.7",
        "origin": "http://localhost:4200",
        "sec-fetch-site": "same-site",
        "sec-fetch-mode": "cors",
        "sec-fetch-dest": "empty",
        "referer": "http://localhost:4200/",
        "accept-encoding": "gzip, deflate, br, zstd",
        "if-none-match": "W/\"c56c-L7YTpqYNJ1DPfWpKkkEePsucLdw\""
      },
      "remoteAddress": "::1",
      "remotePort": 64257
    }
    [35mcorrelationId[39m: "7515d5f3-0410-4ab9-b0d7-231d8aaa710f"
    [35mres[39m: {
      "statusCode": 200,
      "headers": {
        "x-powered-by": "Express",
        "access-control-allow-origin": "*",
        "access-control-allow-credentials": "true",
        "x-correlation-id": "7515d5f3-0410-4ab9-b0d7-231d8aaa710f",
        "content-type": "application/json; charset=utf-8",
        "content-length": "50540",
        "etag": "W/\"c56c-kmr3XVQyx4yQZIbcOtDtSm8PHC0\""
      }
    }
    [35mresponseTime[39m: 180
[DEBUG] JWT Payload: {"sub":"0000-0000-0000","email":"superadmin-fallback@quetzaltic.local","role":"ADMIN","exp":1774634468}
[DEBUG] Authenticated Actor: superadmin-fallback@quetzaltic.local
[12:29:14.830] [32mINFO[39m (6280): [36mrequest completed[39m
    [35mreq[39m: {
      "id": 36,
      "method": "GET",
      "url": "/api/governance/lockdown/status",
      "query": {},
      "params": {
        "path": [
          "governance",
          "lockdown",
          "status"
        ]
      },
      "headers": {
        "host": "localhost:3333",
        "connection": "keep-alive",
        "x-actor": "superadmin-fallback@quetzaltic.local",
        "sec-ch-ua-platform": "\"Windows\"",
        "authorization": "Bearer eyJhbGciOiJIUzI1NiIsInR5cCI6IkpXVCJ9.eyJzdWIiOiIwMDAwLTAwMDAtMDAwMCIsImVtYWlsIjoic3VwZXJhZG1pbi1mYWxsYmFja0BxdWV0emFsdGljLmxvY2FsIiwicm9sZSI6IkFETUlOIiwiZXhwIjoxNzc0NjM0NDY4fQ.71bAuAgGefR9QsBusckXe9vf3-u3p2xGEvGAP2evfwo",
        "x-correlation-id": "ui_gov_1774553354761",
        "sec-ch-ua": "\"Chromium\";v=\"146\", \"Not-A.Brand\";v=\"24\", \"Brave\";v=\"146\"",
        "sec-ch-ua-mobile": "?0",
        "x-idempotency-key": "c492b52e-709a-49cf-938d-b87539f1be83",
        "user-agent": "Mozilla/5.0 (Windows NT 10.0; Win64; x64) AppleWebKit/537.36 (KHTML, like Gecko) Chrome/146.0.0.0 Safari/537.36",
        "accept": "application/json, text/plain, */*",
        "content-type": "application/json",
        "sec-gpc": "1",
        "accept-language": "es-ES,es;q=0.7",
        "origin": "http://localhost:4200",
        "sec-fetch-site": "same-site",
        "sec-fetch-mode": "cors",
        "sec-fetch-dest": "empty",
        "referer": "http://localhost:4200/",
        "accept-encoding": "gzip, deflate, br, zstd",
        "if-none-match": "W/\"7f-oPtfrh6rOLHc7xtDcBrcz2XdYdo\""
      },
      "remoteAddress": "::1",
      "remotePort": 64257
    }
    [35mcorrelationId[39m: "ui_gov_1774553354761"
    [35mres[39m: {
      "statusCode": 200,
      "headers": {
        "x-powered-by": "Express",
        "access-control-allow-origin": "*",
        "access-control-allow-credentials": "true",
        "x-correlation-id": "ui_gov_1774553354761",
        "content-type": "application/json; charset=utf-8",
        "content-length": "127",
        "etag": "W/\"7f-Y325b4BkAckpFcuAh9pzZVO0WDs\""
      }
    }
    [35mresponseTime[39m: 65
[DEBUG] JWT Payload: {"sub":"0000-0000-0000","email":"superadmin-fallback@quetzaltic.local","role":"ADMIN","exp":1774634468}
[DEBUG] Authenticated Actor: superadmin-fallback@quetzaltic.local
[12:29:19.838] [32mINFO[39m (6280): [36mrequest completed[39m
    [35mreq[39m: {
      "id": 37,
      "method": "GET",
      "url": "/api/governance/lockdown/status",
      "query": {},
      "params": {
        "path": [
          "governance",
          "lockdown",
          "status"
        ]
      },
      "headers": {
        "host": "localhost:3333",
        "connection": "keep-alive",
        "x-actor": "superadmin-fallback@quetzaltic.local",
        "sec-ch-ua-platform": "\"Windows\"",
        "authorization": "Bearer eyJhbGciOiJIUzI1NiIsInR5cCI6IkpXVCJ9.eyJzdWIiOiIwMDAwLTAwMDAtMDAwMCIsImVtYWlsIjoic3VwZXJhZG1pbi1mYWxsYmFja0BxdWV0emFsdGljLmxvY2FsIiwicm9sZSI6IkFETUlOIiwiZXhwIjoxNzc0NjM0NDY4fQ.71bAuAgGefR9QsBusckXe9vf3-u3p2xGEvGAP2evfwo",
        "x-correlation-id": "ui_gov_1774553359765",
        "sec-ch-ua": "\"Chromium\";v=\"146\", \"Not-A.Brand\";v=\"24\", \"Brave\";v=\"146\"",
        "sec-ch-ua-mobile": "?0",
        "x-idempotency-key": "979e597c-645d-4513-b52d-b8205c432c0b",
        "user-agent": "Mozilla/5.0 (Windows NT 10.0; Win64; x64) AppleWebKit/537.36 (KHTML, like Gecko) Chrome/146.0.0.0 Safari/537.36",
        "accept": "application/json, text/plain, */*",
        "content-type": "application/json",
        "sec-gpc": "1",
        "accept-language": "es-ES,es;q=0.7",
        "origin": "http://localhost:4200",
        "sec-fetch-site": "same-site",
        "sec-fetch-mode": "cors",
        "sec-fetch-dest": "empty",
        "referer": "http://localhost:4200/",
        "accept-encoding": "gzip, deflate, br, zstd",
        "if-none-match": "W/\"7f-Y325b4BkAckpFcuAh9pzZVO0WDs\""
      },
      "remoteAddress": "::1",
      "remotePort": 64257
    }
    [35mcorrelationId[39m: "ui_gov_1774553359765"
    [35mres[39m: {
      "statusCode": 200,
      "headers": {
        "x-powered-by": "Express",
        "access-control-allow-origin": "*",
        "access-control-allow-credentials": "true",
        "x-correlation-id": "ui_gov_1774553359765",
        "content-type": "application/json; charset=utf-8",
        "content-length": "127",
        "etag": "W/\"7f-UOLxJ/0tChmjtNOq5t59aF+hObY\""
      }
    }
    [35mresponseTime[39m: 67
[12:29:24.470] [32mINFO[39m (6280): [36mrequest completed[39m
    [35mreq[39m: {
      "id": 38,
      "method": "GET",
      "url": "/api/test-oscar",
      "query": {},
      "params": {
        "path": [
          "test-oscar"
        ]
      },
      "headers": {
        "host": "localhost:3333",
        "connection": "keep-alive",
        "sec-ch-ua-platform": "\"Windows\"",
        "authorization": "Bearer eyJhbGciOiJIUzI1NiIsInR5cCI6IkpXVCJ9.eyJzdWIiOiIwMDAwLTAwMDAtMDAwMCIsImVtYWlsIjoic3VwZXJhZG1pbi1mYWxsYmFja0BxdWV0emFsdGljLmxvY2FsIiwicm9sZSI6IkFETUlOIiwiZXhwIjoxNzc0NjM0NDY4fQ.71bAuAgGefR9QsBusckXe9vf3-u3p2xGEvGAP2evfwo",
        "user-agent": "Mozilla/5.0 (Windows NT 10.0; Win64; x64) AppleWebKit/537.36 (KHTML, like Gecko) Chrome/146.0.0.0 Safari/537.36",
        "accept": "application/json, text/plain, */*",
        "sec-ch-ua": "\"Chromium\";v=\"146\", \"Not-A.Brand\";v=\"24\", \"Brave\";v=\"146\"",
        "sec-ch-ua-mobile": "?0",
        "sec-gpc": "1",
        "accept-language": "es-ES,es;q=0.7",
        "origin": "http://localhost:4200",
        "sec-fetch-site": "same-site",
        "sec-fetch-mode": "cors",
        "sec-fetch-dest": "empty",
        "referer": "http://localhost:4200/",
        "accept-encoding": "gzip, deflate, br, zstd",
        "if-none-match": "W/\"c56c-kmr3XVQyx4yQZIbcOtDtSm8PHC0\""
      },
      "remoteAddress": "::1",
      "remotePort": 64257
    }
    [35mcorrelationId[39m: "1c4c56b0-88e8-4c02-a7ed-126564019558"
    [35mres[39m: {
      "statusCode": 200,
      "headers": {
        "x-powered-by": "Express",
        "access-control-allow-origin": "*",
        "access-control-allow-credentials": "true",
        "x-correlation-id": "1c4c56b0-88e8-4c02-a7ed-126564019558",
        "content-type": "application/json; charset=utf-8",
        "content-length": "50540",
        "etag": "W/\"c56c-LonWn1B/SlH+zRm3+aRHV/mhYmk\""
      }
    }
    [35mresponseTime[39m: 182
[DEBUG] JWT Payload: {"sub":"0000-0000-0000","email":"superadmin-fallback@quetzaltic.local","role":"ADMIN","exp":1774634468}
[DEBUG] Authenticated Actor: superadmin-fallback@quetzaltic.local
[12:29:24.828] [32mINFO[39m (6280): [36mrequest completed[39m
    [35mreq[39m: {
      "id": 39,
      "method": "GET",
      "url": "/api/governance/lockdown/status",
      "query": {},
      "params": {
        "path": [
          "governance",
          "lockdown",
          "status"
        ]
      },
      "headers": {
        "host": "localhost:3333",
        "connection": "keep-alive",
        "x-actor": "superadmin-fallback@quetzaltic.local",
        "sec-ch-ua-platform": "\"Windows\"",
        "authorization": "Bearer eyJhbGciOiJIUzI1NiIsInR5cCI6IkpXVCJ9.eyJzdWIiOiIwMDAwLTAwMDAtMDAwMCIsImVtYWlsIjoic3VwZXJhZG1pbi1mYWxsYmFja0BxdWV0emFsdGljLmxvY2FsIiwicm9sZSI6IkFETUlOIiwiZXhwIjoxNzc0NjM0NDY4fQ.71bAuAgGefR9QsBusckXe9vf3-u3p2xGEvGAP2evfwo",
        "x-correlation-id": "ui_gov_1774553364766",
        "sec-ch-ua": "\"Chromium\";v=\"146\", \"Not-A.Brand\";v=\"24\", \"Brave\";v=\"146\"",
        "sec-ch-ua-mobile": "?0",
        "x-idempotency-key": "3eadc2ea-d7fb-4116-acb3-06d4eeeba8ce",
        "user-agent": "Mozilla/5.0 (Windows NT 10.0; Win64; x64) AppleWebKit/537.36 (KHTML, like Gecko) Chrome/146.0.0.0 Safari/537.36",
        "accept": "application/json, text/plain, */*",
        "content-type": "application/json",
        "sec-gpc": "1",
        "accept-language": "es-ES,es;q=0.7",
        "origin": "http://localhost:4200",
        "sec-fetch-site": "same-site",
        "sec-fetch-mode": "cors",
        "sec-fetch-dest": "empty",
        "referer": "http://localhost:4200/",
        "accept-encoding": "gzip, deflate, br, zstd",
        "if-none-match": "W/\"7f-UOLxJ/0tChmjtNOq5t59aF+hObY\""
      },
      "remoteAddress": "::1",
      "remotePort": 64257
    }
    [35mcorrelationId[39m: "ui_gov_1774553364766"
    [35mres[39m: {
      "statusCode": 200,
      "headers": {
        "x-powered-by": "Express",
        "access-control-allow-origin": "*",
        "access-control-allow-credentials": "true",
        "x-correlation-id": "ui_gov_1774553364766",
        "content-type": "application/json; charset=utf-8",
        "content-length": "127",
        "etag": "W/\"7f-/Z79nI5n77dKoFurUrjR2lSyR/8\""
      }
    }
    [35mresponseTime[39m: 59
[DEBUG] JWT Payload: {"sub":"0000-0000-0000","email":"superadmin-fallback@quetzaltic.local","role":"ADMIN","exp":1774634468}
[DEBUG] Authenticated Actor: superadmin-fallback@quetzaltic.local
[12:29:29.885] [32mINFO[39m (6280): [36mrequest completed[39m
    [35mreq[39m: {
      "id": 40,
      "method": "GET",
      "url": "/api/governance/lockdown/status",
      "query": {},
      "params": {
        "path": [
          "governance",
          "lockdown",
          "status"
        ]
      },
      "headers": {
        "host": "localhost:3333",
        "connection": "keep-alive",
        "x-actor": "superadmin-fallback@quetzaltic.local",
        "sec-ch-ua-platform": "\"Windows\"",
        "authorization": "Bearer eyJhbGciOiJIUzI1NiIsInR5cCI6IkpXVCJ9.eyJzdWIiOiIwMDAwLTAwMDAtMDAwMCIsImVtYWlsIjoic3VwZXJhZG1pbi1mYWxsYmFja0BxdWV0emFsdGljLmxvY2FsIiwicm9sZSI6IkFETUlOIiwiZXhwIjoxNzc0NjM0NDY4fQ.71bAuAgGefR9QsBusckXe9vf3-u3p2xGEvGAP2evfwo",
        "x-correlation-id": "ui_gov_1774553369760",
        "sec-ch-ua": "\"Chromium\";v=\"146\", \"Not-A.Brand\";v=\"24\", \"Brave\";v=\"146\"",
        "sec-ch-ua-mobile": "?0",
        "x-idempotency-key": "5b6324ae-91f6-4f1d-989a-439cc041b83f",
        "user-agent": "Mozilla/5.0 (Windows NT 10.0; Win64; x64) AppleWebKit/537.36 (KHTML, like Gecko) Chrome/146.0.0.0 Safari/537.36",
        "accept": "application/json, text/plain, */*",
        "content-type": "application/json",
        "sec-gpc": "1",
        "accept-language": "es-ES,es;q=0.7",
        "origin": "http://localhost:4200",
        "sec-fetch-site": "same-site",
        "sec-fetch-mode": "cors",
        "sec-fetch-dest": "empty",
        "referer": "http://localhost:4200/",
        "accept-encoding": "gzip, deflate, br, zstd",
        "if-none-match": "W/\"7f-/Z79nI5n77dKoFurUrjR2lSyR/8\""
      },
      "remoteAddress": "::1",
      "remotePort": 64257
    }
    [35mcorrelationId[39m: "ui_gov_1774553369760"
    [35mres[39m: {
      "statusCode": 200,
      "headers": {
        "x-powered-by": "Express",
        "access-control-allow-origin": "*",
        "access-control-allow-credentials": "true",
        "x-correlation-id": "ui_gov_1774553369760",
        "content-type": "application/json; charset=utf-8",
        "content-length": "127",
        "etag": "W/\"7f-Z7w90YKtzqlX64X9NofrD6m8i0w\""
      }
    }
    [35mresponseTime[39m: 118
[12:29:34.479] [32mINFO[39m (6280): [36mrequest completed[39m
    [35mreq[39m: {
      "id": 41,
      "method": "GET",
      "url": "/api/test-oscar",
      "query": {},
      "params": {
        "path": [
          "test-oscar"
        ]
      },
      "headers": {
        "host": "localhost:3333",
        "connection": "keep-alive",
        "sec-ch-ua-platform": "\"Windows\"",
        "authorization": "Bearer eyJhbGciOiJIUzI1NiIsInR5cCI6IkpXVCJ9.eyJzdWIiOiIwMDAwLTAwMDAtMDAwMCIsImVtYWlsIjoic3VwZXJhZG1pbi1mYWxsYmFja0BxdWV0emFsdGljLmxvY2FsIiwicm9sZSI6IkFETUlOIiwiZXhwIjoxNzc0NjM0NDY4fQ.71bAuAgGefR9QsBusckXe9vf3-u3p2xGEvGAP2evfwo",
        "user-agent": "Mozilla/5.0 (Windows NT 10.0; Win64; x64) AppleWebKit/537.36 (KHTML, like Gecko) Chrome/146.0.0.0 Safari/537.36",
        "accept": "application/json, text/plain, */*",
        "sec-ch-ua": "\"Chromium\";v=\"146\", \"Not-A.Brand\";v=\"24\", \"Brave\";v=\"146\"",
        "sec-ch-ua-mobile": "?0",
        "sec-gpc": "1",
        "accept-language": "es-ES,es;q=0.7",
        "origin": "http://localhost:4200",
        "sec-fetch-site": "same-site",
        "sec-fetch-mode": "cors",
        "sec-fetch-dest": "empty",
        "referer": "http://localhost:4200/",
        "accept-encoding": "gzip, deflate, br, zstd",
        "if-none-match": "W/\"c56c-LonWn1B/SlH+zRm3+aRHV/mhYmk\""
      },
      "remoteAddress": "::1",
      "remotePort": 64257
    }
    [35mcorrelationId[39m: "4b5c07aa-a2c0-4902-9e71-d49821ace626"
    [35mres[39m: {
      "statusCode": 200,
      "headers": {
        "x-powered-by": "Express",
        "access-control-allow-origin": "*",
        "access-control-allow-credentials": "true",
        "x-correlation-id": "4b5c07aa-a2c0-4902-9e71-d49821ace626",
        "content-type": "application/json; charset=utf-8",
        "content-length": "50540",
        "etag": "W/\"c56c-P3cMGOD72Kou2iWE5L5wNMa6dgM\""
      }
    }
    [35mresponseTime[39m: 187
[DEBUG] JWT Payload: {"sub":"0000-0000-0000","email":"superadmin-fallback@quetzaltic.local","role":"ADMIN","exp":1774634468}
[DEBUG] Authenticated Actor: superadmin-fallback@quetzaltic.local
[12:29:34.813] [32mINFO[39m (6280): [36mrequest completed[39m
    [35mreq[39m: {
      "id": 42,
      "method": "GET",
      "url": "/api/governance/lockdown/status",
      "query": {},
      "params": {
        "path": [
          "governance",
          "lockdown",
          "status"
        ]
      },
      "headers": {
        "host": "localhost:3333",
        "connection": "keep-alive",
        "x-actor": "superadmin-fallback@quetzaltic.local",
        "sec-ch-ua-platform": "\"Windows\"",
        "authorization": "Bearer eyJhbGciOiJIUzI1NiIsInR5cCI6IkpXVCJ9.eyJzdWIiOiIwMDAwLTAwMDAtMDAwMCIsImVtYWlsIjoic3VwZXJhZG1pbi1mYWxsYmFja0BxdWV0emFsdGljLmxvY2FsIiwicm9sZSI6IkFETUlOIiwiZXhwIjoxNzc0NjM0NDY4fQ.71bAuAgGefR9QsBusckXe9vf3-u3p2xGEvGAP2evfwo",
        "x-correlation-id": "ui_gov_1774553374751",
        "sec-ch-ua": "\"Chromium\";v=\"146\", \"Not-A.Brand\";v=\"24\", \"Brave\";v=\"146\"",
        "sec-ch-ua-mobile": "?0",
        "x-idempotency-key": "36c3f1c3-59c0-40bb-b5d8-a868fba21807",
        "user-agent": "Mozilla/5.0 (Windows NT 10.0; Win64; x64) AppleWebKit/537.36 (KHTML, like Gecko) Chrome/146.0.0.0 Safari/537.36",
        "accept": "application/json, text/plain, */*",
        "content-type": "application/json",
        "sec-gpc": "1",
        "accept-language": "es-ES,es;q=0.7",
        "origin": "http://localhost:4200",
        "sec-fetch-site": "same-site",
        "sec-fetch-mode": "cors",
        "sec-fetch-dest": "empty",
        "referer": "http://localhost:4200/",
        "accept-encoding": "gzip, deflate, br, zstd",
        "if-none-match": "W/\"7f-Z7w90YKtzqlX64X9NofrD6m8i0w\""
      },
      "remoteAddress": "::1",
      "remotePort": 64257
    }
    [35mcorrelationId[39m: "ui_gov_1774553374751"
    [35mres[39m: {
      "statusCode": 200,
      "headers": {
        "x-powered-by": "Express",
        "access-control-allow-origin": "*",
        "access-control-allow-credentials": "true",
        "x-correlation-id": "ui_gov_1774553374751",
        "content-type": "application/json; charset=utf-8",
        "content-length": "127",
        "etag": "W/\"7f-rhuFaVrZpkDhgNVsEtOM6Z0JnVE\""
      }
    }
    [35mresponseTime[39m: 58
[DEBUG] JWT Payload: {"sub":"0000-0000-0000","email":"superadmin-fallback@quetzaltic.local","role":"ADMIN","exp":1774638639}
[DEBUG] Authenticated Actor: superadmin-fallback@quetzaltic.local
[12:29:38.557] [32mINFO[39m (6280): [36mrequest completed[39m
    [35mreq[39m: {
      "id": 43,
      "method": "GET",
      "url": "/api/governance/lockdown/status",
      "query": {},
      "params": {
        "path": [
          "governance",
          "lockdown",
          "status"
        ]
      },
      "headers": {
        "host": "localhost:3333",
        "connection": "keep-alive",
        "x-actor": "superadmin-fallback@quetzaltic.local",
        "sec-ch-ua-platform": "\"Windows\"",
        "authorization": "Bearer eyJhbGciOiJIUzI1NiIsInR5cCI6IkpXVCJ9.eyJzdWIiOiIwMDAwLTAwMDAtMDAwMCIsImVtYWlsIjoic3VwZXJhZG1pbi1mYWxsYmFja0BxdWV0emFsdGljLmxvY2FsIiwicm9sZSI6IkFETUlOIiwiZXhwIjoxNzc0NjM4NjM5fQ.xmY4FNONhzuEoNvjkhYF1T2QZUS1fNN4eDVqBiZrNoI",
        "x-correlation-id": "ui_gov_1774553378272",
        "sec-ch-ua": "\"Chromium\";v=\"146\", \"Not-A.Brand\";v=\"24\", \"Google Chrome\";v=\"146\"",
        "sec-ch-ua-mobile": "?0",
        "x-idempotency-key": "f3a7394f-7af8-4ba0-8993-eecc5121563a",
        "user-agent": "Mozilla/5.0 (Windows NT 10.0; Win64; x64) AppleWebKit/537.36 (KHTML, like Gecko) Chrome/146.0.0.0 Safari/537.36",
        "accept": "application/json, text/plain, */*",
        "content-type": "application/json",
        "origin": "http://localhost:4200",
        "sec-fetch-site": "same-site",
        "sec-fetch-mode": "cors",
        "sec-fetch-dest": "empty",
        "referer": "http://localhost:4200/",
        "accept-encoding": "gzip, deflate, br, zstd",
        "accept-language": "es-ES,es;q=0.9",
        "if-none-match": "W/\"7f-yka6OeVj1tgFrzsbtvgSNt4t4Yw\""
      },
      "remoteAddress": "::1",
      "remotePort": 57447
    }
    [35mcorrelationId[39m: "ui_gov_1774553378272"
    [35mres[39m: {
      "statusCode": 200,
      "headers": {
        "x-powered-by": "Express",
        "access-control-allow-origin": "*",
        "access-control-allow-credentials": "true",
        "x-correlation-id": "ui_gov_1774553378272",
        "content-type": "application/json; charset=utf-8",
        "content-length": "127",
        "etag": "W/\"7f-tO2vozA5jCFdWZFFty2QmzN1bNU\""
      }
    }
    [35mresponseTime[39m: 58
[DEBUG] JWT Payload: {"sub":"0000-0000-0000","email":"superadmin-fallback@quetzaltic.local","role":"ADMIN","exp":1774634468}
[DEBUG] Authenticated Actor: superadmin-fallback@quetzaltic.local
[12:29:39.832] [32mINFO[39m (6280): [36mrequest completed[39m
    [35mreq[39m: {
      "id": 44,
      "method": "GET",
      "url": "/api/governance/lockdown/status",
      "query": {},
      "params": {
        "path": [
          "governance",
          "lockdown",
          "status"
        ]
      },
      "headers": {
        "host": "localhost:3333",
        "connection": "keep-alive",
        "x-actor": "superadmin-fallback@quetzaltic.local",
        "sec-ch-ua-platform": "\"Windows\"",
        "authorization": "Bearer eyJhbGciOiJIUzI1NiIsInR5cCI6IkpXVCJ9.eyJzdWIiOiIwMDAwLTAwMDAtMDAwMCIsImVtYWlsIjoic3VwZXJhZG1pbi1mYWxsYmFja0BxdWV0emFsdGljLmxvY2FsIiwicm9sZSI6IkFETUlOIiwiZXhwIjoxNzc0NjM0NDY4fQ.71bAuAgGefR9QsBusckXe9vf3-u3p2xGEvGAP2evfwo",
        "x-correlation-id": "ui_gov_1774553379766",
        "sec-ch-ua": "\"Chromium\";v=\"146\", \"Not-A.Brand\";v=\"24\", \"Brave\";v=\"146\"",
        "sec-ch-ua-mobile": "?0",
        "x-idempotency-key": "d53917bd-9080-4a59-ad08-35a7604a7ecc",
        "user-agent": "Mozilla/5.0 (Windows NT 10.0; Win64; x64) AppleWebKit/537.36 (KHTML, like Gecko) Chrome/146.0.0.0 Safari/537.36",
        "accept": "application/json, text/plain, */*",
        "content-type": "application/json",
        "sec-gpc": "1",
        "accept-language": "es-ES,es;q=0.7",
        "origin": "http://localhost:4200",
        "sec-fetch-site": "same-site",
        "sec-fetch-mode": "cors",
        "sec-fetch-dest": "empty",
        "referer": "http://localhost:4200/",
        "accept-encoding": "gzip, deflate, br, zstd",
        "if-none-match": "W/\"7f-rhuFaVrZpkDhgNVsEtOM6Z0JnVE\""
      },
      "remoteAddress": "::1",
      "remotePort": 64257
    }
    [35mcorrelationId[39m: "ui_gov_1774553379766"
    [35mres[39m: {
      "statusCode": 200,
      "headers": {
        "x-powered-by": "Express",
        "access-control-allow-origin": "*",
        "access-control-allow-credentials": "true",
        "x-correlation-id": "ui_gov_1774553379766",
        "content-type": "application/json; charset=utf-8",
        "content-length": "127",
        "etag": "W/\"7f-dBPMutAiL9lyeLkDXLbOaiPmD20\""
      }
    }
    [35mresponseTime[39m: 60
[DEBUG] JWT Payload: {"sub":"0000-0000-0000","email":"superadmin-fallback@quetzaltic.local","role":"ADMIN","exp":1774634468}
[DEBUG] Authenticated Actor: superadmin-fallback@quetzaltic.local
[12:29:42.488] [32mINFO[39m (6280): [36mrequest completed[39m
    [35mreq[39m: {
      "id": 45,
      "method": "GET",
      "url": "/api/governance/stats",
      "query": {},
      "params": {
        "path": [
          "governance",
          "stats"
        ]
      },
      "headers": {
        "host": "localhost:3333",
        "connection": "keep-alive",
        "x-actor": "superadmin-fallback@quetzaltic.local",
        "sec-ch-ua-platform": "\"Windows\"",
        "authorization": "Bearer eyJhbGciOiJIUzI1NiIsInR5cCI6IkpXVCJ9.eyJzdWIiOiIwMDAwLTAwMDAtMDAwMCIsImVtYWlsIjoic3VwZXJhZG1pbi1mYWxsYmFja0BxdWV0emFsdGljLmxvY2FsIiwicm9sZSI6IkFETUlOIiwiZXhwIjoxNzc0NjM0NDY4fQ.71bAuAgGefR9QsBusckXe9vf3-u3p2xGEvGAP2evfwo",
        "x-correlation-id": "ui_gov_1774553382360",
        "sec-ch-ua": "\"Chromium\";v=\"146\", \"Not-A.Brand\";v=\"24\", \"Brave\";v=\"146\"",
        "sec-ch-ua-mobile": "?0",
        "x-idempotency-key": "2d9a2503-f225-4119-b90b-96fba1064192",
        "user-agent": "Mozilla/5.0 (Windows NT 10.0; Win64; x64) AppleWebKit/537.36 (KHTML, like Gecko) Chrome/146.0.0.0 Safari/537.36",
        "accept": "application/json, text/plain, */*",
        "content-type": "application/json",
        "sec-gpc": "1",
        "accept-language": "es-ES,es;q=0.7",
        "origin": "http://localhost:4200",
        "sec-fetch-site": "same-site",
        "sec-fetch-mode": "cors",
        "sec-fetch-dest": "empty",
        "referer": "http://localhost:4200/",
        "accept-encoding": "gzip, deflate, br, zstd",
        "if-none-match": "W/\"c4-brT2UXUBpy2i+Dx0g/Ei73Pfgdo\""
      },
      "remoteAddress": "::1",
      "remotePort": 64257
    }
    [35mcorrelationId[39m: "ui_gov_1774553382360"
    [35mres[39m: {
      "statusCode": 200,
      "headers": {
        "x-powered-by": "Express",
        "access-control-allow-origin": "*",
        "access-control-allow-credentials": "true",
        "x-correlation-id": "ui_gov_1774553382360",
        "content-type": "application/json; charset=utf-8",
        "content-length": "196",
        "etag": "W/\"c4-KvHQ8jv46wet0CMV2ajbITqxRUM\""
      }
    }
    [35mresponseTime[39m: 122
[12:29:44.470] [32mINFO[39m (6280): [36mrequest completed[39m
    [35mreq[39m: {
      "id": 46,
      "method": "GET",
      "url": "/api/test-oscar",
      "query": {},
      "params": {
        "path": [
          "test-oscar"
        ]
      },
      "headers": {
        "host": "localhost:3333",
        "connection": "keep-alive",
        "sec-ch-ua-platform": "\"Windows\"",
        "authorization": "Bearer eyJhbGciOiJIUzI1NiIsInR5cCI6IkpXVCJ9.eyJzdWIiOiIwMDAwLTAwMDAtMDAwMCIsImVtYWlsIjoic3VwZXJhZG1pbi1mYWxsYmFja0BxdWV0emFsdGljLmxvY2FsIiwicm9sZSI6IkFETUlOIiwiZXhwIjoxNzc0NjM0NDY4fQ.71bAuAgGefR9QsBusckXe9vf3-u3p2xGEvGAP2evfwo",
        "user-agent": "Mozilla/5.0 (Windows NT 10.0; Win64; x64) AppleWebKit/537.36 (KHTML, like Gecko) Chrome/146.0.0.0 Safari/537.36",
        "accept": "application/json, text/plain, */*",
        "sec-ch-ua": "\"Chromium\";v=\"146\", \"Not-A.Brand\";v=\"24\", \"Brave\";v=\"146\"",
        "sec-ch-ua-mobile": "?0",
        "sec-gpc": "1",
        "accept-language": "es-ES,es;q=0.7",
        "origin": "http://localhost:4200",
        "sec-fetch-site": "same-site",
        "sec-fetch-mode": "cors",
        "sec-fetch-dest": "empty",
        "referer": "http://localhost:4200/",
        "accept-encoding": "gzip, deflate, br, zstd",
        "if-none-match": "W/\"c56c-P3cMGOD72Kou2iWE5L5wNMa6dgM\""
      },
      "remoteAddress": "::1",
      "remotePort": 64257
    }
    [35mcorrelationId[39m: "c272cc44-365c-42b9-920e-2420f9ee3c69"
    [35mres[39m: {
      "statusCode": 200,
      "headers": {
        "x-powered-by": "Express",
        "access-control-allow-origin": "*",
        "access-control-allow-credentials": "true",
        "x-correlation-id": "c272cc44-365c-42b9-920e-2420f9ee3c69",
        "content-type": "application/json; charset=utf-8",
        "content-length": "50540",
        "etag": "W/\"c56c-t1G9RfJeiJMwDeph6+ZZOzkIzvE\""
      }
    }
    [35mresponseTime[39m: 178
[DEBUG] JWT Payload: {"sub":"0000-0000-0000","email":"superadmin-fallback@quetzaltic.local","role":"ADMIN","exp":1774634468}
[DEBUG] Authenticated Actor: superadmin-fallback@quetzaltic.local
[12:29:44.816] [32mINFO[39m (6280): [36mrequest completed[39m
    [35mreq[39m: {
      "id": 47,
      "method": "GET",
      "url": "/api/governance/lockdown/status",
      "query": {},
      "params": {
        "path": [
          "governance",
          "lockdown",
          "status"
        ]
      },
      "headers": {
        "host": "localhost:3333",
        "connection": "keep-alive",
        "x-actor": "superadmin-fallback@quetzaltic.local",
        "sec-ch-ua-platform": "\"Windows\"",
        "authorization": "Bearer eyJhbGciOiJIUzI1NiIsInR5cCI6IkpXVCJ9.eyJzdWIiOiIwMDAwLTAwMDAtMDAwMCIsImVtYWlsIjoic3VwZXJhZG1pbi1mYWxsYmFja0BxdWV0emFsdGljLmxvY2FsIiwicm9sZSI6IkFETUlOIiwiZXhwIjoxNzc0NjM0NDY4fQ.71bAuAgGefR9QsBusckXe9vf3-u3p2xGEvGAP2evfwo",
        "x-correlation-id": "ui_gov_1774553384753",
        "sec-ch-ua": "\"Chromium\";v=\"146\", \"Not-A.Brand\";v=\"24\", \"Brave\";v=\"146\"",
        "sec-ch-ua-mobile": "?0",
        "x-idempotency-key": "71c5af95-1b7d-4923-b0eb-189d40b32a42",
        "user-agent": "Mozilla/5.0 (Windows NT 10.0; Win64; x64) AppleWebKit/537.36 (KHTML, like Gecko) Chrome/146.0.0.0 Safari/537.36",
        "accept": "application/json, text/plain, */*",
        "content-type": "application/json",
        "sec-gpc": "1",
        "accept-language": "es-ES,es;q=0.7",
        "origin": "http://localhost:4200",
        "sec-fetch-site": "same-site",
        "sec-fetch-mode": "cors",
        "sec-fetch-dest": "empty",
        "referer": "http://localhost:4200/",
        "accept-encoding": "gzip, deflate, br, zstd",
        "if-none-match": "W/\"7f-dBPMutAiL9lyeLkDXLbOaiPmD20\""
      },
      "remoteAddress": "::1",
      "remotePort": 64257
    }
    [35mcorrelationId[39m: "ui_gov_1774553384753"
    [35mres[39m: {
      "statusCode": 200,
      "headers": {
        "x-powered-by": "Express",
        "access-control-allow-origin": "*",
        "access-control-allow-credentials": "true",
        "x-correlation-id": "ui_gov_1774553384753",
        "content-type": "application/json; charset=utf-8",
        "content-length": "127",
        "etag": "W/\"7f-o6Dvk73yqqkCWkMAeldGiIix8TM\""
      }
    }
    [35mresponseTime[39m: 59
[DEBUG] JWT Payload: {"sub":"323eac7b-615e-4bb2-b4da-1327cd63a13b","email":"oscar","role":"OPERATOR","exp":1774634503}
[DEBUG] Authenticated Actor: oscar
[12:29:47.813] [32mINFO[39m (6280): [36mrequest completed[39m
    [35mreq[39m: {
      "id": 48,
      "method": "GET",
      "url": "/api/governance/lockdown/status",
      "query": {},
      "params": {
        "path": [
          "governance",
          "lockdown",
          "status"
        ]
      },
      "headers": {
        "host": "localhost:3333",
        "connection": "keep-alive",
        "x-actor": "oscar",
        "sec-ch-ua-platform": "\"Windows\"",
        "authorization": "Bearer eyJhbGciOiJIUzI1NiIsInR5cCI6IkpXVCJ9.eyJzdWIiOiIzMjNlYWM3Yi02MTVlLTRiYjItYjRkYS0xMzI3Y2Q2M2ExM2IiLCJlbWFpbCI6Im9zY2FyIiwicm9sZSI6Ik9QRVJBVE9SIiwiZXhwIjoxNzc0NjM0NTAzfQ.J7klEKAA3C-Tm9Gl19iwGBgwv3ylSn9-YLxh_vQ7hXE",
        "x-correlation-id": "ui_gov_1774553387722",
        "sec-ch-ua": "\"Chromium\";v=\"146\", \"Not-A.Brand\";v=\"24\", \"Brave\";v=\"146\"",
        "sec-ch-ua-mobile": "?0",
        "x-idempotency-key": "3852dbdb-03d7-4341-8446-4269fcb651ec",
        "user-agent": "Mozilla/5.0 (Windows NT 10.0; Win64; x64) AppleWebKit/537.36 (KHTML, like Gecko) Chrome/146.0.0.0 Safari/537.36",
        "accept": "application/json, text/plain, */*",
        "content-type": "application/json",
        "sec-gpc": "1",
        "accept-language": "es-ES,es;q=0.7",
        "origin": "http://localhost:4200",
        "sec-fetch-site": "same-site",
        "sec-fetch-mode": "cors",
        "sec-fetch-dest": "empty",
        "referer": "http://localhost:4200/",
        "accept-encoding": "gzip, deflate, br, zstd",
        "if-none-match": "W/\"7f-o6Dvk73yqqkCWkMAeldGiIix8TM\""
      },
      "remoteAddress": "::1",
      "remotePort": 64257
    }
    [35mcorrelationId[39m: "ui_gov_1774553387722"
    [35mres[39m: {
      "statusCode": 200,
      "headers": {
        "x-powered-by": "Express",
        "access-control-allow-origin": "*",
        "access-control-allow-credentials": "true",
        "x-correlation-id": "ui_gov_1774553387722",
        "content-type": "application/json; charset=utf-8",
        "content-length": "127",
        "etag": "W/\"7f-RTTFAk5VjmGQfwFcvFsGMDBbhCU\""
      }
    }
    [35mresponseTime[39m: 57
[DEBUG] JWT Payload: {"sub":"0000-0000-0000","email":"superadmin-fallback@quetzaltic.local","role":"ADMIN","exp":1774634468}
[DEBUG] Authenticated Actor: superadmin-fallback@quetzaltic.local
[12:29:49.816] [32mINFO[39m (6280): [36mrequest completed[39m
    [35mreq[39m: {
      "id": 49,
      "method": "GET",
      "url": "/api/governance/lockdown/status",
      "query": {},
      "params": {
        "path": [
          "governance",
          "lockdown",
          "status"
        ]
      },
      "headers": {
        "host": "localhost:3333",
        "connection": "keep-alive",
        "x-actor": "superadmin-fallback@quetzaltic.local",
        "sec-ch-ua-platform": "\"Windows\"",
        "authorization": "Bearer eyJhbGciOiJIUzI1NiIsInR5cCI6IkpXVCJ9.eyJzdWIiOiIwMDAwLTAwMDAtMDAwMCIsImVtYWlsIjoic3VwZXJhZG1pbi1mYWxsYmFja0BxdWV0emFsdGljLmxvY2FsIiwicm9sZSI6IkFETUlOIiwiZXhwIjoxNzc0NjM0NDY4fQ.71bAuAgGefR9QsBusckXe9vf3-u3p2xGEvGAP2evfwo",
        "x-correlation-id": "ui_gov_1774553389754",
        "sec-ch-ua": "\"Chromium\";v=\"146\", \"Not-A.Brand\";v=\"24\", \"Brave\";v=\"146\"",
        "sec-ch-ua-mobile": "?0",
        "x-idempotency-key": "13feb0a8-d06b-4089-b8de-f594c5f078a2",
        "user-agent": "Mozilla/5.0 (Windows NT 10.0; Win64; x64) AppleWebKit/537.36 (KHTML, like Gecko) Chrome/146.0.0.0 Safari/537.36",
        "accept": "application/json, text/plain, */*",
        "content-type": "application/json",
        "sec-gpc": "1",
        "accept-language": "es-ES,es;q=0.7",
        "origin": "http://localhost:4200",
        "sec-fetch-site": "same-site",
        "sec-fetch-mode": "cors",
        "sec-fetch-dest": "empty",
        "referer": "http://localhost:4200/",
        "accept-encoding": "gzip, deflate, br, zstd",
        "if-none-match": "W/\"7f-RTTFAk5VjmGQfwFcvFsGMDBbhCU\""
      },
      "remoteAddress": "::1",
      "remotePort": 64257
    }
    [35mcorrelationId[39m: "ui_gov_1774553389754"
    [35mres[39m: {
      "statusCode": 200,
      "headers": {
        "x-powered-by": "Express",
        "access-control-allow-origin": "*",
        "access-control-allow-credentials": "true",
        "x-correlation-id": "ui_gov_1774553389754",
        "content-type": "application/json; charset=utf-8",
        "content-length": "127",
        "etag": "W/\"7f-H+fDvwUqeo8hv2rCNJqi56g492A\""
      }
    }
    [35mresponseTime[39m: 57
[12:29:51.727] [32mINFO[39m (6280): [36mrequest completed[39m
    [35mreq[39m: {
      "id": 50,
      "method": "GET",
      "url": "/api/test-oscar",
      "query": {},
      "params": {
        "path": [
          "test-oscar"
        ]
      },
      "headers": {
        "host": "localhost:3333",
        "connection": "keep-alive",
        "sec-ch-ua-platform": "\"Windows\"",
        "authorization": "Bearer eyJhbGciOiJIUzI1NiIsInR5cCI6IkpXVCJ9.eyJzdWIiOiIwMDAwLTAwMDAtMDAwMCIsImVtYWlsIjoic3VwZXJhZG1pbi1mYWxsYmFja0BxdWV0emFsdGljLmxvY2FsIiwicm9sZSI6IkFETUlOIiwiZXhwIjoxNzc0NjM4NjM5fQ.xmY4FNONhzuEoNvjkhYF1T2QZUS1fNN4eDVqBiZrNoI",
        "user-agent": "Mozilla/5.0 (Windows NT 10.0; Win64; x64) AppleWebKit/537.36 (KHTML, like Gecko) Chrome/146.0.0.0 Safari/537.36",
        "accept": "application/json, text/plain, */*",
        "sec-ch-ua": "\"Chromium\";v=\"146\", \"Not-A.Brand\";v=\"24\", \"Google Chrome\";v=\"146\"",
        "sec-ch-ua-mobile": "?0",
        "origin": "http://localhost:4200",
        "sec-fetch-site": "same-site",
        "sec-fetch-mode": "cors",
        "sec-fetch-dest": "empty",
        "referer": "http://localhost:4200/",
        "accept-encoding": "gzip, deflate, br, zstd",
        "accept-language": "es-ES,es;q=0.9",
        "if-none-match": "W/\"c56c-VHJJ0isMKPBUeZXIxto/DnNpWZ0\""
      },
      "remoteAddress": "::1",
      "remotePort": 58977
    }
    [35mcorrelationId[39m: "ba9328a0-fea9-4ea7-88ba-c27df7997402"
    [35mres[39m: {
      "statusCode": 200,
      "headers": {
        "x-powered-by": "Express",
        "access-control-allow-origin": "*",
        "access-control-allow-credentials": "true",
        "x-correlation-id": "ba9328a0-fea9-4ea7-88ba-c27df7997402",
        "content-type": "application/json; charset=utf-8",
        "content-length": "50540",
        "etag": "W/\"c56c-Qy/k9syl9O7CWqMhDR6Zf5za3Yg\""
      }
    }
    [35mresponseTime[39m: 180
[12:29:54.457] [32mINFO[39m (6280): [36mrequest completed[39m
    [35mreq[39m: {
      "id": 51,
      "method": "GET",
      "url": "/api/test-oscar",
      "query": {},
      "params": {
        "path": [
          "test-oscar"
        ]
      },
      "headers": {
        "host": "localhost:3333",
        "connection": "keep-alive",
        "sec-ch-ua-platform": "\"Windows\"",
        "authorization": "Bearer eyJhbGciOiJIUzI1NiIsInR5cCI6IkpXVCJ9.eyJzdWIiOiIwMDAwLTAwMDAtMDAwMCIsImVtYWlsIjoic3VwZXJhZG1pbi1mYWxsYmFja0BxdWV0emFsdGljLmxvY2FsIiwicm9sZSI6IkFETUlOIiwiZXhwIjoxNzc0NjM0NDY4fQ.71bAuAgGefR9QsBusckXe9vf3-u3p2xGEvGAP2evfwo",
        "user-agent": "Mozilla/5.0 (Windows NT 10.0; Win64; x64) AppleWebKit/537.36 (KHTML, like Gecko) Chrome/146.0.0.0 Safari/537.36",
        "accept": "application/json, text/plain, */*",
        "sec-ch-ua": "\"Chromium\";v=\"146\", \"Not-A.Brand\";v=\"24\", \"Brave\";v=\"146\"",
        "sec-ch-ua-mobile": "?0",
        "sec-gpc": "1",
        "accept-language": "es-ES,es;q=0.7",
        "origin": "http://localhost:4200",
        "sec-fetch-site": "same-site",
        "sec-fetch-mode": "cors",
        "sec-fetch-dest": "empty",
        "referer": "http://localhost:4200/",
        "accept-encoding": "gzip, deflate, br, zstd",
        "if-none-match": "W/\"c56c-t1G9RfJeiJMwDeph6+ZZOzkIzvE\""
      },
      "remoteAddress": "::1",
      "remotePort": 64257
    }
    [35mcorrelationId[39m: "708bd500-0c46-4492-a504-9641ea38a900"
    [35mres[39m: {
      "statusCode": 200,
      "headers": {
        "x-powered-by": "Express",
        "access-control-allow-origin": "*",
        "access-control-allow-credentials": "true",
        "x-correlation-id": "708bd500-0c46-4492-a504-9641ea38a900",
        "content-type": "application/json; charset=utf-8",
        "content-length": "50540",
        "etag": "W/\"c56c-Voa2Iomxinq6/dP0+AU6531Rn9Y\""
      }
    }
    [35mresponseTime[39m: 175
[DEBUG] JWT Payload: {"sub":"0000-0000-0000","email":"superadmin-fallback@quetzaltic.local","role":"ADMIN","exp":1774634468}
[DEBUG] Authenticated Actor: superadmin-fallback@quetzaltic.local
[12:29:54.820] [32mINFO[39m (6280): [36mrequest completed[39m
    [35mreq[39m: {
      "id": 52,
      "method": "GET",
      "url": "/api/governance/lockdown/status",
      "query": {},
      "params": {
        "path": [
          "governance",
          "lockdown",
          "status"
        ]
      },
      "headers": {
        "host": "localhost:3333",
        "connection": "keep-alive",
        "x-actor": "superadmin-fallback@quetzaltic.local",
        "sec-ch-ua-platform": "\"Windows\"",
        "authorization": "Bearer eyJhbGciOiJIUzI1NiIsInR5cCI6IkpXVCJ9.eyJzdWIiOiIwMDAwLTAwMDAtMDAwMCIsImVtYWlsIjoic3VwZXJhZG1pbi1mYWxsYmFja0BxdWV0emFsdGljLmxvY2FsIiwicm9sZSI6IkFETUlOIiwiZXhwIjoxNzc0NjM0NDY4fQ.71bAuAgGefR9QsBusckXe9vf3-u3p2xGEvGAP2evfwo",
        "x-correlation-id": "ui_gov_1774553394757",
        "sec-ch-ua": "\"Chromium\";v=\"146\", \"Not-A.Brand\";v=\"24\", \"Brave\";v=\"146\"",
        "sec-ch-ua-mobile": "?0",
        "x-idempotency-key": "2a6cf405-eb8e-401a-bb3e-265036d9c347",
        "user-agent": "Mozilla/5.0 (Windows NT 10.0; Win64; x64) AppleWebKit/537.36 (KHTML, like Gecko) Chrome/146.0.0.0 Safari/537.36",
        "accept": "application/json, text/plain, */*",
        "content-type": "application/json",
        "sec-gpc": "1",
        "accept-language": "es-ES,es;q=0.7",
        "origin": "http://localhost:4200",
        "sec-fetch-site": "same-site",
        "sec-fetch-mode": "cors",
        "sec-fetch-dest": "empty",
        "referer": "http://localhost:4200/",
        "accept-encoding": "gzip, deflate, br, zstd",
        "if-none-match": "W/\"7f-H+fDvwUqeo8hv2rCNJqi56g492A\""
      },
      "remoteAddress": "::1",
      "remotePort": 64257
    }
    [35mcorrelationId[39m: "ui_gov_1774553394757"
    [35mres[39m: {
      "statusCode": 200,
      "headers": {
        "x-powered-by": "Express",
        "access-control-allow-origin": "*",
        "access-control-allow-credentials": "true",
        "x-correlation-id": "ui_gov_1774553394757",
        "content-type": "application/json; charset=utf-8",
        "content-length": "127",
        "etag": "W/\"7f-smTN6J7sGq3XAQ5jchFzTErzVSE\""
      }
    }
    [35mresponseTime[39m: 57
[DEBUG] JWT Payload: {"sub":"0000-0000-0000","email":"superadmin-fallback@quetzaltic.local","role":"ADMIN","exp":1774634468}
[DEBUG] Authenticated Actor: superadmin-fallback@quetzaltic.local
[12:29:59.875] [32mINFO[39m (6280): [36mrequest completed[39m
    [35mreq[39m: {
      "id": 53,
      "method": "GET",
      "url": "/api/governance/lockdown/status",
      "query": {},
      "params": {
        "path": [
          "governance",
          "lockdown",
          "status"
        ]
      },
      "headers": {
        "host": "localhost:3333",
        "connection": "keep-alive",
        "x-actor": "superadmin-fallback@quetzaltic.local",
        "sec-ch-ua-platform": "\"Windows\"",
        "authorization": "Bearer eyJhbGciOiJIUzI1NiIsInR5cCI6IkpXVCJ9.eyJzdWIiOiIwMDAwLTAwMDAtMDAwMCIsImVtYWlsIjoic3VwZXJhZG1pbi1mYWxsYmFja0BxdWV0emFsdGljLmxvY2FsIiwicm9sZSI6IkFETUlOIiwiZXhwIjoxNzc0NjM0NDY4fQ.71bAuAgGefR9QsBusckXe9vf3-u3p2xGEvGAP2evfwo",
        "x-correlation-id": "ui_gov_1774553399753",
        "sec-ch-ua": "\"Chromium\";v=\"146\", \"Not-A.Brand\";v=\"24\", \"Brave\";v=\"146\"",
        "sec-ch-ua-mobile": "?0",
        "x-idempotency-key": "e7578165-1187-4f6e-8238-65c5da1c3574",
        "user-agent": "Mozilla/5.0 (Windows NT 10.0; Win64; x64) AppleWebKit/537.36 (KHTML, like Gecko) Chrome/146.0.0.0 Safari/537.36",
        "accept": "application/json, text/plain, */*",
        "content-type": "application/json",
        "sec-gpc": "1",
        "accept-language": "es-ES,es;q=0.7",
        "origin": "http://localhost:4200",
        "sec-fetch-site": "same-site",
        "sec-fetch-mode": "cors",
        "sec-fetch-dest": "empty",
        "referer": "http://localhost:4200/",
        "accept-encoding": "gzip, deflate, br, zstd",
        "if-none-match": "W/\"7f-smTN6J7sGq3XAQ5jchFzTErzVSE\""
      },
      "remoteAddress": "::1",
      "remotePort": 64257
    }
    [35mcorrelationId[39m: "ui_gov_1774553399753"
    [35mres[39m: {
      "statusCode": 200,
      "headers": {
        "x-powered-by": "Express",
        "access-control-allow-origin": "*",
        "access-control-allow-credentials": "true",
        "x-correlation-id": "ui_gov_1774553399753",
        "content-type": "application/json; charset=utf-8",
        "content-length": "127",
        "etag": "W/\"7f-pPzHub73JQjjMcAZZuByIiADdTk\""
      }
    }
    [35mresponseTime[39m: 118
[12:30:04.467] [32mINFO[39m (6280): [36mrequest completed[39m
    [35mreq[39m: {
      "id": 54,
      "method": "GET",
      "url": "/api/test-oscar",
      "query": {},
      "params": {
        "path": [
          "test-oscar"
        ]
      },
      "headers": {
        "host": "localhost:3333",
        "connection": "keep-alive",
        "sec-ch-ua-platform": "\"Windows\"",
        "authorization": "Bearer eyJhbGciOiJIUzI1NiIsInR5cCI6IkpXVCJ9.eyJzdWIiOiIwMDAwLTAwMDAtMDAwMCIsImVtYWlsIjoic3VwZXJhZG1pbi1mYWxsYmFja0BxdWV0emFsdGljLmxvY2FsIiwicm9sZSI6IkFETUlOIiwiZXhwIjoxNzc0NjM0NDY4fQ.71bAuAgGefR9QsBusckXe9vf3-u3p2xGEvGAP2evfwo",
        "user-agent": "Mozilla/5.0 (Windows NT 10.0; Win64; x64) AppleWebKit/537.36 (KHTML, like Gecko) Chrome/146.0.0.0 Safari/537.36",
        "accept": "application/json, text/plain, */*",
        "sec-ch-ua": "\"Chromium\";v=\"146\", \"Not-A.Brand\";v=\"24\", \"Brave\";v=\"146\"",
        "sec-ch-ua-mobile": "?0",
        "sec-gpc": "1",
        "accept-language": "es-ES,es;q=0.7",
        "origin": "http://localhost:4200",
        "sec-fetch-site": "same-site",
        "sec-fetch-mode": "cors",
        "sec-fetch-dest": "empty",
        "referer": "http://localhost:4200/",
        "accept-encoding": "gzip, deflate, br, zstd",
        "if-none-match": "W/\"c56c-Voa2Iomxinq6/dP0+AU6531Rn9Y\""
      },
      "remoteAddress": "::1",
      "remotePort": 64257
    }
    [35mcorrelationId[39m: "d49b1e43-f28b-4985-bcff-de67de52468a"
    [35mres[39m: {
      "statusCode": 200,
      "headers": {
        "x-powered-by": "Express",
        "access-control-allow-origin": "*",
        "access-control-allow-credentials": "true",
        "x-correlation-id": "d49b1e43-f28b-4985-bcff-de67de52468a",
        "content-type": "application/json; charset=utf-8",
        "content-length": "50540",
        "etag": "W/\"c56c-p/ZuDcTsKSh1Kt1Y6LXX5hCjGCs\""
      }
    }
    [35mresponseTime[39m: 174
[DEBUG] JWT Payload: {"sub":"0000-0000-0000","email":"superadmin-fallback@quetzaltic.local","role":"ADMIN","exp":1774634468}
[DEBUG] Authenticated Actor: superadmin-fallback@quetzaltic.local
[12:30:04.815] [32mINFO[39m (6280): [36mrequest completed[39m
    [35mreq[39m: {
      "id": 55,
      "method": "GET",
      "url": "/api/governance/lockdown/status",
      "query": {},
      "params": {
        "path": [
          "governance",
          "lockdown",
          "status"
        ]
      },
      "headers": {
        "host": "localhost:3333",
        "connection": "keep-alive",
        "x-actor": "superadmin-fallback@quetzaltic.local",
        "sec-ch-ua-platform": "\"Windows\"",
        "authorization": "Bearer eyJhbGciOiJIUzI1NiIsInR5cCI6IkpXVCJ9.eyJzdWIiOiIwMDAwLTAwMDAtMDAwMCIsImVtYWlsIjoic3VwZXJhZG1pbi1mYWxsYmFja0BxdWV0emFsdGljLmxvY2FsIiwicm9sZSI6IkFETUlOIiwiZXhwIjoxNzc0NjM0NDY4fQ.71bAuAgGefR9QsBusckXe9vf3-u3p2xGEvGAP2evfwo",
        "x-correlation-id": "ui_gov_1774553404752",
        "sec-ch-ua": "\"Chromium\";v=\"146\", \"Not-A.Brand\";v=\"24\", \"Brave\";v=\"146\"",
        "sec-ch-ua-mobile": "?0",
        "x-idempotency-key": "44087c72-6de7-4f79-82b0-16adb056e9b5",
        "user-agent": "Mozilla/5.0 (Windows NT 10.0; Win64; x64) AppleWebKit/537.36 (KHTML, like Gecko) Chrome/146.0.0.0 Safari/537.36",
        "accept": "application/json, text/plain, */*",
        "content-type": "application/json",
        "sec-gpc": "1",
        "accept-language": "es-ES,es;q=0.7",
        "origin": "http://localhost:4200",
        "sec-fetch-site": "same-site",
        "sec-fetch-mode": "cors",
        "sec-fetch-dest": "empty",
        "referer": "http://localhost:4200/",
        "accept-encoding": "gzip, deflate, br, zstd",
        "if-none-match": "W/\"7f-pPzHub73JQjjMcAZZuByIiADdTk\""
      },
      "remoteAddress": "::1",
      "remotePort": 64257
    }
    [35mcorrelationId[39m: "ui_gov_1774553404752"
    [35mres[39m: {
      "statusCode": 200,
      "headers": {
        "x-powered-by": "Express",
        "access-control-allow-origin": "*",
        "access-control-allow-credentials": "true",
        "x-correlation-id": "ui_gov_1774553404752",
        "content-type": "application/json; charset=utf-8",
        "content-length": "127",
        "etag": "W/\"7f-F7rf9WoGtd0A3Qvr+tX5CHFGalA\""
      }
    }
    [35mresponseTime[39m: 57
[DEBUG] JWT Payload: {"sub":"0000-0000-0000","email":"superadmin-fallback@quetzaltic.local","role":"ADMIN","exp":1774634468}
[DEBUG] Authenticated Actor: superadmin-fallback@quetzaltic.local
[12:30:09.835] [32mINFO[39m (6280): [36mrequest completed[39m
    [35mreq[39m: {
      "id": 56,
      "method": "GET",
      "url": "/api/governance/lockdown/status",
      "query": {},
      "params": {
        "path": [
          "governance",
          "lockdown",
          "status"
        ]
      },
      "headers": {
        "host": "localhost:3333",
        "connection": "keep-alive",
        "x-actor": "superadmin-fallback@quetzaltic.local",
        "sec-ch-ua-platform": "\"Windows\"",
        "authorization": "Bearer eyJhbGciOiJIUzI1NiIsInR5cCI6IkpXVCJ9.eyJzdWIiOiIwMDAwLTAwMDAtMDAwMCIsImVtYWlsIjoic3VwZXJhZG1pbi1mYWxsYmFja0BxdWV0emFsdGljLmxvY2FsIiwicm9sZSI6IkFETUlOIiwiZXhwIjoxNzc0NjM0NDY4fQ.71bAuAgGefR9QsBusckXe9vf3-u3p2xGEvGAP2evfwo",
        "x-correlation-id": "ui_gov_1774553409762",
        "sec-ch-ua": "\"Chromium\";v=\"146\", \"Not-A.Brand\";v=\"24\", \"Brave\";v=\"146\"",
        "sec-ch-ua-mobile": "?0",
        "x-idempotency-key": "dc5a9931-9fca-428e-b859-ec0880610493",
        "user-agent": "Mozilla/5.0 (Windows NT 10.0; Win64; x64) AppleWebKit/537.36 (KHTML, like Gecko) Chrome/146.0.0.0 Safari/537.36",
        "accept": "application/json, text/plain, */*",
        "content-type": "application/json",
        "sec-gpc": "1",
        "accept-language": "es-ES,es;q=0.7",
        "origin": "http://localhost:4200",
        "sec-fetch-site": "same-site",
        "sec-fetch-mode": "cors",
        "sec-fetch-dest": "empty",
        "referer": "http://localhost:4200/",
        "accept-encoding": "gzip, deflate, br, zstd",
        "if-none-match": "W/\"7f-F7rf9WoGtd0A3Qvr+tX5CHFGalA\""
      },
      "remoteAddress": "::1",
      "remotePort": 64257
    }
    [35mcorrelationId[39m: "ui_gov_1774553409762"
    [35mres[39m: {
      "statusCode": 200,
      "headers": {
        "x-powered-by": "Express",
        "access-control-allow-origin": "*",
        "access-control-allow-credentials": "true",
        "x-correlation-id": "ui_gov_1774553409762",
        "content-type": "application/json; charset=utf-8",
        "content-length": "127",
        "etag": "W/\"7f-VTina48GgWIKjfX/1sDM3RqM4c8\""
      }
    }
    [35mresponseTime[39m: 65
[DEBUG] JWT Payload: {"sub":"0000-0000-0000","email":"superadmin-fallback@quetzaltic.local","role":"ADMIN","exp":1774634468}
[DEBUG] Authenticated Actor: superadmin-fallback@quetzaltic.local
[12:30:12.484] [32mINFO[39m (6280): [36mrequest completed[39m
    [35mreq[39m: {
      "id": 57,
      "method": "GET",
      "url": "/api/governance/stats",
      "query": {},
      "params": {
        "path": [
          "governance",
          "stats"
        ]
      },
      "headers": {
        "host": "localhost:3333",
        "connection": "keep-alive",
        "x-actor": "superadmin-fallback@quetzaltic.local",
        "sec-ch-ua-platform": "\"Windows\"",
        "authorization": "Bearer eyJhbGciOiJIUzI1NiIsInR5cCI6IkpXVCJ9.eyJzdWIiOiIwMDAwLTAwMDAtMDAwMCIsImVtYWlsIjoic3VwZXJhZG1pbi1mYWxsYmFja0BxdWV0emFsdGljLmxvY2FsIiwicm9sZSI6IkFETUlOIiwiZXhwIjoxNzc0NjM0NDY4fQ.71bAuAgGefR9QsBusckXe9vf3-u3p2xGEvGAP2evfwo",
        "x-correlation-id": "ui_gov_1774553412350",
        "sec-ch-ua": "\"Chromium\";v=\"146\", \"Not-A.Brand\";v=\"24\", \"Brave\";v=\"146\"",
        "sec-ch-ua-mobile": "?0",
        "x-idempotency-key": "639d347b-9f39-4485-aa0c-9ebaf0d23a02",
        "user-agent": "Mozilla/5.0 (Windows NT 10.0; Win64; x64) AppleWebKit/537.36 (KHTML, like Gecko) Chrome/146.0.0.0 Safari/537.36",
        "accept": "application/json, text/plain, */*",
        "content-type": "application/json",
        "sec-gpc": "1",
        "accept-language": "es-ES,es;q=0.7",
        "origin": "http://localhost:4200",
        "sec-fetch-site": "same-site",
        "sec-fetch-mode": "cors",
        "sec-fetch-dest": "empty",
        "referer": "http://localhost:4200/",
        "accept-encoding": "gzip, deflate, br, zstd",
        "if-none-match": "W/\"c4-KvHQ8jv46wet0CMV2ajbITqxRUM\""
      },
      "remoteAddress": "::1",
      "remotePort": 64257
    }
    [35mcorrelationId[39m: "ui_gov_1774553412350"
    [35mres[39m: {
      "statusCode": 200,
      "headers": {
        "x-powered-by": "Express",
        "access-control-allow-origin": "*",
        "access-control-allow-credentials": "true",
        "x-correlation-id": "ui_gov_1774553412350",
        "content-type": "application/json; charset=utf-8",
        "content-length": "196",
        "etag": "W/\"c4-LOBfCL+cIpQuhLfj7w/9zY+9CBE\""
      }
    }
    [35mresponseTime[39m: 126
[12:30:14.467] [32mINFO[39m (6280): [36mrequest completed[39m
    [35mreq[39m: {
      "id": 58,
      "method": "GET",
      "url": "/api/test-oscar",
      "query": {},
      "params": {
        "path": [
          "test-oscar"
        ]
      },
      "headers": {
        "host": "localhost:3333",
        "connection": "keep-alive",
        "sec-ch-ua-platform": "\"Windows\"",
        "authorization": "Bearer eyJhbGciOiJIUzI1NiIsInR5cCI6IkpXVCJ9.eyJzdWIiOiIwMDAwLTAwMDAtMDAwMCIsImVtYWlsIjoic3VwZXJhZG1pbi1mYWxsYmFja0BxdWV0emFsdGljLmxvY2FsIiwicm9sZSI6IkFETUlOIiwiZXhwIjoxNzc0NjM0NDY4fQ.71bAuAgGefR9QsBusckXe9vf3-u3p2xGEvGAP2evfwo",
        "user-agent": "Mozilla/5.0 (Windows NT 10.0; Win64; x64) AppleWebKit/537.36 (KHTML, like Gecko) Chrome/146.0.0.0 Safari/537.36",
        "accept": "application/json, text/plain, */*",
        "sec-ch-ua": "\"Chromium\";v=\"146\", \"Not-A.Brand\";v=\"24\", \"Brave\";v=\"146\"",
        "sec-ch-ua-mobile": "?0",
        "sec-gpc": "1",
        "accept-language": "es-ES,es;q=0.7",
        "origin": "http://localhost:4200",
        "sec-fetch-site": "same-site",
        "sec-fetch-mode": "cors",
        "sec-fetch-dest": "empty",
        "referer": "http://localhost:4200/",
        "accept-encoding": "gzip, deflate, br, zstd",
        "if-none-match": "W/\"c56c-p/ZuDcTsKSh1Kt1Y6LXX5hCjGCs\""
      },
      "remoteAddress": "::1",
      "remotePort": 64257
    }
    [35mcorrelationId[39m: "d7baf3dd-9f31-4d12-bf4a-c0ebc318a619"
    [35mres[39m: {
      "statusCode": 200,
      "headers": {
        "x-powered-by": "Express",
        "access-control-allow-origin": "*",
        "access-control-allow-credentials": "true",
        "x-correlation-id": "d7baf3dd-9f31-4d12-bf4a-c0ebc318a619",
        "content-type": "application/json; charset=utf-8",
        "content-length": "50540",
        "etag": "W/\"c56c-gzU35nFqdnMKh/EBU81XLx7C/5A\""
      }
    }
    [35mresponseTime[39m: 183
[DEBUG] JWT Payload: {"sub":"0000-0000-0000","email":"superadmin-fallback@quetzaltic.local","role":"ADMIN","exp":1774634468}
[DEBUG] Authenticated Actor: superadmin-fallback@quetzaltic.local
[12:30:14.845] [32mINFO[39m (6280): [36mrequest completed[39m
    [35mreq[39m: {
      "id": 59,
      "method": "GET",
      "url": "/api/governance/lockdown/status",
      "query": {},
      "params": {
        "path": [
          "governance",
          "lockdown",
          "status"
        ]
      },
      "headers": {
        "host": "localhost:3333",
        "connection": "keep-alive",
        "x-actor": "superadmin-fallback@quetzaltic.local",
        "sec-ch-ua-platform": "\"Windows\"",
        "authorization": "Bearer eyJhbGciOiJIUzI1NiIsInR5cCI6IkpXVCJ9.eyJzdWIiOiIwMDAwLTAwMDAtMDAwMCIsImVtYWlsIjoic3VwZXJhZG1pbi1mYWxsYmFja0BxdWV0emFsdGljLmxvY2FsIiwicm9sZSI6IkFETUlOIiwiZXhwIjoxNzc0NjM0NDY4fQ.71bAuAgGefR9QsBusckXe9vf3-u3p2xGEvGAP2evfwo",
        "x-correlation-id": "ui_gov_1774553414759",
        "sec-ch-ua": "\"Chromium\";v=\"146\", \"Not-A.Brand\";v=\"24\", \"Brave\";v=\"146\"",
        "sec-ch-ua-mobile": "?0",
        "x-idempotency-key": "fecef009-f9ab-42c5-a196-582586cda638",
        "user-agent": "Mozilla/5.0 (Windows NT 10.0; Win64; x64) AppleWebKit/537.36 (KHTML, like Gecko) Chrome/146.0.0.0 Safari/537.36",
        "accept": "application/json, text/plain, */*",
        "content-type": "application/json",
        "sec-gpc": "1",
        "accept-language": "es-ES,es;q=0.7",
        "origin": "http://localhost:4200",
        "sec-fetch-site": "same-site",
        "sec-fetch-mode": "cors",
        "sec-fetch-dest": "empty",
        "referer": "http://localhost:4200/",
        "accept-encoding": "gzip, deflate, br, zstd",
        "if-none-match": "W/\"7f-VTina48GgWIKjfX/1sDM3RqM4c8\""
      },
      "remoteAddress": "::1",
      "remotePort": 64257
    }
    [35mcorrelationId[39m: "ui_gov_1774553414759"
    [35mres[39m: {
      "statusCode": 200,
      "headers": {
        "x-powered-by": "Express",
        "access-control-allow-origin": "*",
        "access-control-allow-credentials": "true",
        "x-correlation-id": "ui_gov_1774553414759",
        "content-type": "application/json; charset=utf-8",
        "content-length": "127",
        "etag": "W/\"7f-bWGE9yRNio3uMheTXuYOHT1RKSI\""
      }
    }
    [35mresponseTime[39m: 61
[DEBUG] JWT Payload: {"sub":"0000-0000-0000","email":"superadmin-fallback@quetzaltic.local","role":"ADMIN","exp":1774634468}
[DEBUG] Authenticated Actor: superadmin-fallback@quetzaltic.local
[12:30:19.826] [32mINFO[39m (6280): [36mrequest completed[39m
    [35mreq[39m: {
      "id": 60,
      "method": "GET",
      "url": "/api/governance/lockdown/status",
      "query": {},
      "params": {
        "path": [
          "governance",
          "lockdown",
          "status"
        ]
      },
      "headers": {
        "host": "localhost:3333",
        "connection": "keep-alive",
        "x-actor": "superadmin-fallback@quetzaltic.local",
        "sec-ch-ua-platform": "\"Windows\"",
        "authorization": "Bearer eyJhbGciOiJIUzI1NiIsInR5cCI6IkpXVCJ9.eyJzdWIiOiIwMDAwLTAwMDAtMDAwMCIsImVtYWlsIjoic3VwZXJhZG1pbi1mYWxsYmFja0BxdWV0emFsdGljLmxvY2FsIiwicm9sZSI6IkFETUlOIiwiZXhwIjoxNzc0NjM0NDY4fQ.71bAuAgGefR9QsBusckXe9vf3-u3p2xGEvGAP2evfwo",
        "x-correlation-id": "ui_gov_1774553419763",
        "sec-ch-ua": "\"Chromium\";v=\"146\", \"Not-A.Brand\";v=\"24\", \"Brave\";v=\"146\"",
        "sec-ch-ua-mobile": "?0",
        "x-idempotency-key": "09045eb8-40e7-4b45-8975-f0f253981675",
        "user-agent": "Mozilla/5.0 (Windows NT 10.0; Win64; x64) AppleWebKit/537.36 (KHTML, like Gecko) Chrome/146.0.0.0 Safari/537.36",
        "accept": "application/json, text/plain, */*",
        "content-type": "application/json",
        "sec-gpc": "1",
        "accept-language": "es-ES,es;q=0.7",
        "origin": "http://localhost:4200",
        "sec-fetch-site": "same-site",
        "sec-fetch-mode": "cors",
        "sec-fetch-dest": "empty",
        "referer": "http://localhost:4200/",
        "accept-encoding": "gzip, deflate, br, zstd",
        "if-none-match": "W/\"7f-bWGE9yRNio3uMheTXuYOHT1RKSI\""
      },
      "remoteAddress": "::1",
      "remotePort": 64257
    }
    [35mcorrelationId[39m: "ui_gov_1774553419763"
    [35mres[39m: {
      "statusCode": 200,
      "headers": {
        "x-powered-by": "Express",
        "access-control-allow-origin": "*",
        "access-control-allow-credentials": "true",
        "x-correlation-id": "ui_gov_1774553419763",
        "content-type": "application/json; charset=utf-8",
        "content-length": "127",
        "etag": "W/\"7f-DU02prPyjr9vqyqJVCRNGQpXqCM\""
      }
    }
    [35mresponseTime[39m: 61
[12:30:24.472] [32mINFO[39m (6280): [36mrequest completed[39m
    [35mreq[39m: {
      "id": 61,
      "method": "GET",
      "url": "/api/test-oscar",
      "query": {},
      "params": {
        "path": [
          "test-oscar"
        ]
      },
      "headers": {
        "host": "localhost:3333",
        "connection": "keep-alive",
        "sec-ch-ua-platform": "\"Windows\"",
        "authorization": "Bearer eyJhbGciOiJIUzI1NiIsInR5cCI6IkpXVCJ9.eyJzdWIiOiIwMDAwLTAwMDAtMDAwMCIsImVtYWlsIjoic3VwZXJhZG1pbi1mYWxsYmFja0BxdWV0emFsdGljLmxvY2FsIiwicm9sZSI6IkFETUlOIiwiZXhwIjoxNzc0NjM0NDY4fQ.71bAuAgGefR9QsBusckXe9vf3-u3p2xGEvGAP2evfwo",
        "user-agent": "Mozilla/5.0 (Windows NT 10.0; Win64; x64) AppleWebKit/537.36 (KHTML, like Gecko) Chrome/146.0.0.0 Safari/537.36",
        "accept": "application/json, text/plain, */*",
        "sec-ch-ua": "\"Chromium\";v=\"146\", \"Not-A.Brand\";v=\"24\", \"Brave\";v=\"146\"",
        "sec-ch-ua-mobile": "?0",
        "sec-gpc": "1",
        "accept-language": "es-ES,es;q=0.7",
        "origin": "http://localhost:4200",
        "sec-fetch-site": "same-site",
        "sec-fetch-mode": "cors",
        "sec-fetch-dest": "empty",
        "referer": "http://localhost:4200/",
        "accept-encoding": "gzip, deflate, br, zstd",
        "if-none-match": "W/\"c56c-gzU35nFqdnMKh/EBU81XLx7C/5A\""
      },
      "remoteAddress": "::1",
      "remotePort": 64257
    }
    [35mcorrelationId[39m: "ffa8ce7a-ff76-4928-80cc-14a592e0ad18"
    [35mres[39m: {
      "statusCode": 200,
      "headers": {
        "x-powered-by": "Express",
        "access-control-allow-origin": "*",
        "access-control-allow-credentials": "true",
        "x-correlation-id": "ffa8ce7a-ff76-4928-80cc-14a592e0ad18",
        "content-type": "application/json; charset=utf-8",
        "content-length": "50540",
        "etag": "W/\"c56c-CzcDFxLFQap+8rauuMyMyHDGMqM\""
      }
    }
    [35mresponseTime[39m: 183
[DEBUG] JWT Payload: {"sub":"0000-0000-0000","email":"superadmin-fallback@quetzaltic.local","role":"ADMIN","exp":1774634468}
[DEBUG] Authenticated Actor: superadmin-fallback@quetzaltic.local
[12:30:24.823] [32mINFO[39m (6280): [36mrequest completed[39m
    [35mreq[39m: {
      "id": 62,
      "method": "GET",
      "url": "/api/governance/lockdown/status",
      "query": {},
      "params": {
        "path": [
          "governance",
          "lockdown",
          "status"
        ]
      },
      "headers": {
        "host": "localhost:3333",
        "connection": "keep-alive",
        "x-actor": "superadmin-fallback@quetzaltic.local",
        "sec-ch-ua-platform": "\"Windows\"",
        "authorization": "Bearer eyJhbGciOiJIUzI1NiIsInR5cCI6IkpXVCJ9.eyJzdWIiOiIwMDAwLTAwMDAtMDAwMCIsImVtYWlsIjoic3VwZXJhZG1pbi1mYWxsYmFja0BxdWV0emFsdGljLmxvY2FsIiwicm9sZSI6IkFETUlOIiwiZXhwIjoxNzc0NjM0NDY4fQ.71bAuAgGefR9QsBusckXe9vf3-u3p2xGEvGAP2evfwo",
        "x-correlation-id": "ui_gov_1774553424758",
        "sec-ch-ua": "\"Chromium\";v=\"146\", \"Not-A.Brand\";v=\"24\", \"Brave\";v=\"146\"",
        "sec-ch-ua-mobile": "?0",
        "x-idempotency-key": "d826b486-a4e8-4cf9-8335-4dce9c06ec02",
        "user-agent": "Mozilla/5.0 (Windows NT 10.0; Win64; x64) AppleWebKit/537.36 (KHTML, like Gecko) Chrome/146.0.0.0 Safari/537.36",
        "accept": "application/json, text/plain, */*",
        "content-type": "application/json",
        "sec-gpc": "1",
        "accept-language": "es-ES,es;q=0.7",
        "origin": "http://localhost:4200",
        "sec-fetch-site": "same-site",
        "sec-fetch-mode": "cors",
        "sec-fetch-dest": "empty",
        "referer": "http://localhost:4200/",
        "accept-encoding": "gzip, deflate, br, zstd",
        "if-none-match": "W/\"7f-DU02prPyjr9vqyqJVCRNGQpXqCM\""
      },
      "remoteAddress": "::1",
      "remotePort": 64257
    }
    [35mcorrelationId[39m: "ui_gov_1774553424758"
    [35mres[39m: {
      "statusCode": 200,
      "headers": {
        "x-powered-by": "Express",
        "access-control-allow-origin": "*",
        "access-control-allow-credentials": "true",
        "x-correlation-id": "ui_gov_1774553424758",
        "content-type": "application/json; charset=utf-8",
        "content-length": "127",
        "etag": "W/\"7f-p+64WO7qFVcF1aHJC8465vy0Qw0\""
      }
    }
    [35mresponseTime[39m: 59
[DEBUG] JWT Payload: {"sub":"0000-0000-0000","email":"superadmin-fallback@quetzaltic.local","role":"ADMIN","exp":1774634468}
[DEBUG] Authenticated Actor: superadmin-fallback@quetzaltic.local
[12:30:29.885] [32mINFO[39m (6280): [36mrequest completed[39m
    [35mreq[39m: {
      "id": 63,
      "method": "GET",
      "url": "/api/governance/lockdown/status",
      "query": {},
      "params": {
        "path": [
          "governance",
          "lockdown",
          "status"
        ]
      },
      "headers": {
        "host": "localhost:3333",
        "connection": "keep-alive",
        "x-actor": "superadmin-fallback@quetzaltic.local",
        "sec-ch-ua-platform": "\"Windows\"",
        "authorization": "Bearer eyJhbGciOiJIUzI1NiIsInR5cCI6IkpXVCJ9.eyJzdWIiOiIwMDAwLTAwMDAtMDAwMCIsImVtYWlsIjoic3VwZXJhZG1pbi1mYWxsYmFja0BxdWV0emFsdGljLmxvY2FsIiwicm9sZSI6IkFETUlOIiwiZXhwIjoxNzc0NjM0NDY4fQ.71bAuAgGefR9QsBusckXe9vf3-u3p2xGEvGAP2evfwo",
        "x-correlation-id": "ui_gov_1774553429760",
        "sec-ch-ua": "\"Chromium\";v=\"146\", \"Not-A.Brand\";v=\"24\", \"Brave\";v=\"146\"",
        "sec-ch-ua-mobile": "?0",
        "x-idempotency-key": "f3361602-e450-429d-8cb1-95c89809f370",
        "user-agent": "Mozilla/5.0 (Windows NT 10.0; Win64; x64) AppleWebKit/537.36 (KHTML, like Gecko) Chrome/146.0.0.0 Safari/537.36",
        "accept": "application/json, text/plain, */*",
        "content-type": "application/json",
        "sec-gpc": "1",
        "accept-language": "es-ES,es;q=0.7",
        "origin": "http://localhost:4200",
        "sec-fetch-site": "same-site",
        "sec-fetch-mode": "cors",
        "sec-fetch-dest": "empty",
        "referer": "http://localhost:4200/",
        "accept-encoding": "gzip, deflate, br, zstd",
        "if-none-match": "W/\"7f-p+64WO7qFVcF1aHJC8465vy0Qw0\""
      },
      "remoteAddress": "::1",
      "remotePort": 64257
    }
    [35mcorrelationId[39m: "ui_gov_1774553429760"
    [35mres[39m: {
      "statusCode": 200,
      "headers": {
        "x-powered-by": "Express",
        "access-control-allow-origin": "*",
        "access-control-allow-credentials": "true",
        "x-correlation-id": "ui_gov_1774553429760",
        "content-type": "application/json; charset=utf-8",
        "content-length": "127",
        "etag": "W/\"7f-vxg91NefbEMssvIV9ZOfYZlOudE\""
      }
    }
    [35mresponseTime[39m: 121
[12:30:34.481] [32mINFO[39m (6280): [36mrequest completed[39m
    [35mreq[39m: {
      "id": 64,
      "method": "GET",
      "url": "/api/test-oscar",
      "query": {},
      "params": {
        "path": [
          "test-oscar"
        ]
      },
      "headers": {
        "host": "localhost:3333",
        "connection": "keep-alive",
        "sec-ch-ua-platform": "\"Windows\"",
        "authorization": "Bearer eyJhbGciOiJIUzI1NiIsInR5cCI6IkpXVCJ9.eyJzdWIiOiIwMDAwLTAwMDAtMDAwMCIsImVtYWlsIjoic3VwZXJhZG1pbi1mYWxsYmFja0BxdWV0emFsdGljLmxvY2FsIiwicm9sZSI6IkFETUlOIiwiZXhwIjoxNzc0NjM0NDY4fQ.71bAuAgGefR9QsBusckXe9vf3-u3p2xGEvGAP2evfwo",
        "user-agent": "Mozilla/5.0 (Windows NT 10.0; Win64; x64) AppleWebKit/537.36 (KHTML, like Gecko) Chrome/146.0.0.0 Safari/537.36",
        "accept": "application/json, text/plain, */*",
        "sec-ch-ua": "\"Chromium\";v=\"146\", \"Not-A.Brand\";v=\"24\", \"Brave\";v=\"146\"",
        "sec-ch-ua-mobile": "?0",
        "sec-gpc": "1",
        "accept-language": "es-ES,es;q=0.7",
        "origin": "http://localhost:4200",
        "sec-fetch-site": "same-site",
        "sec-fetch-mode": "cors",
        "sec-fetch-dest": "empty",
        "referer": "http://localhost:4200/",
        "accept-encoding": "gzip, deflate, br, zstd",
        "if-none-match": "W/\"c56c-CzcDFxLFQap+8rauuMyMyHDGMqM\""
      },
      "remoteAddress": "::1",
      "remotePort": 64257
    }
    [35mcorrelationId[39m: "7c75dc46-ae75-4fe1-97f3-7dc9101f6556"
    [35mres[39m: {
      "statusCode": 200,
      "headers": {
        "x-powered-by": "Express",
        "access-control-allow-origin": "*",
        "access-control-allow-credentials": "true",
        "x-correlation-id": "7c75dc46-ae75-4fe1-97f3-7dc9101f6556",
        "content-type": "application/json; charset=utf-8",
        "content-length": "50540",
        "etag": "W/\"c56c-/FRaG6+fvnFOlFG3jG+DBp6nevM\""
      }
    }
    [35mresponseTime[39m: 186
[DEBUG] JWT Payload: {"sub":"0000-0000-0000","email":"superadmin-fallback@quetzaltic.local","role":"ADMIN","exp":1774634468}
[DEBUG] Authenticated Actor: superadmin-fallback@quetzaltic.local
[12:30:34.826] [32mINFO[39m (6280): [36mrequest completed[39m
    [35mreq[39m: {
      "id": 65,
      "method": "GET",
      "url": "/api/governance/lockdown/status",
      "query": {},
      "params": {
        "path": [
          "governance",
          "lockdown",
          "status"
        ]
      },
      "headers": {
        "host": "localhost:3333",
        "connection": "keep-alive",
        "x-actor": "superadmin-fallback@quetzaltic.local",
        "sec-ch-ua-platform": "\"Windows\"",
        "authorization": "Bearer eyJhbGciOiJIUzI1NiIsInR5cCI6IkpXVCJ9.eyJzdWIiOiIwMDAwLTAwMDAtMDAwMCIsImVtYWlsIjoic3VwZXJhZG1pbi1mYWxsYmFja0BxdWV0emFsdGljLmxvY2FsIiwicm9sZSI6IkFETUlOIiwiZXhwIjoxNzc0NjM0NDY4fQ.71bAuAgGefR9QsBusckXe9vf3-u3p2xGEvGAP2evfwo",
        "x-correlation-id": "ui_gov_1774553434759",
        "sec-ch-ua": "\"Chromium\";v=\"146\", \"Not-A.Brand\";v=\"24\", \"Brave\";v=\"146\"",
        "sec-ch-ua-mobile": "?0",
        "x-idempotency-key": "3162ced9-5c77-4a40-8dc7-8e986e92663b",
        "user-agent": "Mozilla/5.0 (Windows NT 10.0; Win64; x64) AppleWebKit/537.36 (KHTML, like Gecko) Chrome/146.0.0.0 Safari/537.36",
        "accept": "application/json, text/plain, */*",
        "content-type": "application/json",
        "sec-gpc": "1",
        "accept-language": "es-ES,es;q=0.7",
        "origin": "http://localhost:4200",
        "sec-fetch-site": "same-site",
        "sec-fetch-mode": "cors",
        "sec-fetch-dest": "empty",
        "referer": "http://localhost:4200/",
        "accept-encoding": "gzip, deflate, br, zstd",
        "if-none-match": "W/\"7f-vxg91NefbEMssvIV9ZOfYZlOudE\""
      },
      "remoteAddress": "::1",
      "remotePort": 64257
    }
    [35mcorrelationId[39m: "ui_gov_1774553434759"
    [35mres[39m: {
      "statusCode": 200,
      "headers": {
        "x-powered-by": "Express",
        "access-control-allow-origin": "*",
        "access-control-allow-credentials": "true",
        "x-correlation-id": "ui_gov_1774553434759",
        "content-type": "application/json; charset=utf-8",
        "content-length": "127",
        "etag": "W/\"7f-jQ4NWaZ7qm+AyjXuMsTYfPZWUC8\""
      }
    }
    [35mresponseTime[39m: 61
[DEBUG] JWT Payload: {"sub":"0000-0000-0000","email":"superadmin-fallback@quetzaltic.local","role":"ADMIN","exp":1774634468}
[DEBUG] Authenticated Actor: superadmin-fallback@quetzaltic.local
[12:30:39.821] [32mINFO[39m (6280): [36mrequest completed[39m
    [35mreq[39m: {
      "id": 66,
      "method": "GET",
      "url": "/api/governance/lockdown/status",
      "query": {},
      "params": {
        "path": [
          "governance",
          "lockdown",
          "status"
        ]
      },
      "headers": {
        "host": "localhost:3333",
        "connection": "keep-alive",
        "x-actor": "superadmin-fallback@quetzaltic.local",
        "sec-ch-ua-platform": "\"Windows\"",
        "authorization": "Bearer eyJhbGciOiJIUzI1NiIsInR5cCI6IkpXVCJ9.eyJzdWIiOiIwMDAwLTAwMDAtMDAwMCIsImVtYWlsIjoic3VwZXJhZG1pbi1mYWxsYmFja0BxdWV0emFsdGljLmxvY2FsIiwicm9sZSI6IkFETUlOIiwiZXhwIjoxNzc0NjM0NDY4fQ.71bAuAgGefR9QsBusckXe9vf3-u3p2xGEvGAP2evfwo",
        "x-correlation-id": "ui_gov_1774553439754",
        "sec-ch-ua": "\"Chromium\";v=\"146\", \"Not-A.Brand\";v=\"24\", \"Brave\";v=\"146\"",
        "sec-ch-ua-mobile": "?0",
        "x-idempotency-key": "0f4999dd-c5f2-41d2-9669-0b4d862ccd66",
        "user-agent": "Mozilla/5.0 (Windows NT 10.0; Win64; x64) AppleWebKit/537.36 (KHTML, like Gecko) Chrome/146.0.0.0 Safari/537.36",
        "accept": "application/json, text/plain, */*",
        "content-type": "application/json",
        "sec-gpc": "1",
        "accept-language": "es-ES,es;q=0.7",
        "origin": "http://localhost:4200",
        "sec-fetch-site": "same-site",
        "sec-fetch-mode": "cors",
        "sec-fetch-dest": "empty",
        "referer": "http://localhost:4200/",
        "accept-encoding": "gzip, deflate, br, zstd",
        "if-none-match": "W/\"7f-jQ4NWaZ7qm+AyjXuMsTYfPZWUC8\""
      },
      "remoteAddress": "::1",
      "remotePort": 64257
    }
    [35mcorrelationId[39m: "ui_gov_1774553439754"
    [35mres[39m: {
      "statusCode": 200,
      "headers": {
        "x-powered-by": "Express",
        "access-control-allow-origin": "*",
        "access-control-allow-credentials": "true",
        "x-correlation-id": "ui_gov_1774553439754",
        "content-type": "application/json; charset=utf-8",
        "content-length": "127",
        "etag": "W/\"7f-CDzLZpeVzG9+6Y50D7mxOU4uHSc\""
      }
    }
    [35mresponseTime[39m: 60
[DEBUG] JWT Payload: {"sub":"0000-0000-0000","email":"superadmin-fallback@quetzaltic.local","role":"ADMIN","exp":1774634468}
[DEBUG] Authenticated Actor: superadmin-fallback@quetzaltic.local
[12:30:42.505] [32mINFO[39m (6280): [36mrequest completed[39m
    [35mreq[39m: {
      "id": 67,
      "method": "GET",
      "url": "/api/governance/stats",
      "query": {},
      "params": {
        "path": [
          "governance",
          "stats"
        ]
      },
      "headers": {
        "host": "localhost:3333",
        "connection": "keep-alive",
        "x-actor": "superadmin-fallback@quetzaltic.local",
        "sec-ch-ua-platform": "\"Windows\"",
        "authorization": "Bearer eyJhbGciOiJIUzI1NiIsInR5cCI6IkpXVCJ9.eyJzdWIiOiIwMDAwLTAwMDAtMDAwMCIsImVtYWlsIjoic3VwZXJhZG1pbi1mYWxsYmFja0BxdWV0emFsdGljLmxvY2FsIiwicm9sZSI6IkFETUlOIiwiZXhwIjoxNzc0NjM0NDY4fQ.71bAuAgGefR9QsBusckXe9vf3-u3p2xGEvGAP2evfwo",
        "x-correlation-id": "ui_gov_1774553442347",
        "sec-ch-ua": "\"Chromium\";v=\"146\", \"Not-A.Brand\";v=\"24\", \"Brave\";v=\"146\"",
        "sec-ch-ua-mobile": "?0",
        "x-idempotency-key": "b2e4765b-e887-442f-877b-9390485ef976",
        "user-agent": "Mozilla/5.0 (Windows NT 10.0; Win64; x64) AppleWebKit/537.36 (KHTML, like Gecko) Chrome/146.0.0.0 Safari/537.36",
        "accept": "application/json, text/plain, */*",
        "content-type": "application/json",
        "sec-gpc": "1",
        "accept-language": "es-ES,es;q=0.7",
        "origin": "http://localhost:4200",
        "sec-fetch-site": "same-site",
        "sec-fetch-mode": "cors",
        "sec-fetch-dest": "empty",
        "referer": "http://localhost:4200/",
        "accept-encoding": "gzip, deflate, br, zstd",
        "if-none-match": "W/\"c4-LOBfCL+cIpQuhLfj7w/9zY+9CBE\""
      },
      "remoteAddress": "::1",
      "remotePort": 64257
    }
    [35mcorrelationId[39m: "ui_gov_1774553442347"
    [35mres[39m: {
      "statusCode": 200,
      "headers": {
        "x-powered-by": "Express",
        "access-control-allow-origin": "*",
        "access-control-allow-credentials": "true",
        "x-correlation-id": "ui_gov_1774553442347",
        "content-type": "application/json; charset=utf-8",
        "content-length": "196",
        "etag": "W/\"c4-sjg12IRRwiE1Xs6ZY5BRVmknu4I\""
      }
    }
    [35mresponseTime[39m: 145
[12:30:44.558] [32mINFO[39m (6280): [36mrequest completed[39m
    [35mreq[39m: {
      "id": 68,
      "method": "GET",
      "url": "/api/test-oscar",
      "query": {},
      "params": {
        "path": [
          "test-oscar"
        ]
      },
      "headers": {
        "host": "localhost:3333",
        "connection": "keep-alive",
        "sec-ch-ua-platform": "\"Windows\"",
        "authorization": "Bearer eyJhbGciOiJIUzI1NiIsInR5cCI6IkpXVCJ9.eyJzdWIiOiIwMDAwLTAwMDAtMDAwMCIsImVtYWlsIjoic3VwZXJhZG1pbi1mYWxsYmFja0BxdWV0emFsdGljLmxvY2FsIiwicm9sZSI6IkFETUlOIiwiZXhwIjoxNzc0NjM0NDY4fQ.71bAuAgGefR9QsBusckXe9vf3-u3p2xGEvGAP2evfwo",
        "user-agent": "Mozilla/5.0 (Windows NT 10.0; Win64; x64) AppleWebKit/537.36 (KHTML, like Gecko) Chrome/146.0.0.0 Safari/537.36",
        "accept": "application/json, text/plain, */*",
        "sec-ch-ua": "\"Chromium\";v=\"146\", \"Not-A.Brand\";v=\"24\", \"Brave\";v=\"146\"",
        "sec-ch-ua-mobile": "?0",
        "sec-gpc": "1",
        "accept-language": "es-ES,es;q=0.7",
        "origin": "http://localhost:4200",
        "sec-fetch-site": "same-site",
        "sec-fetch-mode": "cors",
        "sec-fetch-dest": "empty",
        "referer": "http://localhost:4200/",
        "accept-encoding": "gzip, deflate, br, zstd",
        "if-none-match": "W/\"c56c-/FRaG6+fvnFOlFG3jG+DBp6nevM\""
      },
      "remoteAddress": "::1",
      "remotePort": 64257
    }
    [35mcorrelationId[39m: "129834bd-1d31-4a07-a203-8ee12e05faf2"
    [35mres[39m: {
      "statusCode": 200,
      "headers": {
        "x-powered-by": "Express",
        "access-control-allow-origin": "*",
        "access-control-allow-credentials": "true",
        "x-correlation-id": "129834bd-1d31-4a07-a203-8ee12e05faf2",
        "content-type": "application/json; charset=utf-8",
        "content-length": "50540",
        "etag": "W/\"c56c-l7O/Z7cwZdsRq5aq2s2hG3u8TOg\""
      }
    }
    [35mresponseTime[39m: 268
[DEBUG] JWT Payload: {"sub":"0000-0000-0000","email":"superadmin-fallback@quetzaltic.local","role":"ADMIN","exp":1774634468}
[DEBUG] Authenticated Actor: superadmin-fallback@quetzaltic.local
[12:30:45.652] [32mINFO[39m (6280): [36mrequest completed[39m
    [35mreq[39m: {
      "id": 69,
      "method": "GET",
      "url": "/api/governance/lockdown/status",
      "query": {},
      "params": {
        "path": [
          "governance",
          "lockdown",
          "status"
        ]
      },
      "headers": {
        "host": "localhost:3333",
        "connection": "keep-alive",
        "x-actor": "superadmin-fallback@quetzaltic.local",
        "sec-ch-ua-platform": "\"Windows\"",
        "authorization": "Bearer eyJhbGciOiJIUzI1NiIsInR5cCI6IkpXVCJ9.eyJzdWIiOiIwMDAwLTAwMDAtMDAwMCIsImVtYWlsIjoic3VwZXJhZG1pbi1mYWxsYmFja0BxdWV0emFsdGljLmxvY2FsIiwicm9sZSI6IkFETUlOIiwiZXhwIjoxNzc0NjM0NDY4fQ.71bAuAgGefR9QsBusckXe9vf3-u3p2xGEvGAP2evfwo",
        "x-correlation-id": "ui_gov_1774553444773",
        "sec-ch-ua": "\"Chromium\";v=\"146\", \"Not-A.Brand\";v=\"24\", \"Brave\";v=\"146\"",
        "sec-ch-ua-mobile": "?0",
        "x-idempotency-key": "6322b6d8-e6eb-4e9e-b6a5-6451af5b0bd8",
        "user-agent": "Mozilla/5.0 (Windows NT 10.0; Win64; x64) AppleWebKit/537.36 (KHTML, like Gecko) Chrome/146.0.0.0 Safari/537.36",
        "accept": "application/json, text/plain, */*",
        "content-type": "application/json",
        "sec-gpc": "1",
        "accept-language": "es-ES,es;q=0.7",
        "origin": "http://localhost:4200",
        "sec-fetch-site": "same-site",
        "sec-fetch-mode": "cors",
        "sec-fetch-dest": "empty",
        "referer": "http://localhost:4200/",
        "accept-encoding": "gzip, deflate, br, zstd",
        "if-none-match": "W/\"7f-CDzLZpeVzG9+6Y50D7mxOU4uHSc\""
      },
      "remoteAddress": "::1",
      "remotePort": 64257
    }
    [35mcorrelationId[39m: "ui_gov_1774553444773"
    [35mres[39m: {
      "statusCode": 200,
      "headers": {
        "x-powered-by": "Express",
        "access-control-allow-origin": "*",
        "access-control-allow-credentials": "true",
        "x-correlation-id": "ui_gov_1774553444773",
        "content-type": "application/json; charset=utf-8",
        "content-length": "127",
        "etag": "W/\"7f-Wdz3/Ssth818jiwdXR9up68f+9A\""
      }
    }
    [35mresponseTime[39m: 60
[DEBUG] JWT Payload: {"sub":"323eac7b-615e-4bb2-b4da-1327cd63a13b","email":"oscar","role":"OPERATOR","exp":1774634503}
[DEBUG] Authenticated Actor: oscar
[12:30:47.806] [32mINFO[39m (6280): [36mrequest completed[39m
    [35mreq[39m: {
      "id": 70,
      "method": "GET",
      "url": "/api/governance/lockdown/status",
      "query": {},
      "params": {
        "path": [
          "governance",
          "lockdown",
          "status"
        ]
      },
      "headers": {
        "host": "localhost:3333",
        "connection": "keep-alive",
        "x-actor": "oscar",
        "sec-ch-ua-platform": "\"Windows\"",
        "authorization": "Bearer eyJhbGciOiJIUzI1NiIsInR5cCI6IkpXVCJ9.eyJzdWIiOiIzMjNlYWM3Yi02MTVlLTRiYjItYjRkYS0xMzI3Y2Q2M2ExM2IiLCJlbWFpbCI6Im9zY2FyIiwicm9sZSI6Ik9QRVJBVE9SIiwiZXhwIjoxNzc0NjM0NTAzfQ.J7klEKAA3C-Tm9Gl19iwGBgwv3ylSn9-YLxh_vQ7hXE",
        "x-correlation-id": "ui_gov_1774553447725",
        "sec-ch-ua": "\"Chromium\";v=\"146\", \"Not-A.Brand\";v=\"24\", \"Brave\";v=\"146\"",
        "sec-ch-ua-mobile": "?0",
        "x-idempotency-key": "884d2732-004b-4bea-83a0-a85a646060ac",
        "user-agent": "Mozilla/5.0 (Windows NT 10.0; Win64; x64) AppleWebKit/537.36 (KHTML, like Gecko) Chrome/146.0.0.0 Safari/537.36",
        "accept": "application/json, text/plain, */*",
        "content-type": "application/json",
        "sec-gpc": "1",
        "accept-language": "es-ES,es;q=0.7",
        "origin": "http://localhost:4200",
        "sec-fetch-site": "same-site",
        "sec-fetch-mode": "cors",
        "sec-fetch-dest": "empty",
        "referer": "http://localhost:4200/",
        "accept-encoding": "gzip, deflate, br, zstd",
        "if-none-match": "W/\"7f-Wdz3/Ssth818jiwdXR9up68f+9A\""
      },
      "remoteAddress": "::1",
      "remotePort": 64257
    }
    [35mcorrelationId[39m: "ui_gov_1774553447725"
    [35mres[39m: {
      "statusCode": 200,
      "headers": {
        "x-powered-by": "Express",
        "access-control-allow-origin": "*",
        "access-control-allow-credentials": "true",
        "x-correlation-id": "ui_gov_1774553447725",
        "content-type": "application/json; charset=utf-8",
        "content-length": "127",
        "etag": "W/\"7f-bx7wrytF9agMVjbSNptBFP805XM\""
      }
    }
    [35mresponseTime[39m: 62
[DEBUG] JWT Payload: {"sub":"0000-0000-0000","email":"superadmin-fallback@quetzaltic.local","role":"ADMIN","exp":1774638639}
[DEBUG] Authenticated Actor: superadmin-fallback@quetzaltic.local
[12:30:48.029] [32mINFO[39m (6280): [36mrequest completed[39m
    [35mreq[39m: {
      "id": 71,
      "method": "GET",
      "url": "/api/governance/lockdown/status",
      "query": {},
      "params": {
        "path": [
          "governance",
          "lockdown",
          "status"
        ]
      },
      "headers": {
        "host": "localhost:3333",
        "connection": "keep-alive",
        "x-actor": "superadmin-fallback@quetzaltic.local",
        "sec-ch-ua-platform": "\"Windows\"",
        "authorization": "Bearer eyJhbGciOiJIUzI1NiIsInR5cCI6IkpXVCJ9.eyJzdWIiOiIwMDAwLTAwMDAtMDAwMCIsImVtYWlsIjoic3VwZXJhZG1pbi1mYWxsYmFja0BxdWV0emFsdGljLmxvY2FsIiwicm9sZSI6IkFETUlOIiwiZXhwIjoxNzc0NjM4NjM5fQ.xmY4FNONhzuEoNvjkhYF1T2QZUS1fNN4eDVqBiZrNoI",
        "x-correlation-id": "ui_gov_1774553447738",
        "sec-ch-ua": "\"Chromium\";v=\"146\", \"Not-A.Brand\";v=\"24\", \"Google Chrome\";v=\"146\"",
        "sec-ch-ua-mobile": "?0",
        "x-idempotency-key": "a10c8434-c8dd-42ac-98d5-1b12200d628d",
        "user-agent": "Mozilla/5.0 (Windows NT 10.0; Win64; x64) AppleWebKit/537.36 (KHTML, like Gecko) Chrome/146.0.0.0 Safari/537.36",
        "accept": "application/json, text/plain, */*",
        "content-type": "application/json",
        "origin": "http://localhost:4200",
        "sec-fetch-site": "same-site",
        "sec-fetch-mode": "cors",
        "sec-fetch-dest": "empty",
        "referer": "http://localhost:4200/",
        "accept-encoding": "gzip, deflate, br, zstd",
        "accept-language": "es-ES,es;q=0.9",
        "if-none-match": "W/\"7f-tO2vozA5jCFdWZFFty2QmzN1bNU\""
      },
      "remoteAddress": "::1",
      "remotePort": 62244
    }
    [35mcorrelationId[39m: "ui_gov_1774553447738"
    [35mres[39m: {
      "statusCode": 200,
      "headers": {
        "x-powered-by": "Express",
        "access-control-allow-origin": "*",
        "access-control-allow-credentials": "true",
        "x-correlation-id": "ui_gov_1774553447738",
        "content-type": "application/json; charset=utf-8",
        "content-length": "127",
        "etag": "W/\"7f-c1Bn9ivcvg89wLjgsJSk0iFbiTY\""
      }
    }
    [35mresponseTime[39m: 67
[12:30:48.174] [32mINFO[39m (6280): [36mrequest completed[39m
    [35mreq[39m: {
      "id": 72,
      "method": "GET",
      "url": "/api/test-oscar",
      "query": {},
      "params": {
        "path": [
          "test-oscar"
        ]
      },
      "headers": {
        "host": "localhost:3333",
        "connection": "keep-alive",
        "sec-ch-ua-platform": "\"Windows\"",
        "authorization": "Bearer eyJhbGciOiJIUzI1NiIsInR5cCI6IkpXVCJ9.eyJzdWIiOiIwMDAwLTAwMDAtMDAwMCIsImVtYWlsIjoic3VwZXJhZG1pbi1mYWxsYmFja0BxdWV0emFsdGljLmxvY2FsIiwicm9sZSI6IkFETUlOIiwiZXhwIjoxNzc0NjM4NjM5fQ.xmY4FNONhzuEoNvjkhYF1T2QZUS1fNN4eDVqBiZrNoI",
        "user-agent": "Mozilla/5.0 (Windows NT 10.0; Win64; x64) AppleWebKit/537.36 (KHTML, like Gecko) Chrome/146.0.0.0 Safari/537.36",
        "accept": "application/json, text/plain, */*",
        "sec-ch-ua": "\"Chromium\";v=\"146\", \"Not-A.Brand\";v=\"24\", \"Google Chrome\";v=\"146\"",
        "sec-ch-ua-mobile": "?0",
        "origin": "http://localhost:4200",
        "sec-fetch-site": "same-site",
        "sec-fetch-mode": "cors",
        "sec-fetch-dest": "empty",
        "referer": "http://localhost:4200/",
        "accept-encoding": "gzip, deflate, br, zstd",
        "accept-language": "es-ES,es;q=0.9",
        "if-none-match": "W/\"c56c-Qy/k9syl9O7CWqMhDR6Zf5za3Yg\""
      },
      "remoteAddress": "::1",
      "remotePort": 61362
    }
    [35mcorrelationId[39m: "c9a50bde-64da-4e87-b647-c8a66daf9dc9"
    [35mres[39m: {
      "statusCode": 200,
      "headers": {
        "x-powered-by": "Express",
        "access-control-allow-origin": "*",
        "access-control-allow-credentials": "true",
        "x-correlation-id": "c9a50bde-64da-4e87-b647-c8a66daf9dc9",
        "content-type": "application/json; charset=utf-8",
        "content-length": "50540",
        "etag": "W/\"c56c-NtdBEi9erwkuEdDYB5McTdDXvzA\""
      }
    }
    [35mresponseTime[39m: 211
[DEBUG] JWT Payload: {"sub":"0000-0000-0000","email":"superadmin-fallback@quetzaltic.local","role":"ADMIN","exp":1774634468}
[DEBUG] Authenticated Actor: superadmin-fallback@quetzaltic.local
[12:30:49.823] [32mINFO[39m (6280): [36mrequest completed[39m
    [35mreq[39m: {
      "id": 73,
      "method": "GET",
      "url": "/api/governance/lockdown/status",
      "query": {},
      "params": {
        "path": [
          "governance",
          "lockdown",
          "status"
        ]
      },
      "headers": {
        "host": "localhost:3333",
        "connection": "keep-alive",
        "x-actor": "superadmin-fallback@quetzaltic.local",
        "sec-ch-ua-platform": "\"Windows\"",
        "authorization": "Bearer eyJhbGciOiJIUzI1NiIsInR5cCI6IkpXVCJ9.eyJzdWIiOiIwMDAwLTAwMDAtMDAwMCIsImVtYWlsIjoic3VwZXJhZG1pbi1mYWxsYmFja0BxdWV0emFsdGljLmxvY2FsIiwicm9sZSI6IkFETUlOIiwiZXhwIjoxNzc0NjM0NDY4fQ.71bAuAgGefR9QsBusckXe9vf3-u3p2xGEvGAP2evfwo",
        "x-correlation-id": "ui_gov_1774553449756",
        "sec-ch-ua": "\"Chromium\";v=\"146\", \"Not-A.Brand\";v=\"24\", \"Brave\";v=\"146\"",
        "sec-ch-ua-mobile": "?0",
        "x-idempotency-key": "83b906f2-f1c3-45d0-bf53-c9e9c8984d54",
        "user-agent": "Mozilla/5.0 (Windows NT 10.0; Win64; x64) AppleWebKit/537.36 (KHTML, like Gecko) Chrome/146.0.0.0 Safari/537.36",
        "accept": "application/json, text/plain, */*",
        "content-type": "application/json",
        "sec-gpc": "1",
        "accept-language": "es-ES,es;q=0.7",
        "origin": "http://localhost:4200",
        "sec-fetch-site": "same-site",
        "sec-fetch-mode": "cors",
        "sec-fetch-dest": "empty",
        "referer": "http://localhost:4200/",
        "accept-encoding": "gzip, deflate, br, zstd",
        "if-none-match": "W/\"7f-bx7wrytF9agMVjbSNptBFP805XM\""
      },
      "remoteAddress": "::1",
      "remotePort": 64257
    }
    [35mcorrelationId[39m: "ui_gov_1774553449756"
    [35mres[39m: {
      "statusCode": 200,
      "headers": {
        "x-powered-by": "Express",
        "access-control-allow-origin": "*",
        "access-control-allow-credentials": "true",
        "x-correlation-id": "ui_gov_1774553449756",
        "content-type": "application/json; charset=utf-8",
        "content-length": "127",
        "etag": "W/\"7f-Qp1vSL72iYkl5rTc430c210GKuo\""
      }
    }
    [35mresponseTime[39m: 63
[12:30:54.474] [32mINFO[39m (6280): [36mrequest completed[39m
    [35mreq[39m: {
      "id": 74,
      "method": "GET",
      "url": "/api/test-oscar",
      "query": {},
      "params": {
        "path": [
          "test-oscar"
        ]
      },
      "headers": {
        "host": "localhost:3333",
        "connection": "keep-alive",
        "sec-ch-ua-platform": "\"Windows\"",
        "authorization": "Bearer eyJhbGciOiJIUzI1NiIsInR5cCI6IkpXVCJ9.eyJzdWIiOiIwMDAwLTAwMDAtMDAwMCIsImVtYWlsIjoic3VwZXJhZG1pbi1mYWxsYmFja0BxdWV0emFsdGljLmxvY2FsIiwicm9sZSI6IkFETUlOIiwiZXhwIjoxNzc0NjM0NDY4fQ.71bAuAgGefR9QsBusckXe9vf3-u3p2xGEvGAP2evfwo",
        "user-agent": "Mozilla/5.0 (Windows NT 10.0; Win64; x64) AppleWebKit/537.36 (KHTML, like Gecko) Chrome/146.0.0.0 Safari/537.36",
        "accept": "application/json, text/plain, */*",
        "sec-ch-ua": "\"Chromium\";v=\"146\", \"Not-A.Brand\";v=\"24\", \"Brave\";v=\"146\"",
        "sec-ch-ua-mobile": "?0",
        "sec-gpc": "1",
        "accept-language": "es-ES,es;q=0.7",
        "origin": "http://localhost:4200",
        "sec-fetch-site": "same-site",
        "sec-fetch-mode": "cors",
        "sec-fetch-dest": "empty",
        "referer": "http://localhost:4200/",
        "accept-encoding": "gzip, deflate, br, zstd",
        "if-none-match": "W/\"c56c-l7O/Z7cwZdsRq5aq2s2hG3u8TOg\""
      },
      "remoteAddress": "::1",
      "remotePort": 64257
    }
    [35mcorrelationId[39m: "35227c1b-114c-47fb-99bf-be7d677f81b5"
    [35mres[39m: {
      "statusCode": 200,
      "headers": {
        "x-powered-by": "Express",
        "access-control-allow-origin": "*",
        "access-control-allow-credentials": "true",
        "x-correlation-id": "35227c1b-114c-47fb-99bf-be7d677f81b5",
        "content-type": "application/json; charset=utf-8",
        "content-length": "50540",
        "etag": "W/\"c56c-o7MlAqSeuj8P718YAM/k4RavsNY\""
      }
    }
    [35mresponseTime[39m: 185
[DEBUG] JWT Payload: {"sub":"0000-0000-0000","email":"superadmin-fallback@quetzaltic.local","role":"ADMIN","exp":1774634468}
[DEBUG] Authenticated Actor: superadmin-fallback@quetzaltic.local
[12:30:54.844] [32mINFO[39m (6280): [36mrequest completed[39m
    [35mreq[39m: {
      "id": 75,
      "method": "GET",
      "url": "/api/governance/lockdown/status",
      "query": {},
      "params": {
        "path": [
          "governance",
          "lockdown",
          "status"
        ]
      },
      "headers": {
        "host": "localhost:3333",
        "connection": "keep-alive",
        "x-actor": "superadmin-fallback@quetzaltic.local",
        "sec-ch-ua-platform": "\"Windows\"",
        "authorization": "Bearer eyJhbGciOiJIUzI1NiIsInR5cCI6IkpXVCJ9.eyJzdWIiOiIwMDAwLTAwMDAtMDAwMCIsImVtYWlsIjoic3VwZXJhZG1pbi1mYWxsYmFja0BxdWV0emFsdGljLmxvY2FsIiwicm9sZSI6IkFETUlOIiwiZXhwIjoxNzc0NjM0NDY4fQ.71bAuAgGefR9QsBusckXe9vf3-u3p2xGEvGAP2evfwo",
        "x-correlation-id": "ui_gov_1774553454755",
        "sec-ch-ua": "\"Chromium\";v=\"146\", \"Not-A.Brand\";v=\"24\", \"Brave\";v=\"146\"",
        "sec-ch-ua-mobile": "?0",
        "x-idempotency-key": "3adb3a4b-8be1-4e3c-9127-f470cebfd29c",
        "user-agent": "Mozilla/5.0 (Windows NT 10.0; Win64; x64) AppleWebKit/537.36 (KHTML, like Gecko) Chrome/146.0.0.0 Safari/537.36",
        "accept": "application/json, text/plain, */*",
        "content-type": "application/json",
        "sec-gpc": "1",
        "accept-language": "es-ES,es;q=0.7",
        "origin": "http://localhost:4200",
        "sec-fetch-site": "same-site",
        "sec-fetch-mode": "cors",
        "sec-fetch-dest": "empty",
        "referer": "http://localhost:4200/",
        "accept-encoding": "gzip, deflate, br, zstd",
        "if-none-match": "W/\"7f-Qp1vSL72iYkl5rTc430c210GKuo\""
      },
      "remoteAddress": "::1",
      "remotePort": 64257
    }
    [35mcorrelationId[39m: "ui_gov_1774553454755"
    [35mres[39m: {
      "statusCode": 200,
      "headers": {
        "x-powered-by": "Express",
        "access-control-allow-origin": "*",
        "access-control-allow-credentials": "true",
        "x-correlation-id": "ui_gov_1774553454755",
        "content-type": "application/json; charset=utf-8",
        "content-length": "127",
        "etag": "W/\"7f-Wi/Gy22utDjAzD5rzjMLT2Ic7l8\""
      }
    }
    [35mresponseTime[39m: 79
[DEBUG] JWT Payload: {"sub":"0000-0000-0000","email":"superadmin-fallback@quetzaltic.local","role":"ADMIN","exp":1774634468}
[DEBUG] Authenticated Actor: superadmin-fallback@quetzaltic.local
[12:30:59.889] [32mINFO[39m (6280): [36mrequest completed[39m
    [35mreq[39m: {
      "id": 76,
      "method": "GET",
      "url": "/api/governance/lockdown/status",
      "query": {},
      "params": {
        "path": [
          "governance",
          "lockdown",
          "status"
        ]
      },
      "headers": {
        "host": "localhost:3333",
        "connection": "keep-alive",
        "x-actor": "superadmin-fallback@quetzaltic.local",
        "sec-ch-ua-platform": "\"Windows\"",
        "authorization": "Bearer eyJhbGciOiJIUzI1NiIsInR5cCI6IkpXVCJ9.eyJzdWIiOiIwMDAwLTAwMDAtMDAwMCIsImVtYWlsIjoic3VwZXJhZG1pbi1mYWxsYmFja0BxdWV0emFsdGljLmxvY2FsIiwicm9sZSI6IkFETUlOIiwiZXhwIjoxNzc0NjM0NDY4fQ.71bAuAgGefR9QsBusckXe9vf3-u3p2xGEvGAP2evfwo",
        "x-correlation-id": "ui_gov_1774553459760",
        "sec-ch-ua": "\"Chromium\";v=\"146\", \"Not-A.Brand\";v=\"24\", \"Brave\";v=\"146\"",
        "sec-ch-ua-mobile": "?0",
        "x-idempotency-key": "e102d75f-d478-4f11-aa59-25d61e1d3e96",
        "user-agent": "Mozilla/5.0 (Windows NT 10.0; Win64; x64) AppleWebKit/537.36 (KHTML, like Gecko) Chrome/146.0.0.0 Safari/537.36",
        "accept": "application/json, text/plain, */*",
        "content-type": "application/json",
        "sec-gpc": "1",
        "accept-language": "es-ES,es;q=0.7",
        "origin": "http://localhost:4200",
        "sec-fetch-site": "same-site",
        "sec-fetch-mode": "cors",
        "sec-fetch-dest": "empty",
        "referer": "http://localhost:4200/",
        "accept-encoding": "gzip, deflate, br, zstd",
        "if-none-match": "W/\"7f-Wi/Gy22utDjAzD5rzjMLT2Ic7l8\""
      },
      "remoteAddress": "::1",
      "remotePort": 64257
    }
    [35mcorrelationId[39m: "ui_gov_1774553459760"
    [35mres[39m: {
      "statusCode": 200,
      "headers": {
        "x-powered-by": "Express",
        "access-control-allow-origin": "*",
        "access-control-allow-credentials": "true",
        "x-correlation-id": "ui_gov_1774553459760",
        "content-type": "application/json; charset=utf-8",
        "content-length": "127",
        "etag": "W/\"7f-y5bONmdic0oDFs30gIkdVpMwoY0\""
      }
    }
    [35mresponseTime[39m: 122
[12:31:04.538] [32mINFO[39m (6280): [36mrequest completed[39m
    [35mreq[39m: {
      "id": 77,
      "method": "GET",
      "url": "/api/test-oscar",
      "query": {},
      "params": {
        "path": [
          "test-oscar"
        ]
      },
      "headers": {
        "host": "localhost:3333",
        "connection": "keep-alive",
        "sec-ch-ua-platform": "\"Windows\"",
        "authorization": "Bearer eyJhbGciOiJIUzI1NiIsInR5cCI6IkpXVCJ9.eyJzdWIiOiIwMDAwLTAwMDAtMDAwMCIsImVtYWlsIjoic3VwZXJhZG1pbi1mYWxsYmFja0BxdWV0emFsdGljLmxvY2FsIiwicm9sZSI6IkFETUlOIiwiZXhwIjoxNzc0NjM0NDY4fQ.71bAuAgGefR9QsBusckXe9vf3-u3p2xGEvGAP2evfwo",
        "user-agent": "Mozilla/5.0 (Windows NT 10.0; Win64; x64) AppleWebKit/537.36 (KHTML, like Gecko) Chrome/146.0.0.0 Safari/537.36",
        "accept": "application/json, text/plain, */*",
        "sec-ch-ua": "\"Chromium\";v=\"146\", \"Not-A.Brand\";v=\"24\", \"Brave\";v=\"146\"",
        "sec-ch-ua-mobile": "?0",
        "sec-gpc": "1",
        "accept-language": "es-ES,es;q=0.7",
        "origin": "http://localhost:4200",
        "sec-fetch-site": "same-site",
        "sec-fetch-mode": "cors",
        "sec-fetch-dest": "empty",
        "referer": "http://localhost:4200/",
        "accept-encoding": "gzip, deflate, br, zstd",
        "if-none-match": "W/\"c56c-o7MlAqSeuj8P718YAM/k4RavsNY\""
      },
      "remoteAddress": "::1",
      "remotePort": 64257
    }
    [35mcorrelationId[39m: "c03d2109-a491-49bb-8baf-232e6eb009df"
    [35mres[39m: {
      "statusCode": 200,
      "headers": {
        "x-powered-by": "Express",
        "access-control-allow-origin": "*",
        "access-control-allow-credentials": "true",
        "x-correlation-id": "c03d2109-a491-49bb-8baf-232e6eb009df",
        "content-type": "application/json; charset=utf-8",
        "content-length": "50540",
        "etag": "W/\"c56c-nDlZT/wo4/4XwdVg+txRPyqRznk\""
      }
    }
    [35mresponseTime[39m: 243
[DEBUG] JWT Payload: {"sub":"0000-0000-0000","email":"superadmin-fallback@quetzaltic.local","role":"ADMIN","exp":1774634468}
[DEBUG] Authenticated Actor: superadmin-fallback@quetzaltic.local
[12:31:04.867] [32mINFO[39m (6280): [36mrequest completed[39m
    [35mreq[39m: {
      "id": 78,
      "method": "GET",
      "url": "/api/governance/lockdown/status",
      "query": {},
      "params": {
        "path": [
          "governance",
          "lockdown",
          "status"
        ]
      },
      "headers": {
        "host": "localhost:3333",
        "connection": "keep-alive",
        "x-actor": "superadmin-fallback@quetzaltic.local",
        "sec-ch-ua-platform": "\"Windows\"",
        "authorization": "Bearer eyJhbGciOiJIUzI1NiIsInR5cCI6IkpXVCJ9.eyJzdWIiOiIwMDAwLTAwMDAtMDAwMCIsImVtYWlsIjoic3VwZXJhZG1pbi1mYWxsYmFja0BxdWV0emFsdGljLmxvY2FsIiwicm9sZSI6IkFETUlOIiwiZXhwIjoxNzc0NjM0NDY4fQ.71bAuAgGefR9QsBusckXe9vf3-u3p2xGEvGAP2evfwo",
        "x-correlation-id": "ui_gov_1774553464751",
        "sec-ch-ua": "\"Chromium\";v=\"146\", \"Not-A.Brand\";v=\"24\", \"Brave\";v=\"146\"",
        "sec-ch-ua-mobile": "?0",
        "x-idempotency-key": "008686b0-09c7-475c-970b-62382e375dc9",
        "user-agent": "Mozilla/5.0 (Windows NT 10.0; Win64; x64) AppleWebKit/537.36 (KHTML, like Gecko) Chrome/146.0.0.0 Safari/537.36",
        "accept": "application/json, text/plain, */*",
        "content-type": "application/json",
        "sec-gpc": "1",
        "accept-language": "es-ES,es;q=0.7",
        "origin": "http://localhost:4200",
        "sec-fetch-site": "same-site",
        "sec-fetch-mode": "cors",
        "sec-fetch-dest": "empty",
        "referer": "http://localhost:4200/",
        "accept-encoding": "gzip, deflate, br, zstd",
        "if-none-match": "W/\"7f-y5bONmdic0oDFs30gIkdVpMwoY0\""
      },
      "remoteAddress": "::1",
      "remotePort": 64257
    }
    [35mcorrelationId[39m: "ui_gov_1774553464751"
    [35mres[39m: {
      "statusCode": 200,
      "headers": {
        "x-powered-by": "Express",
        "access-control-allow-origin": "*",
        "access-control-allow-credentials": "true",
        "x-correlation-id": "ui_gov_1774553464751",
        "content-type": "application/json; charset=utf-8",
        "content-length": "127",
        "etag": "W/\"7f-RxXtsc3zSz4aF3y6PelaganTbJ4\""
      }
    }
    [35mresponseTime[39m: 72
[DEBUG] JWT Payload: {"sub":"0000-0000-0000","email":"superadmin-fallback@quetzaltic.local","role":"ADMIN","exp":1774634468}
[DEBUG] Authenticated Actor: superadmin-fallback@quetzaltic.local
[12:31:09.860] [32mINFO[39m (6280): [36mrequest completed[39m
    [35mreq[39m: {
      "id": 79,
      "method": "GET",
      "url": "/api/governance/lockdown/status",
      "query": {},
      "params": {
        "path": [
          "governance",
          "lockdown",
          "status"
        ]
      },
      "headers": {
        "host": "localhost:3333",
        "connection": "keep-alive",
        "x-actor": "superadmin-fallback@quetzaltic.local",
        "sec-ch-ua-platform": "\"Windows\"",
        "authorization": "Bearer eyJhbGciOiJIUzI1NiIsInR5cCI6IkpXVCJ9.eyJzdWIiOiIwMDAwLTAwMDAtMDAwMCIsImVtYWlsIjoic3VwZXJhZG1pbi1mYWxsYmFja0BxdWV0emFsdGljLmxvY2FsIiwicm9sZSI6IkFETUlOIiwiZXhwIjoxNzc0NjM0NDY4fQ.71bAuAgGefR9QsBusckXe9vf3-u3p2xGEvGAP2evfwo",
        "x-correlation-id": "ui_gov_1774553469757",
        "sec-ch-ua": "\"Chromium\";v=\"146\", \"Not-A.Brand\";v=\"24\", \"Brave\";v=\"146\"",
        "sec-ch-ua-mobile": "?0",
        "x-idempotency-key": "663fb52b-15cf-4485-ac0c-16003a89555a",
        "user-agent": "Mozilla/5.0 (Windows NT 10.0; Win64; x64) AppleWebKit/537.36 (KHTML, like Gecko) Chrome/146.0.0.0 Safari/537.36",
        "accept": "application/json, text/plain, */*",
        "content-type": "application/json",
        "sec-gpc": "1",
        "accept-language": "es-ES,es;q=0.7",
        "origin": "http://localhost:4200",
        "sec-fetch-site": "same-site",
        "sec-fetch-mode": "cors",
        "sec-fetch-dest": "empty",
        "referer": "http://localhost:4200/",
        "accept-encoding": "gzip, deflate, br, zstd",
        "if-none-match": "W/\"7f-RxXtsc3zSz4aF3y6PelaganTbJ4\""
      },
      "remoteAddress": "::1",
      "remotePort": 64257
    }
    [35mcorrelationId[39m: "ui_gov_1774553469757"
    [35mres[39m: {
      "statusCode": 200,
      "headers": {
        "x-powered-by": "Express",
        "access-control-allow-origin": "*",
        "access-control-allow-credentials": "true",
        "x-correlation-id": "ui_gov_1774553469757",
        "content-type": "application/json; charset=utf-8",
        "content-length": "127",
        "etag": "W/\"7f-QiQnqKbdfDqA2eGIZFhNso6KqW4\""
      }
    }
    [35mresponseTime[39m: 86
[DEBUG] JWT Payload: {"sub":"0000-0000-0000","email":"superadmin-fallback@quetzaltic.local","role":"ADMIN","exp":1774634468}
[DEBUG] Authenticated Actor: superadmin-fallback@quetzaltic.local
[12:31:12.569] [32mINFO[39m (6280): [36mrequest completed[39m
    [35mreq[39m: {
      "id": 80,
      "method": "GET",
      "url": "/api/governance/stats",
      "query": {},
      "params": {
        "path": [
          "governance",
          "stats"
        ]
      },
      "headers": {
        "host": "localhost:3333",
        "connection": "keep-alive",
        "x-actor": "superadmin-fallback@quetzaltic.local",
        "sec-ch-ua-platform": "\"Windows\"",
        "authorization": "Bearer eyJhbGciOiJIUzI1NiIsInR5cCI6IkpXVCJ9.eyJzdWIiOiIwMDAwLTAwMDAtMDAwMCIsImVtYWlsIjoic3VwZXJhZG1pbi1mYWxsYmFja0BxdWV0emFsdGljLmxvY2FsIiwicm9sZSI6IkFETUlOIiwiZXhwIjoxNzc0NjM0NDY4fQ.71bAuAgGefR9QsBusckXe9vf3-u3p2xGEvGAP2evfwo",
        "x-correlation-id": "ui_gov_1774553472347",
        "sec-ch-ua": "\"Chromium\";v=\"146\", \"Not-A.Brand\";v=\"24\", \"Brave\";v=\"146\"",
        "sec-ch-ua-mobile": "?0",
        "x-idempotency-key": "de9386f4-beb9-4dbc-b962-507595536472",
        "user-agent": "Mozilla/5.0 (Windows NT 10.0; Win64; x64) AppleWebKit/537.36 (KHTML, like Gecko) Chrome/146.0.0.0 Safari/537.36",
        "accept": "application/json, text/plain, */*",
        "content-type": "application/json",
        "sec-gpc": "1",
        "accept-language": "es-ES,es;q=0.7",
        "origin": "http://localhost:4200",
        "sec-fetch-site": "same-site",
        "sec-fetch-mode": "cors",
        "sec-fetch-dest": "empty",
        "referer": "http://localhost:4200/",
        "accept-encoding": "gzip, deflate, br, zstd",
        "if-none-match": "W/\"c4-sjg12IRRwiE1Xs6ZY5BRVmknu4I\""
      },
      "remoteAddress": "::1",
      "remotePort": 64257
    }
    [35mcorrelationId[39m: "ui_gov_1774553472347"
    [35mres[39m: {
      "statusCode": 200,
      "headers": {
        "x-powered-by": "Express",
        "access-control-allow-origin": "*",
        "access-control-allow-credentials": "true",
        "x-correlation-id": "ui_gov_1774553472347",
        "content-type": "application/json; charset=utf-8",
        "content-length": "196",
        "etag": "W/\"c4-x3P2F3+6mdqozcIOyNMaEFmqw/U\""
      }
    }
    [35mresponseTime[39m: 215
[12:31:14.756] [32mINFO[39m (6280): [36mrequest completed[39m
    [35mreq[39m: {
      "id": 81,
      "method": "GET",
      "url": "/api/test-oscar",
      "query": {},
      "params": {
        "path": [
          "test-oscar"
        ]
      },
      "headers": {
        "host": "localhost:3333",
        "connection": "keep-alive",
        "sec-ch-ua-platform": "\"Windows\"",
        "authorization": "Bearer eyJhbGciOiJIUzI1NiIsInR5cCI6IkpXVCJ9.eyJzdWIiOiIwMDAwLTAwMDAtMDAwMCIsImVtYWlsIjoic3VwZXJhZG1pbi1mYWxsYmFja0BxdWV0emFsdGljLmxvY2FsIiwicm9sZSI6IkFETUlOIiwiZXhwIjoxNzc0NjM0NDY4fQ.71bAuAgGefR9QsBusckXe9vf3-u3p2xGEvGAP2evfwo",
        "user-agent": "Mozilla/5.0 (Windows NT 10.0; Win64; x64) AppleWebKit/537.36 (KHTML, like Gecko) Chrome/146.0.0.0 Safari/537.36",
        "accept": "application/json, text/plain, */*",
        "sec-ch-ua": "\"Chromium\";v=\"146\", \"Not-A.Brand\";v=\"24\", \"Brave\";v=\"146\"",
        "sec-ch-ua-mobile": "?0",
        "sec-gpc": "1",
        "accept-language": "es-ES,es;q=0.7",
        "origin": "http://localhost:4200",
        "sec-fetch-site": "same-site",
        "sec-fetch-mode": "cors",
        "sec-fetch-dest": "empty",
        "referer": "http://localhost:4200/",
        "accept-encoding": "gzip, deflate, br, zstd",
        "if-none-match": "W/\"c56c-nDlZT/wo4/4XwdVg+txRPyqRznk\""
      },
      "remoteAddress": "::1",
      "remotePort": 64257
    }
    [35mcorrelationId[39m: "37dd54a8-3230-4626-886a-9c0ea3fa012f"
    [35mres[39m: {
      "statusCode": 200,
      "headers": {
        "x-powered-by": "Express",
        "access-control-allow-origin": "*",
        "access-control-allow-credentials": "true",
        "x-correlation-id": "37dd54a8-3230-4626-886a-9c0ea3fa012f",
        "content-type": "application/json; charset=utf-8",
        "content-length": "50540",
        "etag": "W/\"c56c-IHw5kvGibg+2YBxab5qfy6sCAsQ\""
      }
    }
    [35mresponseTime[39m: 460
[DEBUG] JWT Payload: {"sub":"0000-0000-0000","email":"superadmin-fallback@quetzaltic.local","role":"ADMIN","exp":1774634468}
[DEBUG] Authenticated Actor: superadmin-fallback@quetzaltic.local
[12:31:15.937] [32mINFO[39m (6280): [36mrequest completed[39m
    [35mreq[39m: {
      "id": 82,
      "method": "GET",
      "url": "/api/governance/lockdown/status",
      "query": {},
      "params": {
        "path": [
          "governance",
          "lockdown",
          "status"
        ]
      },
      "headers": {
        "host": "localhost:3333",
        "connection": "keep-alive",
        "x-actor": "superadmin-fallback@quetzaltic.local",
        "sec-ch-ua-platform": "\"Windows\"",
        "authorization": "Bearer eyJhbGciOiJIUzI1NiIsInR5cCI6IkpXVCJ9.eyJzdWIiOiIwMDAwLTAwMDAtMDAwMCIsImVtYWlsIjoic3VwZXJhZG1pbi1mYWxsYmFja0BxdWV0emFsdGljLmxvY2FsIiwicm9sZSI6IkFETUlOIiwiZXhwIjoxNzc0NjM0NDY4fQ.71bAuAgGefR9QsBusckXe9vf3-u3p2xGEvGAP2evfwo",
        "x-correlation-id": "ui_gov_1774553474962",
        "sec-ch-ua": "\"Chromium\";v=\"146\", \"Not-A.Brand\";v=\"24\", \"Brave\";v=\"146\"",
        "sec-ch-ua-mobile": "?0",
        "x-idempotency-key": "8776e200-f0eb-4e05-8b2f-6fd334428f92",
        "user-agent": "Mozilla/5.0 (Windows NT 10.0; Win64; x64) AppleWebKit/537.36 (KHTML, like Gecko) Chrome/146.0.0.0 Safari/537.36",
        "accept": "application/json, text/plain, */*",
        "content-type": "application/json",
        "sec-gpc": "1",
        "accept-language": "es-ES,es;q=0.7",
        "origin": "http://localhost:4200",
        "sec-fetch-site": "same-site",
        "sec-fetch-mode": "cors",
        "sec-fetch-dest": "empty",
        "referer": "http://localhost:4200/",
        "accept-encoding": "gzip, deflate, br, zstd",
        "if-none-match": "W/\"7f-QiQnqKbdfDqA2eGIZFhNso6KqW4\""
      },
      "remoteAddress": "::1",
      "remotePort": 64257
    }
    [35mcorrelationId[39m: "ui_gov_1774553474962"
    [35mres[39m: {
      "statusCode": 200,
      "headers": {
        "x-powered-by": "Express",
        "access-control-allow-origin": "*",
        "access-control-allow-credentials": "true",
        "x-correlation-id": "ui_gov_1774553474962",
        "content-type": "application/json; charset=utf-8",
        "content-length": "127",
        "etag": "W/\"7f-qTGVlVpzzY8Fl68P9n6r5pGGeQg\""
      }
    }
    [35mresponseTime[39m: 63
[DEBUG] JWT Payload: {"sub":"0000-0000-0000","email":"superadmin-fallback@quetzaltic.local","role":"ADMIN","exp":1774634468}
[DEBUG] Authenticated Actor: superadmin-fallback@quetzaltic.local
[12:31:19.923] [32mINFO[39m (6280): [36mrequest completed[39m
    [35mreq[39m: {
      "id": 83,
      "method": "GET",
      "url": "/api/governance/lockdown/status",
      "query": {},
      "params": {
        "path": [
          "governance",
          "lockdown",
          "status"
        ]
      },
      "headers": {
        "host": "localhost:3333",
        "connection": "keep-alive",
        "x-actor": "superadmin-fallback@quetzaltic.local",
        "sec-ch-ua-platform": "\"Windows\"",
        "authorization": "Bearer eyJhbGciOiJIUzI1NiIsInR5cCI6IkpXVCJ9.eyJzdWIiOiIwMDAwLTAwMDAtMDAwMCIsImVtYWlsIjoic3VwZXJhZG1pbi1mYWxsYmFja0BxdWV0emFsdGljLmxvY2FsIiwicm9sZSI6IkFETUlOIiwiZXhwIjoxNzc0NjM0NDY4fQ.71bAuAgGefR9QsBusckXe9vf3-u3p2xGEvGAP2evfwo",
        "x-correlation-id": "ui_gov_1774553479752",
        "sec-ch-ua": "\"Chromium\";v=\"146\", \"Not-A.Brand\";v=\"24\", \"Brave\";v=\"146\"",
        "sec-ch-ua-mobile": "?0",
        "x-idempotency-key": "cfa5b67b-c132-4ff4-be69-8e99fc575271",
        "user-agent": "Mozilla/5.0 (Windows NT 10.0; Win64; x64) AppleWebKit/537.36 (KHTML, like Gecko) Chrome/146.0.0.0 Safari/537.36",
        "accept": "application/json, text/plain, */*",
        "content-type": "application/json",
        "sec-gpc": "1",
        "accept-language": "es-ES,es;q=0.7",
        "origin": "http://localhost:4200",
        "sec-fetch-site": "same-site",
        "sec-fetch-mode": "cors",
        "sec-fetch-dest": "empty",
        "referer": "http://localhost:4200/",
        "accept-encoding": "gzip, deflate, br, zstd",
        "if-none-match": "W/\"7f-qTGVlVpzzY8Fl68P9n6r5pGGeQg\""
      },
      "remoteAddress": "::1",
      "remotePort": 64257
    }
    [35mcorrelationId[39m: "ui_gov_1774553479752"
    [35mres[39m: {
      "statusCode": 200,
      "headers": {
        "x-powered-by": "Express",
        "access-control-allow-origin": "*",
        "access-control-allow-credentials": "true",
        "x-correlation-id": "ui_gov_1774553479752",
        "content-type": "application/json; charset=utf-8",
        "content-length": "127",
        "etag": "W/\"7f-a9rcAElLPn7tyUUjswQIugwGwp8\""
      }
    }
    [35mresponseTime[39m: 94
[12:31:24.559] [32mINFO[39m (6280): [36mrequest completed[39m
    [35mreq[39m: {
      "id": 84,
      "method": "GET",
      "url": "/api/test-oscar",
      "query": {},
      "params": {
        "path": [
          "test-oscar"
        ]
      },
      "headers": {
        "host": "localhost:3333",
        "connection": "keep-alive",
        "sec-ch-ua-platform": "\"Windows\"",
        "authorization": "Bearer eyJhbGciOiJIUzI1NiIsInR5cCI6IkpXVCJ9.eyJzdWIiOiIwMDAwLTAwMDAtMDAwMCIsImVtYWlsIjoic3VwZXJhZG1pbi1mYWxsYmFja0BxdWV0emFsdGljLmxvY2FsIiwicm9sZSI6IkFETUlOIiwiZXhwIjoxNzc0NjM0NDY4fQ.71bAuAgGefR9QsBusckXe9vf3-u3p2xGEvGAP2evfwo",
        "user-agent": "Mozilla/5.0 (Windows NT 10.0; Win64; x64) AppleWebKit/537.36 (KHTML, like Gecko) Chrome/146.0.0.0 Safari/537.36",
        "accept": "application/json, text/plain, */*",
        "sec-ch-ua": "\"Chromium\";v=\"146\", \"Not-A.Brand\";v=\"24\", \"Brave\";v=\"146\"",
        "sec-ch-ua-mobile": "?0",
        "sec-gpc": "1",
        "accept-language": "es-ES,es;q=0.7",
        "origin": "http://localhost:4200",
        "sec-fetch-site": "same-site",
        "sec-fetch-mode": "cors",
        "sec-fetch-dest": "empty",
        "referer": "http://localhost:4200/",
        "accept-encoding": "gzip, deflate, br, zstd",
        "if-none-match": "W/\"c56c-IHw5kvGibg+2YBxab5qfy6sCAsQ\""
      },
      "remoteAddress": "::1",
      "remotePort": 64257
    }
    [35mcorrelationId[39m: "438ff75b-e4d9-4c87-8ad7-61c435fa043d"
    [35mres[39m: {
      "statusCode": 200,
      "headers": {
        "x-powered-by": "Express",
        "access-control-allow-origin": "*",
        "access-control-allow-credentials": "true",
        "x-correlation-id": "438ff75b-e4d9-4c87-8ad7-61c435fa043d",
        "content-type": "application/json; charset=utf-8",
        "content-length": "50540",
        "etag": "W/\"c56c-SIwPyWXb27BwuMImhw558i+CIkM\""
      }
    }
    [35mresponseTime[39m: 226
[DEBUG] JWT Payload: {"sub":"0000-0000-0000","email":"superadmin-fallback@quetzaltic.local","role":"ADMIN","exp":1774634468}
[DEBUG] Authenticated Actor: superadmin-fallback@quetzaltic.local
[12:31:25.492] [32mINFO[39m (6280): [36mrequest completed[39m
    [35mreq[39m: {
      "id": 85,
      "method": "GET",
      "url": "/api/governance/lockdown/status",
      "query": {},
      "params": {
        "path": [
          "governance",
          "lockdown",
          "status"
        ]
      },
      "headers": {
        "host": "localhost:3333",
        "connection": "keep-alive",
        "x-actor": "superadmin-fallback@quetzaltic.local",
        "sec-ch-ua-platform": "\"Windows\"",
        "authorization": "Bearer eyJhbGciOiJIUzI1NiIsInR5cCI6IkpXVCJ9.eyJzdWIiOiIwMDAwLTAwMDAtMDAwMCIsImVtYWlsIjoic3VwZXJhZG1pbi1mYWxsYmFja0BxdWV0emFsdGljLmxvY2FsIiwicm9sZSI6IkFETUlOIiwiZXhwIjoxNzc0NjM0NDY4fQ.71bAuAgGefR9QsBusckXe9vf3-u3p2xGEvGAP2evfwo",
        "x-correlation-id": "ui_gov_1774553484751",
        "sec-ch-ua": "\"Chromium\";v=\"146\", \"Not-A.Brand\";v=\"24\", \"Brave\";v=\"146\"",
        "sec-ch-ua-mobile": "?0",
        "x-idempotency-key": "abdad130-e857-4934-ab32-6fb4ce65f7ea",
        "user-agent": "Mozilla/5.0 (Windows NT 10.0; Win64; x64) AppleWebKit/537.36 (KHTML, like Gecko) Chrome/146.0.0.0 Safari/537.36",
        "accept": "application/json, text/plain, */*",
        "content-type": "application/json",
        "sec-gpc": "1",
        "accept-language": "es-ES,es;q=0.7",
        "origin": "http://localhost:4200",
        "sec-fetch-site": "same-site",
        "sec-fetch-mode": "cors",
        "sec-fetch-dest": "empty",
        "referer": "http://localhost:4200/",
        "accept-encoding": "gzip, deflate, br, zstd",
        "if-none-match": "W/\"7f-a9rcAElLPn7tyUUjswQIugwGwp8\""
      },
      "remoteAddress": "::1",
      "remotePort": 64257
    }
    [35mcorrelationId[39m: "ui_gov_1774553484751"
    [35mres[39m: {
      "statusCode": 200,
      "headers": {
        "x-powered-by": "Express",
        "access-control-allow-origin": "*",
        "access-control-allow-credentials": "true",
        "x-correlation-id": "ui_gov_1774553484751",
        "content-type": "application/json; charset=utf-8",
        "content-length": "127",
        "etag": "W/\"7f-zRetBHJnQ5mfJemwKNTiycKTnVQ\""
      }
    }
    [35mresponseTime[39m: 72
[DEBUG] JWT Payload: {"sub":"0000-0000-0000","email":"superadmin-fallback@quetzaltic.local","role":"ADMIN","exp":1774634468}
[DEBUG] Authenticated Actor: superadmin-fallback@quetzaltic.local
[12:31:28.770] [32mINFO[39m (6280): [36mrequest completed[39m
    [35mreq[39m: {
      "id": 86,
      "method": "GET",
      "url": "/api/governance/lockdown/status",
      "query": {},
      "params": {
        "path": [
          "governance",
          "lockdown",
          "status"
        ]
      },
      "headers": {
        "host": "localhost:3333",
        "connection": "keep-alive",
        "x-actor": "superadmin-fallback@quetzaltic.local",
        "sec-ch-ua-platform": "\"Windows\"",
        "authorization": "Bearer eyJhbGciOiJIUzI1NiIsInR5cCI6IkpXVCJ9.eyJzdWIiOiIwMDAwLTAwMDAtMDAwMCIsImVtYWlsIjoic3VwZXJhZG1pbi1mYWxsYmFja0BxdWV0emFsdGljLmxvY2FsIiwicm9sZSI6IkFETUlOIiwiZXhwIjoxNzc0NjM0NDY4fQ.71bAuAgGefR9QsBusckXe9vf3-u3p2xGEvGAP2evfwo",
        "x-correlation-id": "ui_gov_1774553488589",
        "sec-ch-ua": "\"Chromium\";v=\"146\", \"Not-A.Brand\";v=\"24\", \"Brave\";v=\"146\"",
        "sec-ch-ua-mobile": "?0",
        "x-idempotency-key": "efb415c1-5542-48d2-b03b-6a6cee0eee8f",
        "user-agent": "Mozilla/5.0 (Windows NT 10.0; Win64; x64) AppleWebKit/537.36 (KHTML, like Gecko) Chrome/146.0.0.0 Safari/537.36",
        "accept": "application/json, text/plain, */*",
        "content-type": "application/json",
        "sec-gpc": "1",
        "accept-language": "es-ES,es;q=0.7",
        "origin": "http://localhost:4200",
        "sec-fetch-site": "same-site",
        "sec-fetch-mode": "cors",
        "sec-fetch-dest": "empty",
        "referer": "http://localhost:4200/",
        "accept-encoding": "gzip, deflate, br, zstd",
        "if-none-match": "W/\"7f-zRetBHJnQ5mfJemwKNTiycKTnVQ\""
      },
      "remoteAddress": "::1",
      "remotePort": 64257
    }
    [35mcorrelationId[39m: "ui_gov_1774553488589"
    [35mres[39m: {
      "statusCode": 200,
      "headers": {
        "x-powered-by": "Express",
        "access-control-allow-origin": "*",
        "access-control-allow-credentials": "true",
        "x-correlation-id": "ui_gov_1774553488589",
        "content-type": "application/json; charset=utf-8",
        "content-length": "127",
        "etag": "W/\"7f-fBz3xzAqorXRe8KS54aIpzl2+WU\""
      }
    }
    [35mresponseTime[39m: 148
[12:31:29.218] [32mINFO[39m (6280): [36mrequest completed[39m
    [35mreq[39m: {
      "id": 87,
      "method": "GET",
      "url": "/api/test-oscar",
      "query": {},
      "params": {
        "path": [
          "test-oscar"
        ]
      },
      "headers": {
        "host": "localhost:3333",
        "connection": "keep-alive",
        "sec-ch-ua-platform": "\"Windows\"",
        "authorization": "Bearer eyJhbGciOiJIUzI1NiIsInR5cCI6IkpXVCJ9.eyJzdWIiOiIwMDAwLTAwMDAtMDAwMCIsImVtYWlsIjoic3VwZXJhZG1pbi1mYWxsYmFja0BxdWV0emFsdGljLmxvY2FsIiwicm9sZSI6IkFETUlOIiwiZXhwIjoxNzc0NjM0NDY4fQ.71bAuAgGefR9QsBusckXe9vf3-u3p2xGEvGAP2evfwo",
        "user-agent": "Mozilla/5.0 (Windows NT 10.0; Win64; x64) AppleWebKit/537.36 (KHTML, like Gecko) Chrome/146.0.0.0 Safari/537.36",
        "accept": "application/json, text/plain, */*",
        "sec-ch-ua": "\"Chromium\";v=\"146\", \"Not-A.Brand\";v=\"24\", \"Brave\";v=\"146\"",
        "sec-ch-ua-mobile": "?0",
        "sec-gpc": "1",
        "accept-language": "es-ES,es;q=0.7",
        "origin": "http://localhost:4200",
        "sec-fetch-site": "same-site",
        "sec-fetch-mode": "cors",
        "sec-fetch-dest": "empty",
        "referer": "http://localhost:4200/",
        "accept-encoding": "gzip, deflate, br, zstd",
        "if-none-match": "W/\"c56c-SIwPyWXb27BwuMImhw558i+CIkM\""
      },
      "remoteAddress": "::1",
      "remotePort": 64257
    }
    [35mcorrelationId[39m: "6f10f040-b795-43c9-b32d-e14466b1cf9d"
    [35mres[39m: {
      "statusCode": 200,
      "headers": {
        "x-powered-by": "Express",
        "access-control-allow-origin": "*",
        "access-control-allow-credentials": "true",
        "x-correlation-id": "6f10f040-b795-43c9-b32d-e14466b1cf9d",
        "content-type": "application/json; charset=utf-8",
        "content-length": "50540",
        "etag": "W/\"c56c-Cxtk7pLlZaNCSkFZAI6h+64rvfk\""
      }
    }
    [35mresponseTime[39m: 208
[12:31:33.262] [32mINFO[39m (6280): [36mrequest completed[39m
    [35mreq[39m: {
      "id": 88,
      "method": "HEAD",
      "url": "/api/health",
      "query": {},
      "params": {
        "path": [
          "health"
        ]
      },
      "headers": {
        "host": "localhost:3333",
        "user-agent": "curl/8.18.0",
        "accept": "*/*"
      },
      "remoteAddress": "::1",
      "remotePort": 64041
    }
    [35mcorrelationId[39m: "3c876d39-d9f7-4642-b771-aac5b66552e2"
    [35mres[39m: {
      "statusCode": 200,
      "headers": {
        "x-powered-by": "Express",
        "access-control-allow-origin": "*",
        "access-control-allow-credentials": "true",
        "x-correlation-id": "3c876d39-d9f7-4642-b771-aac5b66552e2",
        "cache-control": "no-cache, no-store, must-revalidate",
        "content-type": "application/json; charset=utf-8",
        "content-length": "316",
        "etag": "W/\"13c-olF9Zka5SCrpNPISUx/Y3eb4rOw\""
      }
    }
    [35mresponseTime[39m: 140
[DEBUG] JWT Payload: {"sub":"0000-0000-0000","email":"superadmin-fallback@quetzaltic.local","role":"ADMIN","exp":1774634468}
[DEBUG] Authenticated Actor: superadmin-fallback@quetzaltic.local
[12:31:33.812] [32mINFO[39m (6280): [36mrequest completed[39m
    [35mreq[39m: {
      "id": 89,
      "method": "GET",
      "url": "/api/governance/lockdown/status",
      "query": {},
      "params": {
        "path": [
          "governance",
          "lockdown",
          "status"
        ]
      },
      "headers": {
        "host": "localhost:3333",
        "connection": "keep-alive",
        "x-actor": "superadmin-fallback@quetzaltic.local",
        "sec-ch-ua-platform": "\"Windows\"",
        "authorization": "Bearer eyJhbGciOiJIUzI1NiIsInR5cCI6IkpXVCJ9.eyJzdWIiOiIwMDAwLTAwMDAtMDAwMCIsImVtYWlsIjoic3VwZXJhZG1pbi1mYWxsYmFja0BxdWV0emFsdGljLmxvY2FsIiwicm9sZSI6IkFETUlOIiwiZXhwIjoxNzc0NjM0NDY4fQ.71bAuAgGefR9QsBusckXe9vf3-u3p2xGEvGAP2evfwo",
        "x-correlation-id": "ui_gov_1774553493728",
        "sec-ch-ua": "\"Chromium\";v=\"146\", \"Not-A.Brand\";v=\"24\", \"Brave\";v=\"146\"",
        "sec-ch-ua-mobile": "?0",
        "x-idempotency-key": "c8873170-bd53-4628-abab-6a5d0367a914",
        "user-agent": "Mozilla/5.0 (Windows NT 10.0; Win64; x64) AppleWebKit/537.36 (KHTML, like Gecko) Chrome/146.0.0.0 Safari/537.36",
        "accept": "application/json, text/plain, */*",
        "content-type": "application/json",
        "sec-gpc": "1",
        "accept-language": "es-ES,es;q=0.7",
        "origin": "http://localhost:4200",
        "sec-fetch-site": "same-site",
        "sec-fetch-mode": "cors",
        "sec-fetch-dest": "empty",
        "referer": "http://localhost:4200/",
        "accept-encoding": "gzip, deflate, br, zstd",
        "if-none-match": "W/\"7f-fBz3xzAqorXRe8KS54aIpzl2+WU\""
      },
      "remoteAddress": "::1",
      "remotePort": 64257
    }
    [35mcorrelationId[39m: "ui_gov_1774553493728"
    [35mres[39m: {
      "statusCode": 200,
      "headers": {
        "x-powered-by": "Express",
        "access-control-allow-origin": "*",
        "access-control-allow-credentials": "true",
        "x-correlation-id": "ui_gov_1774553493728",
        "content-type": "application/json; charset=utf-8",
        "content-length": "127",
        "etag": "W/\"7f-Ucy9s3W1ZnvDyNmTpOXZWw7Eb2o\""
      }
    }
    [35mresponseTime[39m: 76
[DEBUG] JWT Payload: {"sub":"0000-0000-0000","email":"superadmin-fallback@quetzaltic.local","role":"ADMIN","exp":1774634468}
[DEBUG] Authenticated Actor: superadmin-fallback@quetzaltic.local
[12:31:38.793] [32mINFO[39m (6280): [36mrequest completed[39m
    [35mreq[39m: {
      "id": 90,
      "method": "GET",
      "url": "/api/governance/lockdown/status",
      "query": {},
      "params": {
        "path": [
          "governance",
          "lockdown",
          "status"
        ]
      },
      "headers": {
        "host": "localhost:3333",
        "connection": "keep-alive",
        "x-actor": "superadmin-fallback@quetzaltic.local",
        "sec-ch-ua-platform": "\"Windows\"",
        "authorization": "Bearer eyJhbGciOiJIUzI1NiIsInR5cCI6IkpXVCJ9.eyJzdWIiOiIwMDAwLTAwMDAtMDAwMCIsImVtYWlsIjoic3VwZXJhZG1pbi1mYWxsYmFja0BxdWV0emFsdGljLmxvY2FsIiwicm9sZSI6IkFETUlOIiwiZXhwIjoxNzc0NjM0NDY4fQ.71bAuAgGefR9QsBusckXe9vf3-u3p2xGEvGAP2evfwo",
        "x-correlation-id": "ui_gov_1774553498724",
        "sec-ch-ua": "\"Chromium\";v=\"146\", \"Not-A.Brand\";v=\"24\", \"Brave\";v=\"146\"",
        "sec-ch-ua-mobile": "?0",
        "x-idempotency-key": "97617d31-d93a-4457-a7c1-088815f1cb87",
        "user-agent": "Mozilla/5.0 (Windows NT 10.0; Win64; x64) AppleWebKit/537.36 (KHTML, like Gecko) Chrome/146.0.0.0 Safari/537.36",
        "accept": "application/json, text/plain, */*",
        "content-type": "application/json",
        "sec-gpc": "1",
        "accept-language": "es-ES,es;q=0.7",
        "origin": "http://localhost:4200",
        "sec-fetch-site": "same-site",
        "sec-fetch-mode": "cors",
        "sec-fetch-dest": "empty",
        "referer": "http://localhost:4200/",
        "accept-encoding": "gzip, deflate, br, zstd",
        "if-none-match": "W/\"7f-Ucy9s3W1ZnvDyNmTpOXZWw7Eb2o\""
      },
      "remoteAddress": "::1",
      "remotePort": 64257
    }
    [35mcorrelationId[39m: "ui_gov_1774553498724"
    [35mres[39m: {
      "statusCode": 200,
      "headers": {
        "x-powered-by": "Express",
        "access-control-allow-origin": "*",
        "access-control-allow-credentials": "true",
        "x-correlation-id": "ui_gov_1774553498724",
        "content-type": "application/json; charset=utf-8",
        "content-length": "127",
        "etag": "W/\"7f-WNTfxXriVng0j5uXqBhc/hrtuJg\""
      }
    }
    [35mresponseTime[39m: 61
[12:31:39.914] [32mINFO[39m (6280): [36mrequest completed[39m
    [35mreq[39m: {
      "id": 91,
      "method": "GET",
      "url": "/api/test-oscar",
      "query": {},
      "params": {
        "path": [
          "test-oscar"
        ]
      },
      "headers": {
        "host": "localhost:3333",
        "connection": "keep-alive",
        "sec-ch-ua-platform": "\"Windows\"",
        "authorization": "Bearer eyJhbGciOiJIUzI1NiIsInR5cCI6IkpXVCJ9.eyJzdWIiOiIwMDAwLTAwMDAtMDAwMCIsImVtYWlsIjoic3VwZXJhZG1pbi1mYWxsYmFja0BxdWV0emFsdGljLmxvY2FsIiwicm9sZSI6IkFETUlOIiwiZXhwIjoxNzc0NjM0NDY4fQ.71bAuAgGefR9QsBusckXe9vf3-u3p2xGEvGAP2evfwo",
        "user-agent": "Mozilla/5.0 (Windows NT 10.0; Win64; x64) AppleWebKit/537.36 (KHTML, like Gecko) Chrome/146.0.0.0 Safari/537.36",
        "accept": "application/json, text/plain, */*",
        "sec-ch-ua": "\"Chromium\";v=\"146\", \"Not-A.Brand\";v=\"24\", \"Brave\";v=\"146\"",
        "sec-ch-ua-mobile": "?0",
        "sec-gpc": "1",
        "accept-language": "es-ES,es;q=0.7",
        "origin": "http://localhost:4200",
        "sec-fetch-site": "same-site",
        "sec-fetch-mode": "cors",
        "sec-fetch-dest": "empty",
        "referer": "http://localhost:4200/",
        "accept-encoding": "gzip, deflate, br, zstd",
        "if-none-match": "W/\"c56c-Cxtk7pLlZaNCSkFZAI6h+64rvfk\""
      },
      "remoteAddress": "::1",
      "remotePort": 64257
    }
    [35mcorrelationId[39m: "eaab8305-3a6b-4c5e-b036-ca08de1f0b76"
    [35mres[39m: {
      "statusCode": 200,
      "headers": {
        "x-powered-by": "Express",
        "access-control-allow-origin": "*",
        "access-control-allow-credentials": "true",
        "x-correlation-id": "eaab8305-3a6b-4c5e-b036-ca08de1f0b76",
        "content-type": "application/json; charset=utf-8",
        "content-length": "50540",
        "etag": "W/\"c56c-ElB68hELkCCf/MC2llOAtNUwaO4\""
      }
    }
    [35mresponseTime[39m: 183
[DEBUG] JWT Payload: {"sub":"0000-0000-0000","email":"superadmin-fallback@quetzaltic.local","role":"ADMIN","exp":1774634468}
[DEBUG] Authenticated Actor: superadmin-fallback@quetzaltic.local
[12:31:44.922] [32mINFO[39m (6280): [36mrequest completed[39m
    [35mreq[39m: {
      "id": 92,
      "method": "GET",
      "url": "/api/governance/lockdown/status",
      "query": {},
      "params": {
        "path": [
          "governance",
          "lockdown",
          "status"
        ]
      },
      "headers": {
        "host": "localhost:3333",
        "connection": "keep-alive",
        "x-actor": "superadmin-fallback@quetzaltic.local",
        "sec-ch-ua-platform": "\"Windows\"",
        "authorization": "Bearer eyJhbGciOiJIUzI1NiIsInR5cCI6IkpXVCJ9.eyJzdWIiOiIwMDAwLTAwMDAtMDAwMCIsImVtYWlsIjoic3VwZXJhZG1pbi1mYWxsYmFja0BxdWV0emFsdGljLmxvY2FsIiwicm9sZSI6IkFETUlOIiwiZXhwIjoxNzc0NjM0NDY4fQ.71bAuAgGefR9QsBusckXe9vf3-u3p2xGEvGAP2evfwo",
        "x-correlation-id": "ui_gov_1774553503735",
        "sec-ch-ua": "\"Chromium\";v=\"146\", \"Not-A.Brand\";v=\"24\", \"Brave\";v=\"146\"",
        "sec-ch-ua-mobile": "?0",
        "x-idempotency-key": "05333562-a297-43d5-b884-3781f81d7b3b",
        "user-agent": "Mozilla/5.0 (Windows NT 10.0; Win64; x64) AppleWebKit/537.36 (KHTML, like Gecko) Chrome/146.0.0.0 Safari/537.36",
        "accept": "application/json, text/plain, */*",
        "content-type": "application/json",
        "sec-gpc": "1",
        "accept-language": "es-ES,es;q=0.7",
        "origin": "http://localhost:4200",
        "sec-fetch-site": "same-site",
        "sec-fetch-mode": "cors",
        "sec-fetch-dest": "empty",
        "referer": "http://localhost:4200/",
        "accept-encoding": "gzip, deflate, br, zstd",
        "if-none-match": "W/\"7f-WNTfxXriVng0j5uXqBhc/hrtuJg\""
      },
      "remoteAddress": "::1",
      "remotePort": 64257
    }
    [35mcorrelationId[39m: "ui_gov_1774553503735"
    [35mres[39m: {
      "statusCode": 200,
      "headers": {
        "x-powered-by": "Express",
        "access-control-allow-origin": "*",
        "access-control-allow-credentials": "true",
        "x-correlation-id": "ui_gov_1774553503735",
        "content-type": "application/json; charset=utf-8",
        "content-length": "127",
        "etag": "W/\"7f-I5oa9qWW3zRdW8RFkrjPyGbeAvc\""
      }
    }
    [35mresponseTime[39m: 68
[DEBUG] JWT Payload: {"sub":"323eac7b-615e-4bb2-b4da-1327cd63a13b","email":"oscar","role":"OPERATOR","exp":1774634503}
[DEBUG] Authenticated Actor: oscar
[12:31:47.838] [32mINFO[39m (6280): [36mrequest completed[39m
    [35mreq[39m: {
      "id": 93,
      "method": "GET",
      "url": "/api/governance/lockdown/status",
      "query": {},
      "params": {
        "path": [
          "governance",
          "lockdown",
          "status"
        ]
      },
      "headers": {
        "host": "localhost:3333",
        "connection": "keep-alive",
        "x-actor": "oscar",
        "sec-ch-ua-platform": "\"Windows\"",
        "authorization": "Bearer eyJhbGciOiJIUzI1NiIsInR5cCI6IkpXVCJ9.eyJzdWIiOiIzMjNlYWM3Yi02MTVlLTRiYjItYjRkYS0xMzI3Y2Q2M2ExM2IiLCJlbWFpbCI6Im9zY2FyIiwicm9sZSI6Ik9QRVJBVE9SIiwiZXhwIjoxNzc0NjM0NTAzfQ.J7klEKAA3C-Tm9Gl19iwGBgwv3ylSn9-YLxh_vQ7hXE",
        "x-correlation-id": "ui_gov_1774553507735",
        "sec-ch-ua": "\"Chromium\";v=\"146\", \"Not-A.Brand\";v=\"24\", \"Brave\";v=\"146\"",
        "sec-ch-ua-mobile": "?0",
        "x-idempotency-key": "04690643-0ad8-4fe2-8516-2cf0e0dd6592",
        "user-agent": "Mozilla/5.0 (Windows NT 10.0; Win64; x64) AppleWebKit/537.36 (KHTML, like Gecko) Chrome/146.0.0.0 Safari/537.36",
        "accept": "application/json, text/plain, */*",
        "content-type": "application/json",
        "sec-gpc": "1",
        "accept-language": "es-ES,es;q=0.7",
        "origin": "http://localhost:4200",
        "sec-fetch-site": "same-site",
        "sec-fetch-mode": "cors",
        "sec-fetch-dest": "empty",
        "referer": "http://localhost:4200/",
        "accept-encoding": "gzip, deflate, br, zstd",
        "if-none-match": "W/\"7f-I5oa9qWW3zRdW8RFkrjPyGbeAvc\""
      },
      "remoteAddress": "::1",
      "remotePort": 64257
    }
    [35mcorrelationId[39m: "ui_gov_1774553507735"
    [35mres[39m: {
      "statusCode": 200,
      "headers": {
        "x-powered-by": "Express",
        "access-control-allow-origin": "*",
        "access-control-allow-credentials": "true",
        "x-correlation-id": "ui_gov_1774553507735",
        "content-type": "application/json; charset=utf-8",
        "content-length": "127",
        "etag": "W/\"7f-jo5bmoFiQm+agqU+UMEqRqmC/ZE\""
      }
    }
    [35mresponseTime[39m: 57
[DEBUG] JWT Payload: {"sub":"0000-0000-0000","email":"superadmin-fallback@quetzaltic.local","role":"ADMIN","exp":1774638639}
[DEBUG] Authenticated Actor: superadmin-fallback@quetzaltic.local
[12:31:48.180] [32mINFO[39m (6280): [36mrequest completed[39m
    [35mreq[39m: {
      "id": 94,
      "method": "GET",
      "url": "/api/governance/lockdown/status",
      "query": {},
      "params": {
        "path": [
          "governance",
          "lockdown",
          "status"
        ]
      },
      "headers": {
        "host": "localhost:3333",
        "connection": "keep-alive",
        "x-actor": "superadmin-fallback@quetzaltic.local",
        "sec-ch-ua-platform": "\"Windows\"",
        "authorization": "Bearer eyJhbGciOiJIUzI1NiIsInR5cCI6IkpXVCJ9.eyJzdWIiOiIwMDAwLTAwMDAtMDAwMCIsImVtYWlsIjoic3VwZXJhZG1pbi1mYWxsYmFja0BxdWV0emFsdGljLmxvY2FsIiwicm9sZSI6IkFETUlOIiwiZXhwIjoxNzc0NjM4NjM5fQ.xmY4FNONhzuEoNvjkhYF1T2QZUS1fNN4eDVqBiZrNoI",
        "x-correlation-id": "ui_gov_1774553507817",
        "sec-ch-ua": "\"Chromium\";v=\"146\", \"Not-A.Brand\";v=\"24\", \"Google Chrome\";v=\"146\"",
        "sec-ch-ua-mobile": "?0",
        "x-idempotency-key": "86eb55e2-ea5f-40df-a78c-8eca6d887898",
        "user-agent": "Mozilla/5.0 (Windows NT 10.0; Win64; x64) AppleWebKit/537.36 (KHTML, like Gecko) Chrome/146.0.0.0 Safari/537.36",
        "accept": "application/json, text/plain, */*",
        "content-type": "application/json",
        "origin": "http://localhost:4200",
        "sec-fetch-site": "same-site",
        "sec-fetch-mode": "cors",
        "sec-fetch-dest": "empty",
        "referer": "http://localhost:4200/",
        "accept-encoding": "gzip, deflate, br, zstd",
        "accept-language": "es-ES,es;q=0.9",
        "if-none-match": "W/\"7f-c1Bn9ivcvg89wLjgsJSk0iFbiTY\""
      },
      "remoteAddress": "::1",
      "remotePort": 53304
    }
    [35mcorrelationId[39m: "ui_gov_1774553507817"
    [35mres[39m: {
      "statusCode": 200,
      "headers": {
        "x-powered-by": "Express",
        "access-control-allow-origin": "*",
        "access-control-allow-credentials": "true",
        "x-correlation-id": "ui_gov_1774553507817",
        "content-type": "application/json; charset=utf-8",
        "content-length": "127",
        "etag": "W/\"7f-fd8VjEsIjQILrHi0b1U7JO3SMSM\""
      }
    }
    [35mresponseTime[39m: 58
[12:31:48.374] [32mINFO[39m (6280): [36mrequest completed[39m
    [35mreq[39m: {
      "id": 95,
      "method": "GET",
      "url": "/api/test-oscar",
      "query": {},
      "params": {
        "path": [
          "test-oscar"
        ]
      },
      "headers": {
        "host": "localhost:3333",
        "connection": "keep-alive",
        "sec-ch-ua-platform": "\"Windows\"",
        "authorization": "Bearer eyJhbGciOiJIUzI1NiIsInR5cCI6IkpXVCJ9.eyJzdWIiOiIwMDAwLTAwMDAtMDAwMCIsImVtYWlsIjoic3VwZXJhZG1pbi1mYWxsYmFja0BxdWV0emFsdGljLmxvY2FsIiwicm9sZSI6IkFETUlOIiwiZXhwIjoxNzc0NjM4NjM5fQ.xmY4FNONhzuEoNvjkhYF1T2QZUS1fNN4eDVqBiZrNoI",
        "user-agent": "Mozilla/5.0 (Windows NT 10.0; Win64; x64) AppleWebKit/537.36 (KHTML, like Gecko) Chrome/146.0.0.0 Safari/537.36",
        "accept": "application/json, text/plain, */*",
        "sec-ch-ua": "\"Chromium\";v=\"146\", \"Not-A.Brand\";v=\"24\", \"Google Chrome\";v=\"146\"",
        "sec-ch-ua-mobile": "?0",
        "origin": "http://localhost:4200",
        "sec-fetch-site": "same-site",
        "sec-fetch-mode": "cors",
        "sec-fetch-dest": "empty",
        "referer": "http://localhost:4200/",
        "accept-encoding": "gzip, deflate, br, zstd",
        "accept-language": "es-ES,es;q=0.9",
        "if-none-match": "W/\"c56c-NtdBEi9erwkuEdDYB5McTdDXvzA\""
      },
      "remoteAddress": "::1",
      "remotePort": 53117
    }
    [35mcorrelationId[39m: "4c3a7a23-331a-4f7f-a311-65c236f47f5c"
    [35mres[39m: {
      "statusCode": 200,
      "headers": {
        "x-powered-by": "Express",
        "access-control-allow-origin": "*",
        "access-control-allow-credentials": "true",
        "x-correlation-id": "4c3a7a23-331a-4f7f-a311-65c236f47f5c",
        "content-type": "application/json; charset=utf-8",
        "content-length": "50540",
        "etag": "W/\"c56c-OljnR39ZQu2ljfl3NNinpkE8NO4\""
      }
    }
    [35mresponseTime[39m: 251
[DEBUG] JWT Payload: {"sub":"0000-0000-0000","email":"superadmin-fallback@quetzaltic.local","role":"ADMIN","exp":1774634468}
[DEBUG] Authenticated Actor: superadmin-fallback@quetzaltic.local
[12:31:48.787] [32mINFO[39m (6280): [36mrequest completed[39m
    [35mreq[39m: {
      "id": 96,
      "method": "GET",
      "url": "/api/governance/lockdown/status",
      "query": {},
      "params": {
        "path": [
          "governance",
          "lockdown",
          "status"
        ]
      },
      "headers": {
        "host": "localhost:3333",
        "connection": "keep-alive",
        "x-actor": "superadmin-fallback@quetzaltic.local",
        "sec-ch-ua-platform": "\"Windows\"",
        "authorization": "Bearer eyJhbGciOiJIUzI1NiIsInR5cCI6IkpXVCJ9.eyJzdWIiOiIwMDAwLTAwMDAtMDAwMCIsImVtYWlsIjoic3VwZXJhZG1pbi1mYWxsYmFja0BxdWV0emFsdGljLmxvY2FsIiwicm9sZSI6IkFETUlOIiwiZXhwIjoxNzc0NjM0NDY4fQ.71bAuAgGefR9QsBusckXe9vf3-u3p2xGEvGAP2evfwo",
        "x-correlation-id": "ui_gov_1774553508724",
        "sec-ch-ua": "\"Chromium\";v=\"146\", \"Not-A.Brand\";v=\"24\", \"Brave\";v=\"146\"",
        "sec-ch-ua-mobile": "?0",
        "x-idempotency-key": "3cc38d84-eef3-43ab-913b-29534ac9136d",
        "user-agent": "Mozilla/5.0 (Windows NT 10.0; Win64; x64) AppleWebKit/537.36 (KHTML, like Gecko) Chrome/146.0.0.0 Safari/537.36",
        "accept": "application/json, text/plain, */*",
        "content-type": "application/json",
        "sec-gpc": "1",
        "accept-language": "es-ES,es;q=0.7",
        "origin": "http://localhost:4200",
        "sec-fetch-site": "same-site",
        "sec-fetch-mode": "cors",
        "sec-fetch-dest": "empty",
        "referer": "http://localhost:4200/",
        "accept-encoding": "gzip, deflate, br, zstd",
        "if-none-match": "W/\"7f-jo5bmoFiQm+agqU+UMEqRqmC/ZE\""
      },
      "remoteAddress": "::1",
      "remotePort": 64257
    }
    [35mcorrelationId[39m: "ui_gov_1774553508724"
    [35mres[39m: {
      "statusCode": 200,
      "headers": {
        "x-powered-by": "Express",
        "access-control-allow-origin": "*",
        "access-control-allow-credentials": "true",
        "x-correlation-id": "ui_gov_1774553508724",
        "content-type": "application/json; charset=utf-8",
        "content-length": "127",
        "etag": "W/\"7f-jrKktLpKh5hgoFwGw9uHfSkw7d8\""
      }
    }
    [35mresponseTime[39m: 59
[12:31:49.915] [32mINFO[39m (6280): [36mrequest completed[39m
    [35mreq[39m: {
      "id": 97,
      "method": "GET",
      "url": "/api/test-oscar",
      "query": {},
      "params": {
        "path": [
          "test-oscar"
        ]
      },
      "headers": {
        "host": "localhost:3333",
        "connection": "keep-alive",
        "sec-ch-ua-platform": "\"Windows\"",
        "authorization": "Bearer eyJhbGciOiJIUzI1NiIsInR5cCI6IkpXVCJ9.eyJzdWIiOiIwMDAwLTAwMDAtMDAwMCIsImVtYWlsIjoic3VwZXJhZG1pbi1mYWxsYmFja0BxdWV0emFsdGljLmxvY2FsIiwicm9sZSI6IkFETUlOIiwiZXhwIjoxNzc0NjM0NDY4fQ.71bAuAgGefR9QsBusckXe9vf3-u3p2xGEvGAP2evfwo",
        "user-agent": "Mozilla/5.0 (Windows NT 10.0; Win64; x64) AppleWebKit/537.36 (KHTML, like Gecko) Chrome/146.0.0.0 Safari/537.36",
        "accept": "application/json, text/plain, */*",
        "sec-ch-ua": "\"Chromium\";v=\"146\", \"Not-A.Brand\";v=\"24\", \"Brave\";v=\"146\"",
        "sec-ch-ua-mobile": "?0",
        "sec-gpc": "1",
        "accept-language": "es-ES,es;q=0.7",
        "origin": "http://localhost:4200",
        "sec-fetch-site": "same-site",
        "sec-fetch-mode": "cors",
        "sec-fetch-dest": "empty",
        "referer": "http://localhost:4200/",
        "accept-encoding": "gzip, deflate, br, zstd",
        "if-none-match": "W/\"c56c-ElB68hELkCCf/MC2llOAtNUwaO4\""
      },
      "remoteAddress": "::1",
      "remotePort": 64257
    }
    [35mcorrelationId[39m: "133c5bab-4b69-4824-be1d-6e5bf6cec729"
    [35mres[39m: {
      "statusCode": 200,
      "headers": {
        "x-powered-by": "Express",
        "access-control-allow-origin": "*",
        "access-control-allow-credentials": "true",
        "x-correlation-id": "133c5bab-4b69-4824-be1d-6e5bf6cec729",
        "content-type": "application/json; charset=utf-8",
        "content-length": "50540",
        "etag": "W/\"c56c-++b7FPWEDuByOI/NpOZjaZlRUi0\""
      }
    }
    [35mresponseTime[39m: 187
[DEBUG] JWT Payload: {"sub":"0000-0000-0000","email":"superadmin-fallback@quetzaltic.local","role":"ADMIN","exp":1774634468}
[DEBUG] Authenticated Actor: superadmin-fallback@quetzaltic.local
[12:31:53.797] [32mINFO[39m (6280): [36mrequest completed[39m
    [35mreq[39m: {
      "id": 98,
      "method": "GET",
      "url": "/api/governance/lockdown/status",
      "query": {},
      "params": {
        "path": [
          "governance",
          "lockdown",
          "status"
        ]
      },
      "headers": {
        "host": "localhost:3333",
        "connection": "keep-alive",
        "x-actor": "superadmin-fallback@quetzaltic.local",
        "sec-ch-ua-platform": "\"Windows\"",
        "authorization": "Bearer eyJhbGciOiJIUzI1NiIsInR5cCI6IkpXVCJ9.eyJzdWIiOiIwMDAwLTAwMDAtMDAwMCIsImVtYWlsIjoic3VwZXJhZG1pbi1mYWxsYmFja0BxdWV0emFsdGljLmxvY2FsIiwicm9sZSI6IkFETUlOIiwiZXhwIjoxNzc0NjM0NDY4fQ.71bAuAgGefR9QsBusckXe9vf3-u3p2xGEvGAP2evfwo",
        "x-correlation-id": "ui_gov_1774553513725",
        "sec-ch-ua": "\"Chromium\";v=\"146\", \"Not-A.Brand\";v=\"24\", \"Brave\";v=\"146\"",
        "sec-ch-ua-mobile": "?0",
        "x-idempotency-key": "381b1c33-bd75-4863-9ccb-2eba99aa3ded",
        "user-agent": "Mozilla/5.0 (Windows NT 10.0; Win64; x64) AppleWebKit/537.36 (KHTML, like Gecko) Chrome/146.0.0.0 Safari/537.36",
        "accept": "application/json, text/plain, */*",
        "content-type": "application/json",
        "sec-gpc": "1",
        "accept-language": "es-ES,es;q=0.7",
        "origin": "http://localhost:4200",
        "sec-fetch-site": "same-site",
        "sec-fetch-mode": "cors",
        "sec-fetch-dest": "empty",
        "referer": "http://localhost:4200/",
        "accept-encoding": "gzip, deflate, br, zstd",
        "if-none-match": "W/\"7f-jrKktLpKh5hgoFwGw9uHfSkw7d8\""
      },
      "remoteAddress": "::1",
      "remotePort": 64257
    }
    [35mcorrelationId[39m: "ui_gov_1774553513725"
    [35mres[39m: {
      "statusCode": 200,
      "headers": {
        "x-powered-by": "Express",
        "access-control-allow-origin": "*",
        "access-control-allow-credentials": "true",
        "x-correlation-id": "ui_gov_1774553513725",
        "content-type": "application/json; charset=utf-8",
        "content-length": "127",
        "etag": "W/\"7f-jt0cblGo1GXJWpORtFeyGZOtxEc\""
      }
    }
    [35mresponseTime[39m: 60
[DEBUG] JWT Payload: {"sub":"0000-0000-0000","email":"superadmin-fallback@quetzaltic.local","role":"ADMIN","exp":1774634468}
[DEBUG] Authenticated Actor: superadmin-fallback@quetzaltic.local
[12:31:58.866] [32mINFO[39m (6280): [36mrequest completed[39m
    [35mreq[39m: {
      "id": 99,
      "method": "GET",
      "url": "/api/governance/lockdown/status",
      "query": {},
      "params": {
        "path": [
          "governance",
          "lockdown",
          "status"
        ]
      },
      "headers": {
        "host": "localhost:3333",
        "connection": "keep-alive",
        "x-actor": "superadmin-fallback@quetzaltic.local",
        "sec-ch-ua-platform": "\"Windows\"",
        "authorization": "Bearer eyJhbGciOiJIUzI1NiIsInR5cCI6IkpXVCJ9.eyJzdWIiOiIwMDAwLTAwMDAtMDAwMCIsImVtYWlsIjoic3VwZXJhZG1pbi1mYWxsYmFja0BxdWV0emFsdGljLmxvY2FsIiwicm9sZSI6IkFETUlOIiwiZXhwIjoxNzc0NjM0NDY4fQ.71bAuAgGefR9QsBusckXe9vf3-u3p2xGEvGAP2evfwo",
        "x-correlation-id": "ui_gov_1774553518721",
        "sec-ch-ua": "\"Chromium\";v=\"146\", \"Not-A.Brand\";v=\"24\", \"Brave\";v=\"146\"",
        "sec-ch-ua-mobile": "?0",
        "x-idempotency-key": "12afab52-16db-4347-8c9d-de6c82f18f23",
        "user-agent": "Mozilla/5.0 (Windows NT 10.0; Win64; x64) AppleWebKit/537.36 (KHTML, like Gecko) Chrome/146.0.0.0 Safari/537.36",
        "accept": "application/json, text/plain, */*",
        "content-type": "application/json",
        "sec-gpc": "1",
        "accept-language": "es-ES,es;q=0.7",
        "origin": "http://localhost:4200",
        "sec-fetch-site": "same-site",
        "sec-fetch-mode": "cors",
        "sec-fetch-dest": "empty",
        "referer": "http://localhost:4200/",
        "accept-encoding": "gzip, deflate, br, zstd",
        "if-none-match": "W/\"7f-jt0cblGo1GXJWpORtFeyGZOtxEc\""
      },
      "remoteAddress": "::1",
      "remotePort": 64257
    }
    [35mcorrelationId[39m: "ui_gov_1774553518721"
    [35mres[39m: {
      "statusCode": 200,
      "headers": {
        "x-powered-by": "Express",
        "access-control-allow-origin": "*",
        "access-control-allow-credentials": "true",
        "x-correlation-id": "ui_gov_1774553518721",
        "content-type": "application/json; charset=utf-8",
        "content-length": "127",
        "etag": "W/\"7f-Vb/ptG2b4AweELHD6hiQVoqZ7Qc\""
      }
    }
    [35mresponseTime[39m: 70
[12:31:59.939] [32mINFO[39m (6280): [36mrequest completed[39m
    [35mreq[39m: {
      "id": 100,
      "method": "GET",
      "url": "/api/test-oscar",
      "query": {},
      "params": {
        "path": [
          "test-oscar"
        ]
      },
      "headers": {
        "host": "localhost:3333",
        "connection": "keep-alive",
        "sec-ch-ua-platform": "\"Windows\"",
        "authorization": "Bearer eyJhbGciOiJIUzI1NiIsInR5cCI6IkpXVCJ9.eyJzdWIiOiIwMDAwLTAwMDAtMDAwMCIsImVtYWlsIjoic3VwZXJhZG1pbi1mYWxsYmFja0BxdWV0emFsdGljLmxvY2FsIiwicm9sZSI6IkFETUlOIiwiZXhwIjoxNzc0NjM0NDY4fQ.71bAuAgGefR9QsBusckXe9vf3-u3p2xGEvGAP2evfwo",
        "user-agent": "Mozilla/5.0 (Windows NT 10.0; Win64; x64) AppleWebKit/537.36 (KHTML, like Gecko) Chrome/146.0.0.0 Safari/537.36",
        "accept": "application/json, text/plain, */*",
        "sec-ch-ua": "\"Chromium\";v=\"146\", \"Not-A.Brand\";v=\"24\", \"Brave\";v=\"146\"",
        "sec-ch-ua-mobile": "?0",
        "sec-gpc": "1",
        "accept-language": "es-ES,es;q=0.7",
        "origin": "http://localhost:4200",
        "sec-fetch-site": "same-site",
        "sec-fetch-mode": "cors",
        "sec-fetch-dest": "empty",
        "referer": "http://localhost:4200/",
        "accept-encoding": "gzip, deflate, br, zstd",
        "if-none-match": "W/\"c56c-++b7FPWEDuByOI/NpOZjaZlRUi0\""
      },
      "remoteAddress": "::1",
      "remotePort": 64257
    }
    [35mcorrelationId[39m: "c98549af-714d-4321-8b87-1305bc0b06db"
    [35mres[39m: {
      "statusCode": 200,
      "headers": {
        "x-powered-by": "Express",
        "access-control-allow-origin": "*",
        "access-control-allow-credentials": "true",
        "x-correlation-id": "c98549af-714d-4321-8b87-1305bc0b06db",
        "content-type": "application/json; charset=utf-8",
        "content-length": "50540",
        "etag": "W/\"c56c-b9S8h9xQ4zOscLW3OEnAmsfiPnc\""
      }
    }
    [35mresponseTime[39m: 192
[DEBUG] JWT Payload: {"sub":"0000-0000-0000","email":"superadmin-fallback@quetzaltic.local","role":"ADMIN","exp":1774634468}
[DEBUG] Authenticated Actor: superadmin-fallback@quetzaltic.local
[12:32:03.838] [32mINFO[39m (6280): [36mrequest completed[39m
    [35mreq[39m: {
      "id": 101,
      "method": "GET",
      "url": "/api/governance/lockdown/status",
      "query": {},
      "params": {
        "path": [
          "governance",
          "lockdown",
          "status"
        ]
      },
      "headers": {
        "host": "localhost:3333",
        "connection": "keep-alive",
        "x-actor": "superadmin-fallback@quetzaltic.local",
        "sec-ch-ua-platform": "\"Windows\"",
        "authorization": "Bearer eyJhbGciOiJIUzI1NiIsInR5cCI6IkpXVCJ9.eyJzdWIiOiIwMDAwLTAwMDAtMDAwMCIsImVtYWlsIjoic3VwZXJhZG1pbi1mYWxsYmFja0BxdWV0emFsdGljLmxvY2FsIiwicm9sZSI6IkFETUlOIiwiZXhwIjoxNzc0NjM0NDY4fQ.71bAuAgGefR9QsBusckXe9vf3-u3p2xGEvGAP2evfwo",
        "x-correlation-id": "ui_gov_1774553523720",
        "sec-ch-ua": "\"Chromium\";v=\"146\", \"Not-A.Brand\";v=\"24\", \"Brave\";v=\"146\"",
        "sec-ch-ua-mobile": "?0",
        "x-idempotency-key": "91333edc-9667-4789-9e6c-8b4e8da08623",
        "user-agent": "Mozilla/5.0 (Windows NT 10.0; Win64; x64) AppleWebKit/537.36 (KHTML, like Gecko) Chrome/146.0.0.0 Safari/537.36",
        "accept": "application/json, text/plain, */*",
        "content-type": "application/json",
        "sec-gpc": "1",
        "accept-language": "es-ES,es;q=0.7",
        "origin": "http://localhost:4200",
        "sec-fetch-site": "same-site",
        "sec-fetch-mode": "cors",
        "sec-fetch-dest": "empty",
        "referer": "http://localhost:4200/",
        "accept-encoding": "gzip, deflate, br, zstd",
        "if-none-match": "W/\"7f-Vb/ptG2b4AweELHD6hiQVoqZ7Qc\""
      },
      "remoteAddress": "::1",
      "remotePort": 64257
    }
    [35mcorrelationId[39m: "ui_gov_1774553523720"
    [35mres[39m: {
      "statusCode": 200,
      "headers": {
        "x-powered-by": "Express",
        "access-control-allow-origin": "*",
        "access-control-allow-credentials": "true",
        "x-correlation-id": "ui_gov_1774553523720",
        "content-type": "application/json; charset=utf-8",
        "content-length": "127",
        "etag": "W/\"7f-Rx30ffDwZojM8ojUOQrV9Vo2ckk\""
      }
    }
    [35mresponseTime[39m: 114
[DEBUG] JWT Payload: {"sub":"0000-0000-0000","email":"superadmin-fallback@quetzaltic.local","role":"ADMIN","exp":1774634468}
[DEBUG] Authenticated Actor: superadmin-fallback@quetzaltic.local
[12:32:08.802] [32mINFO[39m (6280): [36mrequest completed[39m
    [35mreq[39m: {
      "id": 102,
      "method": "GET",
      "url": "/api/governance/lockdown/status",
      "query": {},
      "params": {
        "path": [
          "governance",
          "lockdown",
          "status"
        ]
      },
      "headers": {
        "host": "localhost:3333",
        "connection": "keep-alive",
        "x-actor": "superadmin-fallback@quetzaltic.local",
        "sec-ch-ua-platform": "\"Windows\"",
        "authorization": "Bearer eyJhbGciOiJIUzI1NiIsInR5cCI6IkpXVCJ9.eyJzdWIiOiIwMDAwLTAwMDAtMDAwMCIsImVtYWlsIjoic3VwZXJhZG1pbi1mYWxsYmFja0BxdWV0emFsdGljLmxvY2FsIiwicm9sZSI6IkFETUlOIiwiZXhwIjoxNzc0NjM0NDY4fQ.71bAuAgGefR9QsBusckXe9vf3-u3p2xGEvGAP2evfwo",
        "x-correlation-id": "ui_gov_1774553528729",
        "sec-ch-ua": "\"Chromium\";v=\"146\", \"Not-A.Brand\";v=\"24\", \"Brave\";v=\"146\"",
        "sec-ch-ua-mobile": "?0",
        "x-idempotency-key": "54fd594c-9ba4-4f5e-be56-65c124c57ee4",
        "user-agent": "Mozilla/5.0 (Windows NT 10.0; Win64; x64) AppleWebKit/537.36 (KHTML, like Gecko) Chrome/146.0.0.0 Safari/537.36",
        "accept": "application/json, text/plain, */*",
        "content-type": "application/json",
        "sec-gpc": "1",
        "accept-language": "es-ES,es;q=0.7",
        "origin": "http://localhost:4200",
        "sec-fetch-site": "same-site",
        "sec-fetch-mode": "cors",
        "sec-fetch-dest": "empty",
        "referer": "http://localhost:4200/",
        "accept-encoding": "gzip, deflate, br, zstd",
        "if-none-match": "W/\"7f-Rx30ffDwZojM8ojUOQrV9Vo2ckk\""
      },
      "remoteAddress": "::1",
      "remotePort": 64257
    }
    [35mcorrelationId[39m: "ui_gov_1774553528729"
    [35mres[39m: {
      "statusCode": 200,
      "headers": {
        "x-powered-by": "Express",
        "access-control-allow-origin": "*",
        "access-control-allow-credentials": "true",
        "x-correlation-id": "ui_gov_1774553528729",
        "content-type": "application/json; charset=utf-8",
        "content-length": "127",
        "etag": "W/\"7f-oHuRzPoysasIRHU0UrhfYUJnysM\""
      }
    }
    [35mresponseTime[39m: 64
[12:32:09.923] [32mINFO[39m (6280): [36mrequest completed[39m
    [35mreq[39m: {
      "id": 103,
      "method": "GET",
      "url": "/api/test-oscar",
      "query": {},
      "params": {
        "path": [
          "test-oscar"
        ]
      },
      "headers": {
        "host": "localhost:3333",
        "connection": "keep-alive",
        "sec-ch-ua-platform": "\"Windows\"",
        "authorization": "Bearer eyJhbGciOiJIUzI1NiIsInR5cCI6IkpXVCJ9.eyJzdWIiOiIwMDAwLTAwMDAtMDAwMCIsImVtYWlsIjoic3VwZXJhZG1pbi1mYWxsYmFja0BxdWV0emFsdGljLmxvY2FsIiwicm9sZSI6IkFETUlOIiwiZXhwIjoxNzc0NjM0NDY4fQ.71bAuAgGefR9QsBusckXe9vf3-u3p2xGEvGAP2evfwo",
        "user-agent": "Mozilla/5.0 (Windows NT 10.0; Win64; x64) AppleWebKit/537.36 (KHTML, like Gecko) Chrome/146.0.0.0 Safari/537.36",
        "accept": "application/json, text/plain, */*",
        "sec-ch-ua": "\"Chromium\";v=\"146\", \"Not-A.Brand\";v=\"24\", \"Brave\";v=\"146\"",
        "sec-ch-ua-mobile": "?0",
        "sec-gpc": "1",
        "accept-language": "es-ES,es;q=0.7",
        "origin": "http://localhost:4200",
        "sec-fetch-site": "same-site",
        "sec-fetch-mode": "cors",
        "sec-fetch-dest": "empty",
        "referer": "http://localhost:4200/",
        "accept-encoding": "gzip, deflate, br, zstd",
        "if-none-match": "W/\"c56c-b9S8h9xQ4zOscLW3OEnAmsfiPnc\""
      },
      "remoteAddress": "::1",
      "remotePort": 64257
    }
    [35mcorrelationId[39m: "32b36871-df55-41e3-8a19-77bbe54af720"
    [35mres[39m: {
      "statusCode": 200,
      "headers": {
        "x-powered-by": "Express",
        "access-control-allow-origin": "*",
        "access-control-allow-credentials": "true",
        "x-correlation-id": "32b36871-df55-41e3-8a19-77bbe54af720",
        "content-type": "application/json; charset=utf-8",
        "content-length": "50540",
        "etag": "W/\"c56c-16yo7+QT0iOmgM+osd4HSvMZdWY\""
      }
    }
    [35mresponseTime[39m: 188
[DEBUG] JWT Payload: {"sub":"0000-0000-0000","email":"superadmin-fallback@quetzaltic.local","role":"ADMIN","exp":1774634468}
[DEBUG] Authenticated Actor: superadmin-fallback@quetzaltic.local
[12:32:13.798] [32mINFO[39m (6280): [36mrequest completed[39m
    [35mreq[39m: {
      "id": 104,
      "method": "GET",
      "url": "/api/governance/lockdown/status",
      "query": {},
      "params": {
        "path": [
          "governance",
          "lockdown",
          "status"
        ]
      },
      "headers": {
        "host": "localhost:3333",
        "connection": "keep-alive",
        "x-actor": "superadmin-fallback@quetzaltic.local",
        "sec-ch-ua-platform": "\"Windows\"",
        "authorization": "Bearer eyJhbGciOiJIUzI1NiIsInR5cCI6IkpXVCJ9.eyJzdWIiOiIwMDAwLTAwMDAtMDAwMCIsImVtYWlsIjoic3VwZXJhZG1pbi1mYWxsYmFja0BxdWV0emFsdGljLmxvY2FsIiwicm9sZSI6IkFETUlOIiwiZXhwIjoxNzc0NjM0NDY4fQ.71bAuAgGefR9QsBusckXe9vf3-u3p2xGEvGAP2evfwo",
        "x-correlation-id": "ui_gov_1774553533726",
        "sec-ch-ua": "\"Chromium\";v=\"146\", \"Not-A.Brand\";v=\"24\", \"Brave\";v=\"146\"",
        "sec-ch-ua-mobile": "?0",
        "x-idempotency-key": "39102b24-d8fa-4719-a361-5b05c2b96956",
        "user-agent": "Mozilla/5.0 (Windows NT 10.0; Win64; x64) AppleWebKit/537.36 (KHTML, like Gecko) Chrome/146.0.0.0 Safari/537.36",
        "accept": "application/json, text/plain, */*",
        "content-type": "application/json",
        "sec-gpc": "1",
        "accept-language": "es-ES,es;q=0.7",
        "origin": "http://localhost:4200",
        "sec-fetch-site": "same-site",
        "sec-fetch-mode": "cors",
        "sec-fetch-dest": "empty",
        "referer": "http://localhost:4200/",
        "accept-encoding": "gzip, deflate, br, zstd",
        "if-none-match": "W/\"7f-oHuRzPoysasIRHU0UrhfYUJnysM\""
      },
      "remoteAddress": "::1",
      "remotePort": 64257
    }
    [35mcorrelationId[39m: "ui_gov_1774553533726"
    [35mres[39m: {
      "statusCode": 200,
      "headers": {
        "x-powered-by": "Express",
        "access-control-allow-origin": "*",
        "access-control-allow-credentials": "true",
        "x-correlation-id": "ui_gov_1774553533726",
        "content-type": "application/json; charset=utf-8",
        "content-length": "127",
        "etag": "W/\"7f-5vtXs/lmkb7Bok0ej6qG3D11u7M\""
      }
    }
    [35mresponseTime[39m: 66
[DEBUG] JWT Payload: {"sub":"0000-0000-0000","email":"superadmin-fallback@quetzaltic.local","role":"ADMIN","exp":1774634468}
[DEBUG] Authenticated Actor: superadmin-fallback@quetzaltic.local
[12:32:18.888] [32mINFO[39m (6280): [36mrequest completed[39m
    [35mreq[39m: {
      "id": 105,
      "method": "GET",
      "url": "/api/governance/lockdown/status",
      "query": {},
      "params": {
        "path": [
          "governance",
          "lockdown",
          "status"
        ]
      },
      "headers": {
        "host": "localhost:3333",
        "connection": "keep-alive",
        "x-actor": "superadmin-fallback@quetzaltic.local",
        "sec-ch-ua-platform": "\"Windows\"",
        "authorization": "Bearer eyJhbGciOiJIUzI1NiIsInR5cCI6IkpXVCJ9.eyJzdWIiOiIwMDAwLTAwMDAtMDAwMCIsImVtYWlsIjoic3VwZXJhZG1pbi1mYWxsYmFja0BxdWV0emFsdGljLmxvY2FsIiwicm9sZSI6IkFETUlOIiwiZXhwIjoxNzc0NjM0NDY4fQ.71bAuAgGefR9QsBusckXe9vf3-u3p2xGEvGAP2evfwo",
        "x-correlation-id": "ui_gov_1774553538730",
        "sec-ch-ua": "\"Chromium\";v=\"146\", \"Not-A.Brand\";v=\"24\", \"Brave\";v=\"146\"",
        "sec-ch-ua-mobile": "?0",
        "x-idempotency-key": "2e67b9ac-c3a5-4bcc-b348-945cf10a4865",
        "user-agent": "Mozilla/5.0 (Windows NT 10.0; Win64; x64) AppleWebKit/537.36 (KHTML, like Gecko) Chrome/146.0.0.0 Safari/537.36",
        "accept": "application/json, text/plain, */*",
        "content-type": "application/json",
        "sec-gpc": "1",
        "accept-language": "es-ES,es;q=0.7",
        "origin": "http://localhost:4200",
        "sec-fetch-site": "same-site",
        "sec-fetch-mode": "cors",
        "sec-fetch-dest": "empty",
        "referer": "http://localhost:4200/",
        "accept-encoding": "gzip, deflate, br, zstd",
        "if-none-match": "W/\"7f-5vtXs/lmkb7Bok0ej6qG3D11u7M\""
      },
      "remoteAddress": "::1",
      "remotePort": 64257
    }
    [35mcorrelationId[39m: "ui_gov_1774553538730"
    [35mres[39m: {
      "statusCode": 200,
      "headers": {
        "x-powered-by": "Express",
        "access-control-allow-origin": "*",
        "access-control-allow-credentials": "true",
        "x-correlation-id": "ui_gov_1774553538730",
        "content-type": "application/json; charset=utf-8",
        "content-length": "127",
        "etag": "W/\"7f-cV2zG6+tLyH46jN9SjiTkc6cBlo\""
      }
    }
    [35mresponseTime[39m: 150
[12:32:19.999] [32mINFO[39m (6280): [36mrequest completed[39m
    [35mreq[39m: {
      "id": 106,
      "method": "GET",
      "url": "/api/test-oscar",
      "query": {},
      "params": {
        "path": [
          "test-oscar"
        ]
      },
      "headers": {
        "host": "localhost:3333",
        "connection": "keep-alive",
        "sec-ch-ua-platform": "\"Windows\"",
        "authorization": "Bearer eyJhbGciOiJIUzI1NiIsInR5cCI6IkpXVCJ9.eyJzdWIiOiIwMDAwLTAwMDAtMDAwMCIsImVtYWlsIjoic3VwZXJhZG1pbi1mYWxsYmFja0BxdWV0emFsdGljLmxvY2FsIiwicm9sZSI6IkFETUlOIiwiZXhwIjoxNzc0NjM0NDY4fQ.71bAuAgGefR9QsBusckXe9vf3-u3p2xGEvGAP2evfwo",
        "user-agent": "Mozilla/5.0 (Windows NT 10.0; Win64; x64) AppleWebKit/537.36 (KHTML, like Gecko) Chrome/146.0.0.0 Safari/537.36",
        "accept": "application/json, text/plain, */*",
        "sec-ch-ua": "\"Chromium\";v=\"146\", \"Not-A.Brand\";v=\"24\", \"Brave\";v=\"146\"",
        "sec-ch-ua-mobile": "?0",
        "sec-gpc": "1",
        "accept-language": "es-ES,es;q=0.7",
        "origin": "http://localhost:4200",
        "sec-fetch-site": "same-site",
        "sec-fetch-mode": "cors",
        "sec-fetch-dest": "empty",
        "referer": "http://localhost:4200/",
        "accept-encoding": "gzip, deflate, br, zstd",
        "if-none-match": "W/\"c56c-16yo7+QT0iOmgM+osd4HSvMZdWY\""
      },
      "remoteAddress": "::1",
      "remotePort": 64257
    }
    [35mcorrelationId[39m: "e36d50ba-d264-480e-8efd-337290f1fec8"
    [35mres[39m: {
      "statusCode": 200,
      "headers": {
        "x-powered-by": "Express",
        "access-control-allow-origin": "*",
        "access-control-allow-credentials": "true",
        "x-correlation-id": "e36d50ba-d264-480e-8efd-337290f1fec8",
        "content-type": "application/json; charset=utf-8",
        "content-length": "50540",
        "etag": "W/\"c56c-mXZUKnrWXghm18q6ck8vfTUdEFg\""
      }
    }
    [35mresponseTime[39m: 265
[DEBUG] JWT Payload: {"sub":"0000-0000-0000","email":"superadmin-fallback@quetzaltic.local","role":"ADMIN","exp":1774634468}
[DEBUG] Authenticated Actor: superadmin-fallback@quetzaltic.local
[12:32:23.794] [32mINFO[39m (6280): [36mrequest completed[39m
    [35mreq[39m: {
      "id": 107,
      "method": "GET",
      "url": "/api/governance/lockdown/status",
      "query": {},
      "params": {
        "path": [
          "governance",
          "lockdown",
          "status"
        ]
      },
      "headers": {
        "host": "localhost:3333",
        "connection": "keep-alive",
        "x-actor": "superadmin-fallback@quetzaltic.local",
        "sec-ch-ua-platform": "\"Windows\"",
        "authorization": "Bearer eyJhbGciOiJIUzI1NiIsInR5cCI6IkpXVCJ9.eyJzdWIiOiIwMDAwLTAwMDAtMDAwMCIsImVtYWlsIjoic3VwZXJhZG1pbi1mYWxsYmFja0BxdWV0emFsdGljLmxvY2FsIiwicm9sZSI6IkFETUlOIiwiZXhwIjoxNzc0NjM0NDY4fQ.71bAuAgGefR9QsBusckXe9vf3-u3p2xGEvGAP2evfwo",
        "x-correlation-id": "ui_gov_1774553543720",
        "sec-ch-ua": "\"Chromium\";v=\"146\", \"Not-A.Brand\";v=\"24\", \"Brave\";v=\"146\"",
        "sec-ch-ua-mobile": "?0",
        "x-idempotency-key": "eddd7d40-9046-422e-b4f4-21364109a3af",
        "user-agent": "Mozilla/5.0 (Windows NT 10.0; Win64; x64) AppleWebKit/537.36 (KHTML, like Gecko) Chrome/146.0.0.0 Safari/537.36",
        "accept": "application/json, text/plain, */*",
        "content-type": "application/json",
        "sec-gpc": "1",
        "accept-language": "es-ES,es;q=0.7",
        "origin": "http://localhost:4200",
        "sec-fetch-site": "same-site",
        "sec-fetch-mode": "cors",
        "sec-fetch-dest": "empty",
        "referer": "http://localhost:4200/",
        "accept-encoding": "gzip, deflate, br, zstd",
        "if-none-match": "W/\"7f-cV2zG6+tLyH46jN9SjiTkc6cBlo\""
      },
      "remoteAddress": "::1",
      "remotePort": 64257
    }
    [35mcorrelationId[39m: "ui_gov_1774553543720"
    [35mres[39m: {
      "statusCode": 200,
      "headers": {
        "x-powered-by": "Express",
        "access-control-allow-origin": "*",
        "access-control-allow-credentials": "true",
        "x-correlation-id": "ui_gov_1774553543720",
        "content-type": "application/json; charset=utf-8",
        "content-length": "127",
        "etag": "W/\"7f-rxEPeqwz/TwEnLeL3hjO1BEVMMM\""
      }
    }
    [35mresponseTime[39m: 67
[DEBUG] JWT Payload: {"sub":"0000-0000-0000","email":"superadmin-fallback@quetzaltic.local","role":"ADMIN","exp":1774634468}
[DEBUG] Authenticated Actor: superadmin-fallback@quetzaltic.local
[12:32:42.765] [32mINFO[39m (6280): [36mrequest completed[39m
    [35mreq[39m: {
      "id": 108,
      "method": "GET",
      "url": "/api/governance/lockdown/status",
      "query": {},
      "params": {
        "path": [
          "governance",
          "lockdown",
          "status"
        ]
      },
      "headers": {
        "host": "localhost:3333",
        "connection": "keep-alive",
        "x-actor": "superadmin-fallback@quetzaltic.local",
        "sec-ch-ua-platform": "\"Windows\"",
        "authorization": "Bearer eyJhbGciOiJIUzI1NiIsInR5cCI6IkpXVCJ9.eyJzdWIiOiIwMDAwLTAwMDAtMDAwMCIsImVtYWlsIjoic3VwZXJhZG1pbi1mYWxsYmFja0BxdWV0emFsdGljLmxvY2FsIiwicm9sZSI6IkFETUlOIiwiZXhwIjoxNzc0NjM0NDY4fQ.71bAuAgGefR9QsBusckXe9vf3-u3p2xGEvGAP2evfwo",
        "x-correlation-id": "ui_gov_1774553562630",
        "sec-ch-ua": "\"Chromium\";v=\"146\", \"Not-A.Brand\";v=\"24\", \"Brave\";v=\"146\"",
        "sec-ch-ua-mobile": "?0",
        "x-idempotency-key": "084f2fe4-a380-4c94-9d5b-c01fc50fcde4",
        "user-agent": "Mozilla/5.0 (Windows NT 10.0; Win64; x64) AppleWebKit/537.36 (KHTML, like Gecko) Chrome/146.0.0.0 Safari/537.36",
        "accept": "application/json, text/plain, */*",
        "content-type": "application/json",
        "sec-gpc": "1",
        "accept-language": "es-ES,es;q=0.7",
        "origin": "http://localhost:4200",
        "sec-fetch-site": "same-site",
        "sec-fetch-mode": "cors",
        "sec-fetch-dest": "empty",
        "referer": "http://localhost:4200/",
        "accept-encoding": "gzip, deflate, br, zstd",
        "if-none-match": "W/\"7f-rxEPeqwz/TwEnLeL3hjO1BEVMMM\""
      },
      "remoteAddress": "::1",
      "remotePort": 56074
    }
    [35mcorrelationId[39m: "ui_gov_1774553562630"
    [35mres[39m: {
      "statusCode": 200,
      "headers": {
        "x-powered-by": "Express",
        "access-control-allow-origin": "*",
        "access-control-allow-credentials": "true",
        "x-correlation-id": "ui_gov_1774553562630",
        "content-type": "application/json; charset=utf-8",
        "content-length": "127",
        "etag": "W/\"7f-3uopAtAJif5b4j2eBL3dd0kZtFA\""
      }
    }
    [35mresponseTime[39m: 118
[12:32:42.888] [32mINFO[39m (6280): [36mrequest completed[39m
    [35mreq[39m: {
      "id": 109,
      "method": "GET",
      "url": "/api/test-oscar",
      "query": {},
      "params": {
        "path": [
          "test-oscar"
        ]
      },
      "headers": {
        "host": "localhost:3333",
        "connection": "keep-alive",
        "sec-ch-ua-platform": "\"Windows\"",
        "authorization": "Bearer eyJhbGciOiJIUzI1NiIsInR5cCI6IkpXVCJ9.eyJzdWIiOiIwMDAwLTAwMDAtMDAwMCIsImVtYWlsIjoic3VwZXJhZG1pbi1mYWxsYmFja0BxdWV0emFsdGljLmxvY2FsIiwicm9sZSI6IkFETUlOIiwiZXhwIjoxNzc0NjM0NDY4fQ.71bAuAgGefR9QsBusckXe9vf3-u3p2xGEvGAP2evfwo",
        "user-agent": "Mozilla/5.0 (Windows NT 10.0; Win64; x64) AppleWebKit/537.36 (KHTML, like Gecko) Chrome/146.0.0.0 Safari/537.36",
        "accept": "application/json, text/plain, */*",
        "sec-ch-ua": "\"Chromium\";v=\"146\", \"Not-A.Brand\";v=\"24\", \"Brave\";v=\"146\"",
        "sec-ch-ua-mobile": "?0",
        "sec-gpc": "1",
        "accept-language": "es-ES,es;q=0.7",
        "origin": "http://localhost:4200",
        "sec-fetch-site": "same-site",
        "sec-fetch-mode": "cors",
        "sec-fetch-dest": "empty",
        "referer": "http://localhost:4200/",
        "accept-encoding": "gzip, deflate, br, zstd",
        "if-none-match": "W/\"c56c-mXZUKnrWXghm18q6ck8vfTUdEFg\""
      },
      "remoteAddress": "::1",
      "remotePort": 58205
    }
    [35mcorrelationId[39m: "fea07c23-cd5c-4868-90b9-b2f67461b725"
    [35mres[39m: {
      "statusCode": 200,
      "headers": {
        "x-powered-by": "Express",
        "access-control-allow-origin": "*",
        "access-control-allow-credentials": "true",
        "x-correlation-id": "fea07c23-cd5c-4868-90b9-b2f67461b725",
        "content-type": "application/json; charset=utf-8",
        "content-length": "50540",
        "etag": "W/\"c56c-WPYkH3QZrVE4celwUN3R698cvo0\""
      }
    }
    [35mresponseTime[39m: 238
[DEBUG] JWT Payload: {"sub":"0000-0000-0000","email":"superadmin-fallback@quetzaltic.local","role":"ADMIN","exp":1774634468}
[DEBUG] Authenticated Actor: superadmin-fallback@quetzaltic.local
[12:32:43.659] [32mINFO[39m (6280): [36mrequest completed[39m
    [35mreq[39m: {
      "id": 110,
      "method": "GET",
      "url": "/api/governance/lockdown/status",
      "query": {},
      "params": {
        "path": [
          "governance",
          "lockdown",
          "status"
        ]
      },
      "headers": {
        "host": "localhost:3333",
        "connection": "keep-alive",
        "x-actor": "superadmin-fallback@quetzaltic.local",
        "sec-ch-ua-platform": "\"Windows\"",
        "authorization": "Bearer eyJhbGciOiJIUzI1NiIsInR5cCI6IkpXVCJ9.eyJzdWIiOiIwMDAwLTAwMDAtMDAwMCIsImVtYWlsIjoic3VwZXJhZG1pbi1mYWxsYmFja0BxdWV0emFsdGljLmxvY2FsIiwicm9sZSI6IkFETUlOIiwiZXhwIjoxNzc0NjM0NDY4fQ.71bAuAgGefR9QsBusckXe9vf3-u3p2xGEvGAP2evfwo",
        "x-correlation-id": "ui_gov_1774553563594",
        "sec-ch-ua": "\"Chromium\";v=\"146\", \"Not-A.Brand\";v=\"24\", \"Brave\";v=\"146\"",
        "sec-ch-ua-mobile": "?0",
        "x-idempotency-key": "9e825d14-f661-4f10-baed-15461eb65197",
        "user-agent": "Mozilla/5.0 (Windows NT 10.0; Win64; x64) AppleWebKit/537.36 (KHTML, like Gecko) Chrome/146.0.0.0 Safari/537.36",
        "accept": "application/json, text/plain, */*",
        "content-type": "application/json",
        "sec-gpc": "1",
        "accept-language": "es-ES,es;q=0.7",
        "origin": "http://localhost:4200",
        "sec-fetch-site": "same-site",
        "sec-fetch-mode": "cors",
        "sec-fetch-dest": "empty",
        "referer": "http://localhost:4200/",
        "accept-encoding": "gzip, deflate, br, zstd",
        "if-none-match": "W/\"7f-3uopAtAJif5b4j2eBL3dd0kZtFA\""
      },
      "remoteAddress": "::1",
      "remotePort": 58205
    }
    [35mcorrelationId[39m: "ui_gov_1774553563594"
    [35mres[39m: {
      "statusCode": 200,
      "headers": {
        "x-powered-by": "Express",
        "access-control-allow-origin": "*",
        "access-control-allow-credentials": "true",
        "x-correlation-id": "ui_gov_1774553563594",
        "content-type": "application/json; charset=utf-8",
        "content-length": "127",
        "etag": "W/\"7f-2zVGQALZYCUzV6ulMZEVVr/OSbI\""
      }
    }
    [35mresponseTime[39m: 62
[DEBUG] JWT Payload: {"sub":"0000-0000-0000","email":"superadmin-fallback@quetzaltic.local","role":"ADMIN","exp":1774634468}
[DEBUG] Authenticated Actor: superadmin-fallback@quetzaltic.local
[12:32:45.748] [32mINFO[39m (6280): [36mrequest completed[39m
    [35mreq[39m: {
      "id": 111,
      "method": "GET",
      "url": "/api/governance/lockdown/status",
      "query": {},
      "params": {
        "path": [
          "governance",
          "lockdown",
          "status"
        ]
      },
      "headers": {
        "host": "localhost:3333",
        "connection": "keep-alive",
        "x-actor": "superadmin-fallback@quetzaltic.local",
        "sec-ch-ua-platform": "\"Windows\"",
        "authorization": "Bearer eyJhbGciOiJIUzI1NiIsInR5cCI6IkpXVCJ9.eyJzdWIiOiIwMDAwLTAwMDAtMDAwMCIsImVtYWlsIjoic3VwZXJhZG1pbi1mYWxsYmFja0BxdWV0emFsdGljLmxvY2FsIiwicm9sZSI6IkFETUlOIiwiZXhwIjoxNzc0NjM0NDY4fQ.71bAuAgGefR9QsBusckXe9vf3-u3p2xGEvGAP2evfwo",
        "x-correlation-id": "ui_gov_1774553565671",
        "sec-ch-ua": "\"Chromium\";v=\"146\", \"Not-A.Brand\";v=\"24\", \"Brave\";v=\"146\"",
        "sec-ch-ua-mobile": "?0",
        "x-idempotency-key": "a346891e-3315-435a-903d-c80bc5287813",
        "user-agent": "Mozilla/5.0 (Windows NT 10.0; Win64; x64) AppleWebKit/537.36 (KHTML, like Gecko) Chrome/146.0.0.0 Safari/537.36",
        "accept": "application/json, text/plain, */*",
        "content-type": "application/json",
        "sec-gpc": "1",
        "accept-language": "es-ES,es;q=0.7",
        "origin": "http://localhost:4200",
        "sec-fetch-site": "same-site",
        "sec-fetch-mode": "cors",
        "sec-fetch-dest": "empty",
        "referer": "http://localhost:4200/",
        "accept-encoding": "gzip, deflate, br, zstd",
        "if-none-match": "W/\"7f-2zVGQALZYCUzV6ulMZEVVr/OSbI\""
      },
      "remoteAddress": "::1",
      "remotePort": 58205
    }
    [35mcorrelationId[39m: "ui_gov_1774553565671"
    [35mres[39m: {
      "statusCode": 200,
      "headers": {
        "x-powered-by": "Express",
        "access-control-allow-origin": "*",
        "access-control-allow-credentials": "true",
        "x-correlation-id": "ui_gov_1774553565671",
        "content-type": "application/json; charset=utf-8",
        "content-length": "127",
        "etag": "W/\"7f-dgLOvp9lGwVeuPiKeY5YHsu6oRs\""
      }
    }
    [35mresponseTime[39m: 69
[12:32:45.905] [32mINFO[39m (6280): [36mrequest completed[39m
    [35mreq[39m: {
      "id": 112,
      "method": "GET",
      "url": "/api/test-oscar",
      "query": {},
      "params": {
        "path": [
          "test-oscar"
        ]
      },
      "headers": {
        "host": "localhost:3333",
        "connection": "keep-alive",
        "sec-ch-ua-platform": "\"Windows\"",
        "authorization": "Bearer eyJhbGciOiJIUzI1NiIsInR5cCI6IkpXVCJ9.eyJzdWIiOiIwMDAwLTAwMDAtMDAwMCIsImVtYWlsIjoic3VwZXJhZG1pbi1mYWxsYmFja0BxdWV0emFsdGljLmxvY2FsIiwicm9sZSI6IkFETUlOIiwiZXhwIjoxNzc0NjM0NDY4fQ.71bAuAgGefR9QsBusckXe9vf3-u3p2xGEvGAP2evfwo",
        "user-agent": "Mozilla/5.0 (Windows NT 10.0; Win64; x64) AppleWebKit/537.36 (KHTML, like Gecko) Chrome/146.0.0.0 Safari/537.36",
        "accept": "application/json, text/plain, */*",
        "sec-ch-ua": "\"Chromium\";v=\"146\", \"Not-A.Brand\";v=\"24\", \"Brave\";v=\"146\"",
        "sec-ch-ua-mobile": "?0",
        "sec-gpc": "1",
        "accept-language": "es-ES,es;q=0.7",
        "origin": "http://localhost:4200",
        "sec-fetch-site": "same-site",
        "sec-fetch-mode": "cors",
        "sec-fetch-dest": "empty",
        "referer": "http://localhost:4200/",
        "accept-encoding": "gzip, deflate, br, zstd",
        "if-none-match": "W/\"c56c-WPYkH3QZrVE4celwUN3R698cvo0\""
      },
      "remoteAddress": "::1",
      "remotePort": 56074
    }
    [35mcorrelationId[39m: "d3236063-7539-4c5e-9597-c0af0b2b2006"
    [35mres[39m: {
      "statusCode": 200,
      "headers": {
        "x-powered-by": "Express",
        "access-control-allow-origin": "*",
        "access-control-allow-credentials": "true",
        "x-correlation-id": "d3236063-7539-4c5e-9597-c0af0b2b2006",
        "content-type": "application/json; charset=utf-8",
        "content-length": "50540",
        "etag": "W/\"c56c-JdQwHmfXSOd167A1QnAe8daUKgA\""
      }
    }
    [35mresponseTime[39m: 192
[DEBUG] JWT Payload: {"sub":"0000-0000-0000","email":"superadmin-fallback@quetzaltic.local","role":"ADMIN","exp":1774638639}
[DEBUG] Authenticated Actor: superadmin-fallback@quetzaltic.local
[DEBUG] JWT Payload: {"sub":"323eac7b-615e-4bb2-b4da-1327cd63a13b","email":"oscar","role":"OPERATOR","exp":1774634503}
[DEBUG] Authenticated Actor: oscar
[12:32:47.804] [32mINFO[39m (6280): [36mrequest completed[39m
    [35mreq[39m: {
      "id": 114,
      "method": "GET",
      "url": "/api/governance/lockdown/status",
      "query": {},
      "params": {
        "path": [
          "governance",
          "lockdown",
          "status"
        ]
      },
      "headers": {
        "host": "localhost:3333",
        "connection": "keep-alive",
        "x-actor": "superadmin-fallback@quetzaltic.local",
        "sec-ch-ua-platform": "\"Windows\"",
        "authorization": "Bearer eyJhbGciOiJIUzI1NiIsInR5cCI6IkpXVCJ9.eyJzdWIiOiIwMDAwLTAwMDAtMDAwMCIsImVtYWlsIjoic3VwZXJhZG1pbi1mYWxsYmFja0BxdWV0emFsdGljLmxvY2FsIiwicm9sZSI6IkFETUlOIiwiZXhwIjoxNzc0NjM4NjM5fQ.xmY4FNONhzuEoNvjkhYF1T2QZUS1fNN4eDVqBiZrNoI",
        "x-correlation-id": "ui_gov_1774553567721",
        "sec-ch-ua": "\"Chromium\";v=\"146\", \"Not-A.Brand\";v=\"24\", \"Google Chrome\";v=\"146\"",
        "sec-ch-ua-mobile": "?0",
        "x-idempotency-key": "73047e48-0a1d-486b-8a25-ab4758645cdf",
        "user-agent": "Mozilla/5.0 (Windows NT 10.0; Win64; x64) AppleWebKit/537.36 (KHTML, like Gecko) Chrome/146.0.0.0 Safari/537.36",
        "accept": "application/json, text/plain, */*",
        "content-type": "application/json",
        "origin": "http://localhost:4200",
        "sec-fetch-site": "same-site",
        "sec-fetch-mode": "cors",
        "sec-fetch-dest": "empty",
        "referer": "http://localhost:4200/",
        "accept-encoding": "gzip, deflate, br, zstd",
        "accept-language": "es-ES,es;q=0.9",
        "if-none-match": "W/\"7f-fd8VjEsIjQILrHi0b1U7JO3SMSM\""
      },
      "remoteAddress": "::1",
      "remotePort": 62133
    }
    [35mcorrelationId[39m: "ui_gov_1774553567721"
    [35mres[39m: {
      "statusCode": 200,
      "headers": {
        "x-powered-by": "Express",
        "access-control-allow-origin": "*",
        "access-control-allow-credentials": "true",
        "x-correlation-id": "ui_gov_1774553567721",
        "content-type": "application/json; charset=utf-8",
        "content-length": "127",
        "etag": "W/\"7f-UN4aiXfH37Rkngr6sqYs7rP4yGI\""
      }
    }
    [35mresponseTime[39m: 59
[12:32:47.864] [32mINFO[39m (6280): [36mrequest completed[39m
    [35mreq[39m: {
      "id": 115,
      "method": "GET",
      "url": "/api/governance/lockdown/status",
      "query": {},
      "params": {
        "path": [
          "governance",
          "lockdown",
          "status"
        ]
      },
      "headers": {
        "host": "localhost:3333",
        "connection": "keep-alive",
        "x-actor": "oscar",
        "sec-ch-ua-platform": "\"Windows\"",
        "authorization": "Bearer eyJhbGciOiJIUzI1NiIsInR5cCI6IkpXVCJ9.eyJzdWIiOiIzMjNlYWM3Yi02MTVlLTRiYjItYjRkYS0xMzI3Y2Q2M2ExM2IiLCJlbWFpbCI6Im9zY2FyIiwicm9sZSI6Ik9QRVJBVE9SIiwiZXhwIjoxNzc0NjM0NTAzfQ.J7klEKAA3C-Tm9Gl19iwGBgwv3ylSn9-YLxh_vQ7hXE",
        "x-correlation-id": "ui_gov_1774553567725",
        "sec-ch-ua": "\"Chromium\";v=\"146\", \"Not-A.Brand\";v=\"24\", \"Brave\";v=\"146\"",
        "sec-ch-ua-mobile": "?0",
        "x-idempotency-key": "da47e877-db97-4072-8395-6ff02d89a5d4",
        "user-agent": "Mozilla/5.0 (Windows NT 10.0; Win64; x64) AppleWebKit/537.36 (KHTML, like Gecko) Chrome/146.0.0.0 Safari/537.36",
        "accept": "application/json, text/plain, */*",
        "content-type": "application/json",
        "sec-gpc": "1",
        "accept-language": "es-ES,es;q=0.7",
        "origin": "http://localhost:4200",
        "sec-fetch-site": "same-site",
        "sec-fetch-mode": "cors",
        "sec-fetch-dest": "empty",
        "referer": "http://localhost:4200/",
        "accept-encoding": "gzip, deflate, br, zstd",
        "if-none-match": "W/\"7f-dgLOvp9lGwVeuPiKeY5YHsu6oRs\""
      },
      "remoteAddress": "::1",
      "remotePort": 56074
    }
    [35mcorrelationId[39m: "ui_gov_1774553567725"
    [35mres[39m: {
      "statusCode": 200,
      "headers": {
        "x-powered-by": "Express",
        "access-control-allow-origin": "*",
        "access-control-allow-credentials": "true",
        "x-correlation-id": "ui_gov_1774553567725",
        "content-type": "application/json; charset=utf-8",
        "content-length": "127",
        "etag": "W/\"7f-/ECEPXwK/Dqn1XrtEBrLobSnizc\""
      }
    }
    [35mresponseTime[39m: 118
[12:32:47.927] [32mINFO[39m (6280): [36mrequest completed[39m
    [35mreq[39m: {
      "id": 113,
      "method": "GET",
      "url": "/api/test-oscar",
      "query": {},
      "params": {
        "path": [
          "test-oscar"
        ]
      },
      "headers": {
        "host": "localhost:3333",
        "connection": "keep-alive",
        "sec-ch-ua-platform": "\"Windows\"",
        "authorization": "Bearer eyJhbGciOiJIUzI1NiIsInR5cCI6IkpXVCJ9.eyJzdWIiOiIwMDAwLTAwMDAtMDAwMCIsImVtYWlsIjoic3VwZXJhZG1pbi1mYWxsYmFja0BxdWV0emFsdGljLmxvY2FsIiwicm9sZSI6IkFETUlOIiwiZXhwIjoxNzc0NjM4NjM5fQ.xmY4FNONhzuEoNvjkhYF1T2QZUS1fNN4eDVqBiZrNoI",
        "user-agent": "Mozilla/5.0 (Windows NT 10.0; Win64; x64) AppleWebKit/537.36 (KHTML, like Gecko) Chrome/146.0.0.0 Safari/537.36",
        "accept": "application/json, text/plain, */*",
        "sec-ch-ua": "\"Chromium\";v=\"146\", \"Not-A.Brand\";v=\"24\", \"Google Chrome\";v=\"146\"",
        "sec-ch-ua-mobile": "?0",
        "origin": "http://localhost:4200",
        "sec-fetch-site": "same-site",
        "sec-fetch-mode": "cors",
        "sec-fetch-dest": "empty",
        "referer": "http://localhost:4200/",
        "accept-encoding": "gzip, deflate, br, zstd",
        "accept-language": "es-ES,es;q=0.9",
        "if-none-match": "W/\"c56c-OljnR39ZQu2ljfl3NNinpkE8NO4\""
      },
      "remoteAddress": "::1",
      "remotePort": 58164
    }
    [35mcorrelationId[39m: "f77ff1b5-7e49-40a6-ba20-5800264760a1"
    [35mres[39m: {
      "statusCode": 200,
      "headers": {
        "x-powered-by": "Express",
        "access-control-allow-origin": "*",
        "access-control-allow-credentials": "true",
        "x-correlation-id": "f77ff1b5-7e49-40a6-ba20-5800264760a1",
        "content-type": "application/json; charset=utf-8",
        "content-length": "50540",
        "etag": "W/\"c56c-hpkmv7UzHOoRmxecyFtfWtlhQK4\""
      }
    }
    [35mresponseTime[39m: 184
[DEBUG] JWT Payload: {"sub":"0000-0000-0000","email":"superadmin-fallback@quetzaltic.local","role":"ADMIN","exp":1774634468}
[DEBUG] Authenticated Actor: superadmin-fallback@quetzaltic.local
[12:32:50.741] [32mINFO[39m (6280): [36mrequest completed[39m
    [35mreq[39m: {
      "id": 116,
      "method": "GET",
      "url": "/api/governance/lockdown/status",
      "query": {},
      "params": {
        "path": [
          "governance",
          "lockdown",
          "status"
        ]
      },
      "headers": {
        "host": "localhost:3333",
        "connection": "keep-alive",
        "x-actor": "superadmin-fallback@quetzaltic.local",
        "sec-ch-ua-platform": "\"Windows\"",
        "authorization": "Bearer eyJhbGciOiJIUzI1NiIsInR5cCI6IkpXVCJ9.eyJzdWIiOiIwMDAwLTAwMDAtMDAwMCIsImVtYWlsIjoic3VwZXJhZG1pbi1mYWxsYmFja0BxdWV0emFsdGljLmxvY2FsIiwicm9sZSI6IkFETUlOIiwiZXhwIjoxNzc0NjM0NDY4fQ.71bAuAgGefR9QsBusckXe9vf3-u3p2xGEvGAP2evfwo",
        "x-correlation-id": "ui_gov_1774553570674",
        "sec-ch-ua": "\"Chromium\";v=\"146\", \"Not-A.Brand\";v=\"24\", \"Brave\";v=\"146\"",
        "sec-ch-ua-mobile": "?0",
        "x-idempotency-key": "be01de0c-5961-4d31-a816-f1ac7061b110",
        "user-agent": "Mozilla/5.0 (Windows NT 10.0; Win64; x64) AppleWebKit/537.36 (KHTML, like Gecko) Chrome/146.0.0.0 Safari/537.36",
        "accept": "application/json, text/plain, */*",
        "content-type": "application/json",
        "sec-gpc": "1",
        "accept-language": "es-ES,es;q=0.7",
        "origin": "http://localhost:4200",
        "sec-fetch-site": "same-site",
        "sec-fetch-mode": "cors",
        "sec-fetch-dest": "empty",
        "referer": "http://localhost:4200/",
        "accept-encoding": "gzip, deflate, br, zstd",
        "if-none-match": "W/\"7f-/ECEPXwK/Dqn1XrtEBrLobSnizc\""
      },
      "remoteAddress": "::1",
      "remotePort": 56074
    }
    [35mcorrelationId[39m: "ui_gov_1774553570674"
    [35mres[39m: {
      "statusCode": 200,
      "headers": {
        "x-powered-by": "Express",
        "access-control-allow-origin": "*",
        "access-control-allow-credentials": "true",
        "x-correlation-id": "ui_gov_1774553570674",
        "content-type": "application/json; charset=utf-8",
        "content-length": "127",
        "etag": "W/\"7f-4rkEMPnlWtVzp+wjOHA2njGLU3k\""
      }
    }
    [35mresponseTime[39m: 61
[DEBUG] JWT Payload: {"sub":"0000-0000-0000","email":"superadmin-fallback@quetzaltic.local","role":"ADMIN","exp":1774634468}
[DEBUG] Authenticated Actor: superadmin-fallback@quetzaltic.local
[DEBUG] JWT Payload: {"sub":"0000-0000-0000","email":"superadmin-fallback@quetzaltic.local","role":"ADMIN","exp":1774634468}
[DEBUG] Authenticated Actor: superadmin-fallback@quetzaltic.local
[DEBUG] JWT Payload: {"sub":"0000-0000-0000","email":"superadmin-fallback@quetzaltic.local","role":"ADMIN","exp":1774634468}
[DEBUG] Authenticated Actor: superadmin-fallback@quetzaltic.local
[DEBUG] JWT Payload: {"sub":"0000-0000-0000","email":"superadmin-fallback@quetzaltic.local","role":"ADMIN","exp":1774634468}
[DEBUG] Authenticated Actor: superadmin-fallback@quetzaltic.local
[DEBUG] JWT Payload: {"sub":"0000-0000-0000","email":"superadmin-fallback@quetzaltic.local","role":"ADMIN","exp":1774634468}
[DEBUG] Authenticated Actor: superadmin-fallback@quetzaltic.local
[12:32:55.698] [32mINFO[39m (6280): [36mrequest completed[39m
    [35mreq[39m: {
      "id": 117,
      "method": "GET",
      "url": "/api/users",
      "query": {},
      "params": {
        "path": [
          "users"
        ]
      },
      "headers": {
        "host": "localhost:3333",
        "connection": "keep-alive",
        "x-actor": "superadmin-fallback@quetzaltic.local",
        "sec-ch-ua-platform": "\"Windows\"",
        "authorization": "Bearer eyJhbGciOiJIUzI1NiIsInR5cCI6IkpXVCJ9.eyJzdWIiOiIwMDAwLTAwMDAtMDAwMCIsImVtYWlsIjoic3VwZXJhZG1pbi1mYWxsYmFja0BxdWV0emFsdGljLmxvY2FsIiwicm9sZSI6IkFETUlOIiwiZXhwIjoxNzc0NjM0NDY4fQ.71bAuAgGefR9QsBusckXe9vf3-u3p2xGEvGAP2evfwo",
        "x-correlation-id": "ui_gov_1774553575613",
        "sec-ch-ua": "\"Chromium\";v=\"146\", \"Not-A.Brand\";v=\"24\", \"Brave\";v=\"146\"",
        "sec-ch-ua-mobile": "?0",
        "x-idempotency-key": "bf3bd7c4-cdc4-4623-8312-211f109a34a9",
        "user-agent": "Mozilla/5.0 (Windows NT 10.0; Win64; x64) AppleWebKit/537.36 (KHTML, like Gecko) Chrome/146.0.0.0 Safari/537.36",
        "accept": "application/json, text/plain, */*",
        "content-type": "application/json",
        "sec-gpc": "1",
        "accept-language": "es-ES,es;q=0.7",
        "origin": "http://localhost:4200",
        "sec-fetch-site": "same-site",
        "sec-fetch-mode": "cors",
        "sec-fetch-dest": "empty",
        "referer": "http://localhost:4200/",
        "accept-encoding": "gzip, deflate, br, zstd",
        "if-none-match": "W/\"579-502oaJvHK1puMiRO2If9Y7GNFCU\""
      },
      "remoteAddress": "::1",
      "remotePort": 56074
    }
    [35mcorrelationId[39m: "ui_gov_1774553575613"
    [35mres[39m: {
      "statusCode": 200,
      "headers": {
        "x-powered-by": "Express",
        "access-control-allow-origin": "*",
        "access-control-allow-credentials": "true",
        "x-correlation-id": "ui_gov_1774553575613",
        "content-type": "application/json; charset=utf-8",
        "content-length": "1401",
        "etag": "W/\"579-ch/cLtUNEx7iq2zPlr4U2Gka0DU\""
      }
    }
    [35mresponseTime[39m: 71
[12:32:55.713] [32mINFO[39m (6280): [36mrequest completed[39m
    [35mreq[39m: {
      "id": 119,
      "method": "GET",
      "url": "/api/governance/whitelist",
      "query": {},
      "params": {
        "path": [
          "governance",
          "whitelist"
        ]
      },
      "headers": {
        "host": "localhost:3333",
        "connection": "keep-alive",
        "x-actor": "superadmin-fallback@quetzaltic.local",
        "sec-ch-ua-platform": "\"Windows\"",
        "authorization": "Bearer eyJhbGciOiJIUzI1NiIsInR5cCI6IkpXVCJ9.eyJzdWIiOiIwMDAwLTAwMDAtMDAwMCIsImVtYWlsIjoic3VwZXJhZG1pbi1mYWxsYmFja0BxdWV0emFsdGljLmxvY2FsIiwicm9sZSI6IkFETUlOIiwiZXhwIjoxNzc0NjM0NDY4fQ.71bAuAgGefR9QsBusckXe9vf3-u3p2xGEvGAP2evfwo",
        "x-correlation-id": "ui_gov_1774553575615",
        "sec-ch-ua": "\"Chromium\";v=\"146\", \"Not-A.Brand\";v=\"24\", \"Brave\";v=\"146\"",
        "sec-ch-ua-mobile": "?0",
        "x-idempotency-key": "4c8ce813-0793-49a0-9088-bb91c9d1ee55",
        "user-agent": "Mozilla/5.0 (Windows NT 10.0; Win64; x64) AppleWebKit/537.36 (KHTML, like Gecko) Chrome/146.0.0.0 Safari/537.36",
        "accept": "application/json, text/plain, */*",
        "content-type": "application/json",
        "sec-gpc": "1",
        "accept-language": "es-ES,es;q=0.7",
        "origin": "http://localhost:4200",
        "sec-fetch-site": "same-site",
        "sec-fetch-mode": "cors",
        "sec-fetch-dest": "empty",
        "referer": "http://localhost:4200/",
        "accept-encoding": "gzip, deflate, br, zstd",
        "if-none-match": "W/\"319-1pVh11pmTyXJ2baWxZz3OyAxGCI\""
      },
      "remoteAddress": "::1",
      "remotePort": 55456
    }
    [35mcorrelationId[39m: "ui_gov_1774553575615"
    [35mres[39m: {
      "statusCode": 200,
      "headers": {
        "x-powered-by": "Express",
        "access-control-allow-origin": "*",
        "access-control-allow-credentials": "true",
        "x-correlation-id": "ui_gov_1774553575615",
        "content-type": "application/json; charset=utf-8",
        "content-length": "793",
        "etag": "W/\"319-QFRw1dcfPkEHqduc498HMtdjL40\""
      }
    }
    [35mresponseTime[39m: 70
[12:32:55.766] [32mINFO[39m (6280): [36mrequest completed[39m
    [35mreq[39m: {
      "id": 120,
      "method": "GET",
      "url": "/api/governance/lockdown/status",
      "query": {},
      "params": {
        "path": [
          "governance",
          "lockdown",
          "status"
        ]
      },
      "headers": {
        "host": "localhost:3333",
        "connection": "keep-alive",
        "x-actor": "superadmin-fallback@quetzaltic.local",
        "sec-ch-ua-platform": "\"Windows\"",
        "authorization": "Bearer eyJhbGciOiJIUzI1NiIsInR5cCI6IkpXVCJ9.eyJzdWIiOiIwMDAwLTAwMDAtMDAwMCIsImVtYWlsIjoic3VwZXJhZG1pbi1mYWxsYmFja0BxdWV0emFsdGljLmxvY2FsIiwicm9sZSI6IkFETUlOIiwiZXhwIjoxNzc0NjM0NDY4fQ.71bAuAgGefR9QsBusckXe9vf3-u3p2xGEvGAP2evfwo",
        "x-correlation-id": "ui_gov_1774553575616",
        "sec-ch-ua": "\"Chromium\";v=\"146\", \"Not-A.Brand\";v=\"24\", \"Brave\";v=\"146\"",
        "sec-ch-ua-mobile": "?0",
        "x-idempotency-key": "f98b0e90-668c-40c0-81f6-0c075d7e252a",
        "user-agent": "Mozilla/5.0 (Windows NT 10.0; Win64; x64) AppleWebKit/537.36 (KHTML, like Gecko) Chrome/146.0.0.0 Safari/537.36",
        "accept": "application/json, text/plain, */*",
        "content-type": "application/json",
        "sec-gpc": "1",
        "accept-language": "es-ES,es;q=0.7",
        "origin": "http://localhost:4200",
        "sec-fetch-site": "same-site",
        "sec-fetch-mode": "cors",
        "sec-fetch-dest": "empty",
        "referer": "http://localhost:4200/",
        "accept-encoding": "gzip, deflate, br, zstd",
        "if-none-match": "W/\"7f-4rkEMPnlWtVzp+wjOHA2njGLU3k\""
      },
      "remoteAddress": "::1",
      "remotePort": 57705
    }
    [35mcorrelationId[39m: "ui_gov_1774553575616"
    [35mres[39m: {
      "statusCode": 200,
      "headers": {
        "x-powered-by": "Express",
        "access-control-allow-origin": "*",
        "access-control-allow-credentials": "true",
        "x-correlation-id": "ui_gov_1774553575616",
        "content-type": "application/json; charset=utf-8",
        "content-length": "127",
        "etag": "W/\"7f-18lBL4jvRP5S6pNoRYW3kouttbA\""
      }
    }
    [35mresponseTime[39m: 120
[DEBUG] JWT Payload: {"sub":"0000-0000-0000","email":"superadmin-fallback@quetzaltic.local","role":"ADMIN","exp":1774634468}
[DEBUG] Authenticated Actor: superadmin-fallback@quetzaltic.local
[12:32:55.805] [32mINFO[39m (6280): [36mrequest completed[39m
    [35mreq[39m: {
      "id": 121,
      "method": "GET",
      "url": "/api/governance/stats",
      "query": {},
      "params": {
        "path": [
          "governance",
          "stats"
        ]
      },
      "headers": {
        "host": "localhost:3333",
        "connection": "keep-alive",
        "x-actor": "superadmin-fallback@quetzaltic.local",
        "sec-ch-ua-platform": "\"Windows\"",
        "authorization": "Bearer eyJhbGciOiJIUzI1NiIsInR5cCI6IkpXVCJ9.eyJzdWIiOiIwMDAwLTAwMDAtMDAwMCIsImVtYWlsIjoic3VwZXJhZG1pbi1mYWxsYmFja0BxdWV0emFsdGljLmxvY2FsIiwicm9sZSI6IkFETUlOIiwiZXhwIjoxNzc0NjM0NDY4fQ.71bAuAgGefR9QsBusckXe9vf3-u3p2xGEvGAP2evfwo",
        "x-correlation-id": "ui_gov_1774553575617",
        "sec-ch-ua": "\"Chromium\";v=\"146\", \"Not-A.Brand\";v=\"24\", \"Brave\";v=\"146\"",
        "sec-ch-ua-mobile": "?0",
        "x-idempotency-key": "01182373-eaa9-4708-8a33-0ac23fa91067",
        "user-agent": "Mozilla/5.0 (Windows NT 10.0; Win64; x64) AppleWebKit/537.36 (KHTML, like Gecko) Chrome/146.0.0.0 Safari/537.36",
        "accept": "application/json, text/plain, */*",
        "content-type": "application/json",
        "sec-gpc": "1",
        "accept-language": "es-ES,es;q=0.7",
        "origin": "http://localhost:4200",
        "sec-fetch-site": "same-site",
        "sec-fetch-mode": "cors",
        "sec-fetch-dest": "empty",
        "referer": "http://localhost:4200/",
        "accept-encoding": "gzip, deflate, br, zstd",
        "if-none-match": "W/\"c4-x3P2F3+6mdqozcIOyNMaEFmqw/U\""
      },
      "remoteAddress": "::1",
      "remotePort": 54495
    }
    [35mcorrelationId[39m: "ui_gov_1774553575617"
    [35mres[39m: {
      "statusCode": 200,
      "headers": {
        "x-powered-by": "Express",
        "access-control-allow-origin": "*",
        "access-control-allow-credentials": "true",
        "x-correlation-id": "ui_gov_1774553575617",
        "content-type": "application/json; charset=utf-8",
        "content-length": "196",
        "etag": "W/\"c4-if2Kt+EKitd6kbDxPt97YLAVyn4\""
      }
    }
    [35mresponseTime[39m: 157
[DEBUG] JWT Payload: {"sub":"0000-0000-0000","email":"superadmin-fallback@quetzaltic.local","role":"ADMIN","exp":1774634468}
[DEBUG] Authenticated Actor: superadmin-fallback@quetzaltic.local
[12:32:55.839] [32mINFO[39m (6280): [36mrequest completed[39m
    [35mreq[39m: {
      "id": 122,
      "method": "GET",
      "url": "/api/governance/lockdown/status",
      "query": {},
      "params": {
        "path": [
          "governance",
          "lockdown",
          "status"
        ]
      },
      "headers": {
        "host": "localhost:3333",
        "connection": "keep-alive",
        "x-actor": "superadmin-fallback@quetzaltic.local",
        "sec-ch-ua-platform": "\"Windows\"",
        "authorization": "Bearer eyJhbGciOiJIUzI1NiIsInR5cCI6IkpXVCJ9.eyJzdWIiOiIwMDAwLTAwMDAtMDAwMCIsImVtYWlsIjoic3VwZXJhZG1pbi1mYWxsYmFja0BxdWV0emFsdGljLmxvY2FsIiwicm9sZSI6IkFETUlOIiwiZXhwIjoxNzc0NjM0NDY4fQ.71bAuAgGefR9QsBusckXe9vf3-u3p2xGEvGAP2evfwo",
        "x-correlation-id": "ui_gov_1774553575675",
        "sec-ch-ua": "\"Chromium\";v=\"146\", \"Not-A.Brand\";v=\"24\", \"Brave\";v=\"146\"",
        "sec-ch-ua-mobile": "?0",
        "x-idempotency-key": "fb0ae93f-9c5f-4868-a786-839a5b64a9cc",
        "user-agent": "Mozilla/5.0 (Windows NT 10.0; Win64; x64) AppleWebKit/537.36 (KHTML, like Gecko) Chrome/146.0.0.0 Safari/537.36",
        "accept": "application/json, text/plain, */*",
        "content-type": "application/json",
        "sec-gpc": "1",
        "accept-language": "es-ES,es;q=0.7",
        "origin": "http://localhost:4200",
        "sec-fetch-site": "same-site",
        "sec-fetch-mode": "cors",
        "sec-fetch-dest": "empty",
        "referer": "http://localhost:4200/",
        "accept-encoding": "gzip, deflate, br, zstd",
        "if-none-match": "W/\"7f-18lBL4jvRP5S6pNoRYW3kouttbA\""
      },
      "remoteAddress": "::1",
      "remotePort": 57705
    }
    [35mcorrelationId[39m: "ui_gov_1774553575675"
    [35mres[39m: {
      "statusCode": 200,
      "headers": {
        "x-powered-by": "Express",
        "access-control-allow-origin": "*",
        "access-control-allow-credentials": "true",
        "x-correlation-id": "ui_gov_1774553575675",
        "content-type": "application/json; charset=utf-8",
        "content-length": "127",
        "etag": "W/\"7f-Kp3n6huwn86mrlYCkWN+8yqifcQ\""
      }
    }
    [35mresponseTime[39m: 66
[12:32:55.893] [32mINFO[39m (6280): [36mrequest completed[39m
    [35mreq[39m: {
      "id": 123,
      "method": "GET",
      "url": "/api/governance/stats",
      "query": {},
      "params": {
        "path": [
          "governance",
          "stats"
        ]
      },
      "headers": {
        "host": "localhost:3333",
        "connection": "keep-alive",
        "x-actor": "superadmin-fallback@quetzaltic.local",
        "sec-ch-ua-platform": "\"Windows\"",
        "authorization": "Bearer eyJhbGciOiJIUzI1NiIsInR5cCI6IkpXVCJ9.eyJzdWIiOiIwMDAwLTAwMDAtMDAwMCIsImVtYWlsIjoic3VwZXJhZG1pbi1mYWxsYmFja0BxdWV0emFsdGljLmxvY2FsIiwicm9sZSI6IkFETUlOIiwiZXhwIjoxNzc0NjM0NDY4fQ.71bAuAgGefR9QsBusckXe9vf3-u3p2xGEvGAP2evfwo",
        "x-correlation-id": "ui_gov_1774553575617",
        "sec-ch-ua": "\"Chromium\";v=\"146\", \"Not-A.Brand\";v=\"24\", \"Brave\";v=\"146\"",
        "sec-ch-ua-mobile": "?0",
        "x-idempotency-key": "c65b322b-2712-45d6-9c81-08f26521a26c",
        "user-agent": "Mozilla/5.0 (Windows NT 10.0; Win64; x64) AppleWebKit/537.36 (KHTML, like Gecko) Chrome/146.0.0.0 Safari/537.36",
        "accept": "application/json, text/plain, */*",
        "content-type": "application/json",
        "sec-gpc": "1",
        "accept-language": "es-ES,es;q=0.7",
        "origin": "http://localhost:4200",
        "sec-fetch-site": "same-site",
        "sec-fetch-mode": "cors",
        "sec-fetch-dest": "empty",
        "referer": "http://localhost:4200/",
        "accept-encoding": "gzip, deflate, br, zstd",
        "if-none-match": "W/\"c4-if2Kt+EKitd6kbDxPt97YLAVyn4\""
      },
      "remoteAddress": "::1",
      "remotePort": 54495
    }
    [35mcorrelationId[39m: "ui_gov_1774553575617"
    [35mres[39m: {
      "statusCode": 200,
      "headers": {
        "x-powered-by": "Express",
        "access-control-allow-origin": "*",
        "access-control-allow-credentials": "true",
        "x-correlation-id": "ui_gov_1774553575617",
        "content-type": "application/json; charset=utf-8",
        "content-length": "196",
        "etag": "W/\"c4-dPvi2L2/+yYaMDqbVjwdein5w7Q\""
      }
    }
    [35mresponseTime[39m: 77
[DEBUG] JWT Payload: {"sub":"0000-0000-0000","email":"superadmin-fallback@quetzaltic.local","role":"ADMIN","exp":1774634468}
[DEBUG] Authenticated Actor: superadmin-fallback@quetzaltic.local
[12:32:55.973] [32mINFO[39m (6280): [36mrequest completed[39m
    [35mreq[39m: {
      "id": 124,
      "method": "GET",
      "url": "/api/governance/stats",
      "query": {},
      "params": {
        "path": [
          "governance",
          "stats"
        ]
      },
      "headers": {
        "host": "localhost:3333",
        "connection": "keep-alive",
        "x-actor": "superadmin-fallback@quetzaltic.local",
        "sec-ch-ua-platform": "\"Windows\"",
        "authorization": "Bearer eyJhbGciOiJIUzI1NiIsInR5cCI6IkpXVCJ9.eyJzdWIiOiIwMDAwLTAwMDAtMDAwMCIsImVtYWlsIjoic3VwZXJhZG1pbi1mYWxsYmFja0BxdWV0emFsdGljLmxvY2FsIiwicm9sZSI6IkFETUlOIiwiZXhwIjoxNzc0NjM0NDY4fQ.71bAuAgGefR9QsBusckXe9vf3-u3p2xGEvGAP2evfwo",
        "x-correlation-id": "ui_gov_1774553575618",
        "sec-ch-ua": "\"Chromium\";v=\"146\", \"Not-A.Brand\";v=\"24\", \"Brave\";v=\"146\"",
        "sec-ch-ua-mobile": "?0",
        "x-idempotency-key": "7e643edb-e41e-413c-9d11-1a6f8639e2f0",
        "user-agent": "Mozilla/5.0 (Windows NT 10.0; Win64; x64) AppleWebKit/537.36 (KHTML, like Gecko) Chrome/146.0.0.0 Safari/537.36",
        "accept": "application/json, text/plain, */*",
        "content-type": "application/json",
        "sec-gpc": "1",
        "accept-language": "es-ES,es;q=0.7",
        "origin": "http://localhost:4200",
        "sec-fetch-site": "same-site",
        "sec-fetch-mode": "cors",
        "sec-fetch-dest": "empty",
        "referer": "http://localhost:4200/",
        "accept-encoding": "gzip, deflate, br, zstd",
        "if-none-match": "W/\"c4-dPvi2L2/+yYaMDqbVjwdein5w7Q\""
      },
      "remoteAddress": "::1",
      "remotePort": 54495
    }
    [35mcorrelationId[39m: "ui_gov_1774553575618"
    [35mres[39m: {
      "statusCode": 200,
      "headers": {
        "x-powered-by": "Express",
        "access-control-allow-origin": "*",
        "access-control-allow-credentials": "true",
        "x-correlation-id": "ui_gov_1774553575618",
        "content-type": "application/json; charset=utf-8",
        "content-length": "196",
        "etag": "W/\"c4-JLga1agBWk7NMw0bYYFGABEg9QM\""
      }
    }
    [35mresponseTime[39m: 75
[12:32:56.646] [32mINFO[39m (6280): [36mrequest completed[39m
    [35mreq[39m: {
      "id": 118,
      "method": "GET",
      "url": "/api/governance/audit-logs?ticketId=&actor=&tableName=&correlationId=&startDate=&endDate=&page=1&limit=8&includeSnapshots=true&grouped=true",
      "query": {
        "ticketId": "",
        "actor": "",
        "tableName": "",
        "correlationId": "",
        "startDate": "",
        "endDate": "",
        "page": "1",
        "limit": "8",
        "includeSnapshots": "true",
        "grouped": "true"
      },
      "params": {
        "path": [
          "governance",
          "audit-logs"
        ]
      },
      "headers": {
        "host": "localhost:3333",
        "connection": "keep-alive",
        "x-actor": "superadmin-fallback@quetzaltic.local",
        "sec-ch-ua-platform": "\"Windows\"",
        "authorization": "Bearer eyJhbGciOiJIUzI1NiIsInR5cCI6IkpXVCJ9.eyJzdWIiOiIwMDAwLTAwMDAtMDAwMCIsImVtYWlsIjoic3VwZXJhZG1pbi1mYWxsYmFja0BxdWV0emFsdGljLmxvY2FsIiwicm9sZSI6IkFETUlOIiwiZXhwIjoxNzc0NjM0NDY4fQ.71bAuAgGefR9QsBusckXe9vf3-u3p2xGEvGAP2evfwo",
        "x-correlation-id": "ui_gov_1774553575614",
        "sec-ch-ua": "\"Chromium\";v=\"146\", \"Not-A.Brand\";v=\"24\", \"Brave\";v=\"146\"",
        "sec-ch-ua-mobile": "?0",
        "x-idempotency-key": "0a8289aa-5b78-4dc0-b26a-e2c667c69ec0",
        "user-agent": "Mozilla/5.0 (Windows NT 10.0; Win64; x64) AppleWebKit/537.36 (KHTML, like Gecko) Chrome/146.0.0.0 Safari/537.36",
        "accept": "application/json, text/plain, */*",
        "content-type": "application/json",
        "sec-gpc": "1",
        "accept-language": "es-ES,es;q=0.7",
        "origin": "http://localhost:4200",
        "sec-fetch-site": "same-site",
        "sec-fetch-mode": "cors",
        "sec-fetch-dest": "empty",
        "referer": "http://localhost:4200/",
        "accept-encoding": "gzip, deflate, br, zstd",
        "if-none-match": "W/\"139962-r9rgqNoQWojqwxzhOCuZI8u/nZ0\""
      },
      "remoteAddress": "::1",
      "remotePort": 59645
    }
    [35mcorrelationId[39m: "ui_gov_1774553575614"
    [35mres[39m: {
      "statusCode": 200,
      "headers": {
        "x-powered-by": "Express",
        "access-control-allow-origin": "*",
        "access-control-allow-credentials": "true",
        "x-correlation-id": "ui_gov_1774553575614",
        "content-type": "application/json; charset=utf-8",
        "content-length": "1284450",
        "etag": "W/\"139962-5I4nHWvWN5I38wM8ghV4o3S+pms\""
      }
    }
    [35mresponseTime[39m: 1010
[DEBUG] JWT Payload: {"sub":"0000-0000-0000","email":"superadmin-fallback@quetzaltic.local","role":"ADMIN","exp":1774634468}
[DEBUG] Authenticated Actor: superadmin-fallback@quetzaltic.local
[12:33:00.079] [32mINFO[39m (6280): [36mrequest completed[39m
    [35mreq[39m: {
      "id": 125,
      "method": "GET",
      "url": "/api/governance/audit-logs?ticketId=&actor=&tableName=&correlationId=&startDate=&endDate=&page=1&limit=8&includeSnapshots=true&grouped=true",
      "query": {
        "ticketId": "",
        "actor": "",
        "tableName": "",
        "correlationId": "",
        "startDate": "",
        "endDate": "",
        "page": "1",
        "limit": "8",
        "includeSnapshots": "true",
        "grouped": "true"
      },
      "params": {
        "path": [
          "governance",
          "audit-logs"
        ]
      },
      "headers": {
        "host": "localhost:3333",
        "connection": "keep-alive",
        "x-actor": "superadmin-fallback@quetzaltic.local",
        "sec-ch-ua-platform": "\"Windows\"",
        "authorization": "Bearer eyJhbGciOiJIUzI1NiIsInR5cCI6IkpXVCJ9.eyJzdWIiOiIwMDAwLTAwMDAtMDAwMCIsImVtYWlsIjoic3VwZXJhZG1pbi1mYWxsYmFja0BxdWV0emFsdGljLmxvY2FsIiwicm9sZSI6IkFETUlOIiwiZXhwIjoxNzc0NjM0NDY4fQ.71bAuAgGefR9QsBusckXe9vf3-u3p2xGEvGAP2evfwo",
        "x-correlation-id": "ui_gov_1774553579217",
        "sec-ch-ua": "\"Chromium\";v=\"146\", \"Not-A.Brand\";v=\"24\", \"Brave\";v=\"146\"",
        "sec-ch-ua-mobile": "?0",
        "x-idempotency-key": "4d3c742e-ca71-472b-bb2d-8f6020c1070d",
        "user-agent": "Mozilla/5.0 (Windows NT 10.0; Win64; x64) AppleWebKit/537.36 (KHTML, like Gecko) Chrome/146.0.0.0 Safari/537.36",
        "accept": "application/json, text/plain, */*",
        "content-type": "application/json",
        "sec-gpc": "1",
        "accept-language": "es-ES,es;q=0.7",
        "origin": "http://localhost:4200",
        "sec-fetch-site": "same-site",
        "sec-fetch-mode": "cors",
        "sec-fetch-dest": "empty",
        "referer": "http://localhost:4200/",
        "accept-encoding": "gzip, deflate, br, zstd",
        "if-none-match": "W/\"139962-5I4nHWvWN5I38wM8ghV4o3S+pms\""
      },
      "remoteAddress": "::1",
      "remotePort": 59645
    }
    [35mcorrelationId[39m: "ui_gov_1774553579217"
    [35mres[39m: {
      "statusCode": 200,
      "headers": {
        "x-powered-by": "Express",
        "access-control-allow-origin": "*",
        "access-control-allow-credentials": "true",
        "x-correlation-id": "ui_gov_1774553579217",
        "content-type": "application/json; charset=utf-8",
        "content-length": "1284450",
        "etag": "W/\"139962-SoN2q+7j7ME048p7imtLSgnxS7A\""
      }
    }
    [35mresponseTime[39m: 858
[DEBUG] JWT Payload: {"sub":"0000-0000-0000","email":"superadmin-fallback@quetzaltic.local","role":"ADMIN","exp":1774634468}
[DEBUG] Authenticated Actor: superadmin-fallback@quetzaltic.local
[12:33:00.739] [32mINFO[39m (6280): [36mrequest completed[39m
    [35mreq[39m: {
      "id": 126,
      "method": "GET",
      "url": "/api/governance/lockdown/status",
      "query": {},
      "params": {
        "path": [
          "governance",
          "lockdown",
          "status"
        ]
      },
      "headers": {
        "host": "localhost:3333",
        "connection": "keep-alive",
        "x-actor": "superadmin-fallback@quetzaltic.local",
        "sec-ch-ua-platform": "\"Windows\"",
        "authorization": "Bearer eyJhbGciOiJIUzI1NiIsInR5cCI6IkpXVCJ9.eyJzdWIiOiIwMDAwLTAwMDAtMDAwMCIsImVtYWlsIjoic3VwZXJhZG1pbi1mYWxsYmFja0BxdWV0emFsdGljLmxvY2FsIiwicm9sZSI6IkFETUlOIiwiZXhwIjoxNzc0NjM0NDY4fQ.71bAuAgGefR9QsBusckXe9vf3-u3p2xGEvGAP2evfwo",
        "x-correlation-id": "ui_gov_1774553580674",
        "sec-ch-ua": "\"Chromium\";v=\"146\", \"Not-A.Brand\";v=\"24\", \"Brave\";v=\"146\"",
        "sec-ch-ua-mobile": "?0",
        "x-idempotency-key": "a5fec073-99c1-41d7-adfd-bd9bdf1d90bd",
        "user-agent": "Mozilla/5.0 (Windows NT 10.0; Win64; x64) AppleWebKit/537.36 (KHTML, like Gecko) Chrome/146.0.0.0 Safari/537.36",
        "accept": "application/json, text/plain, */*",
        "content-type": "application/json",
        "sec-gpc": "1",
        "accept-language": "es-ES,es;q=0.7",
        "origin": "http://localhost:4200",
        "sec-fetch-site": "same-site",
        "sec-fetch-mode": "cors",
        "sec-fetch-dest": "empty",
        "referer": "http://localhost:4200/",
        "accept-encoding": "gzip, deflate, br, zstd",
        "if-none-match": "W/\"7f-Kp3n6huwn86mrlYCkWN+8yqifcQ\""
      },
      "remoteAddress": "::1",
      "remotePort": 59645
    }
    [35mcorrelationId[39m: "ui_gov_1774553580674"
    [35mres[39m: {
      "statusCode": 200,
      "headers": {
        "x-powered-by": "Express",
        "access-control-allow-origin": "*",
        "access-control-allow-credentials": "true",
        "x-correlation-id": "ui_gov_1774553580674",
        "content-type": "application/json; charset=utf-8",
        "content-length": "127",
        "etag": "W/\"7f-RqCg5BlNCYYpTHSAmmSCegPWsK4\""
      }
    }
    [35mresponseTime[39m: 58
[DEBUG] JWT Payload: {"sub":"0000-0000-0000","email":"superadmin-fallback@quetzaltic.local","role":"ADMIN","exp":1774634468}
[DEBUG] Authenticated Actor: superadmin-fallback@quetzaltic.local
[12:33:05.816] [32mINFO[39m (6280): [36mrequest completed[39m
    [35mreq[39m: {
      "id": 127,
      "method": "GET",
      "url": "/api/governance/lockdown/status",
      "query": {},
      "params": {
        "path": [
          "governance",
          "lockdown",
          "status"
        ]
      },
      "headers": {
        "host": "localhost:3333",
        "connection": "keep-alive",
        "x-actor": "superadmin-fallback@quetzaltic.local",
        "sec-ch-ua-platform": "\"Windows\"",
        "authorization": "Bearer eyJhbGciOiJIUzI1NiIsInR5cCI6IkpXVCJ9.eyJzdWIiOiIwMDAwLTAwMDAtMDAwMCIsImVtYWlsIjoic3VwZXJhZG1pbi1mYWxsYmFja0BxdWV0emFsdGljLmxvY2FsIiwicm9sZSI6IkFETUlOIiwiZXhwIjoxNzc0NjM0NDY4fQ.71bAuAgGefR9QsBusckXe9vf3-u3p2xGEvGAP2evfwo",
        "x-correlation-id": "ui_gov_1774553585683",
        "sec-ch-ua": "\"Chromium\";v=\"146\", \"Not-A.Brand\";v=\"24\", \"Brave\";v=\"146\"",
        "sec-ch-ua-mobile": "?0",
        "x-idempotency-key": "95f7badb-0f4a-46e6-a3ad-66fd94edcd6b",
        "user-agent": "Mozilla/5.0 (Windows NT 10.0; Win64; x64) AppleWebKit/537.36 (KHTML, like Gecko) Chrome/146.0.0.0 Safari/537.36",
        "accept": "application/json, text/plain, */*",
        "content-type": "application/json",
        "sec-gpc": "1",
        "accept-language": "es-ES,es;q=0.7",
        "origin": "http://localhost:4200",
        "sec-fetch-site": "same-site",
        "sec-fetch-mode": "cors",
        "sec-fetch-dest": "empty",
        "referer": "http://localhost:4200/",
        "accept-encoding": "gzip, deflate, br, zstd",
        "if-none-match": "W/\"7f-RqCg5BlNCYYpTHSAmmSCegPWsK4\""
      },
      "remoteAddress": "::1",
      "remotePort": 59645
    }
    [35mcorrelationId[39m: "ui_gov_1774553585683"
    [35mres[39m: {
      "statusCode": 200,
      "headers": {
        "x-powered-by": "Express",
        "access-control-allow-origin": "*",
        "access-control-allow-credentials": "true",
        "x-correlation-id": "ui_gov_1774553585683",
        "content-type": "application/json; charset=utf-8",
        "content-length": "127",
        "etag": "W/\"7f-0BrYvz208FNyk3Q5HfWIM9dbhiA\""
      }
    }
    [35mresponseTime[39m: 124
[DEBUG] JWT Payload: {"sub":"0000-0000-0000","email":"superadmin-fallback@quetzaltic.local","role":"ADMIN","exp":1774634468}
[DEBUG] Authenticated Actor: superadmin-fallback@quetzaltic.local
[DEBUG] JWT Payload: {"sub":"0000-0000-0000","email":"superadmin-fallback@quetzaltic.local","role":"ADMIN","exp":1774634468}
[DEBUG] Authenticated Actor: superadmin-fallback@quetzaltic.local
[DEBUG] JWT Payload: {"sub":"0000-0000-0000","email":"superadmin-fallback@quetzaltic.local","role":"ADMIN","exp":1774634468}
[DEBUG] Authenticated Actor: superadmin-fallback@quetzaltic.local
[DEBUG] JWT Payload: {"sub":"0000-0000-0000","email":"superadmin-fallback@quetzaltic.local","role":"ADMIN","exp":1774634468}
[DEBUG] Authenticated Actor: superadmin-fallback@quetzaltic.local
[DEBUG] JWT Payload: {"sub":"0000-0000-0000","email":"superadmin-fallback@quetzaltic.local","role":"ADMIN","exp":1774634468}
[DEBUG] Authenticated Actor: superadmin-fallback@quetzaltic.local
[12:33:06.885] [32mINFO[39m (6280): [36mrequest completed[39m
    [35mreq[39m: {
      "id": 128,
      "method": "GET",
      "url": "/api/governance/lockdown/status",
      "query": {},
      "params": {
        "path": [
          "governance",
          "lockdown",
          "status"
        ]
      },
      "headers": {
        "host": "localhost:3333",
        "connection": "keep-alive",
        "x-actor": "superadmin-fallback@quetzaltic.local",
        "sec-ch-ua-platform": "\"Windows\"",
        "authorization": "Bearer eyJhbGciOiJIUzI1NiIsInR5cCI6IkpXVCJ9.eyJzdWIiOiIwMDAwLTAwMDAtMDAwMCIsImVtYWlsIjoic3VwZXJhZG1pbi1mYWxsYmFja0BxdWV0emFsdGljLmxvY2FsIiwicm9sZSI6IkFETUlOIiwiZXhwIjoxNzc0NjM0NDY4fQ.71bAuAgGefR9QsBusckXe9vf3-u3p2xGEvGAP2evfwo",
        "x-correlation-id": "ui_gov_1774553586804",
        "sec-ch-ua": "\"Chromium\";v=\"146\", \"Not-A.Brand\";v=\"24\", \"Brave\";v=\"146\"",
        "sec-ch-ua-mobile": "?0",
        "x-idempotency-key": "855c46f7-536b-4943-b11a-b615fab93890",
        "user-agent": "Mozilla/5.0 (Windows NT 10.0; Win64; x64) AppleWebKit/537.36 (KHTML, like Gecko) Chrome/146.0.0.0 Safari/537.36",
        "accept": "application/json, text/plain, */*",
        "content-type": "application/json",
        "sec-gpc": "1",
        "accept-language": "es-ES,es;q=0.7",
        "origin": "http://localhost:4200",
        "sec-fetch-site": "same-site",
        "sec-fetch-mode": "cors",
        "sec-fetch-dest": "empty",
        "referer": "http://localhost:4200/",
        "accept-encoding": "gzip, deflate, br, zstd",
        "if-none-match": "W/\"7f-0BrYvz208FNyk3Q5HfWIM9dbhiA\""
      },
      "remoteAddress": "::1",
      "remotePort": 59645
    }
    [35mcorrelationId[39m: "ui_gov_1774553586804"
    [35mres[39m: {
      "statusCode": 200,
      "headers": {
        "x-powered-by": "Express",
        "access-control-allow-origin": "*",
        "access-control-allow-credentials": "true",
        "x-correlation-id": "ui_gov_1774553586804",
        "content-type": "application/json; charset=utf-8",
        "content-length": "127",
        "etag": "W/\"7f-zxm1fjxE1unP1HiDbRbJd2zi54k\""
      }
    }
    [35mresponseTime[39m: 64
[12:33:06.889] [32mINFO[39m (6280): [36mrequest completed[39m
    [35mreq[39m: {
      "id": 129,
      "method": "GET",
      "url": "/api/users",
      "query": {},
      "params": {
        "path": [
          "users"
        ]
      },
      "headers": {
        "host": "localhost:3333",
        "connection": "keep-alive",
        "x-actor": "superadmin-fallback@quetzaltic.local",
        "sec-ch-ua-platform": "\"Windows\"",
        "authorization": "Bearer eyJhbGciOiJIUzI1NiIsInR5cCI6IkpXVCJ9.eyJzdWIiOiIwMDAwLTAwMDAtMDAwMCIsImVtYWlsIjoic3VwZXJhZG1pbi1mYWxsYmFja0BxdWV0emFsdGljLmxvY2FsIiwicm9sZSI6IkFETUlOIiwiZXhwIjoxNzc0NjM0NDY4fQ.71bAuAgGefR9QsBusckXe9vf3-u3p2xGEvGAP2evfwo",
        "x-correlation-id": "ui_gov_1774553586803",
        "sec-ch-ua": "\"Chromium\";v=\"146\", \"Not-A.Brand\";v=\"24\", \"Brave\";v=\"146\"",
        "sec-ch-ua-mobile": "?0",
        "x-idempotency-key": "381620cb-ccc7-4ad6-a222-0e61f7022ec9",
        "user-agent": "Mozilla/5.0 (Windows NT 10.0; Win64; x64) AppleWebKit/537.36 (KHTML, like Gecko) Chrome/146.0.0.0 Safari/537.36",
        "accept": "application/json, text/plain, */*",
        "content-type": "application/json",
        "sec-gpc": "1",
        "accept-language": "es-ES,es;q=0.7",
        "origin": "http://localhost:4200",
        "sec-fetch-site": "same-site",
        "sec-fetch-mode": "cors",
        "sec-fetch-dest": "empty",
        "referer": "http://localhost:4200/",
        "accept-encoding": "gzip, deflate, br, zstd",
        "if-none-match": "W/\"579-ch/cLtUNEx7iq2zPlr4U2Gka0DU\""
      },
      "remoteAddress": "::1",
      "remotePort": 57424
    }
    [35mcorrelationId[39m: "ui_gov_1774553586803"
    [35mres[39m: {
      "statusCode": 200,
      "headers": {
        "x-powered-by": "Express",
        "access-control-allow-origin": "*",
        "access-control-allow-credentials": "true",
        "x-correlation-id": "ui_gov_1774553586803",
        "content-type": "application/json; charset=utf-8",
        "content-length": "1401",
        "etag": "W/\"579-HuN4/plx7T7wZQUHqp0aRmL11r8\""
      }
    }
    [35mresponseTime[39m: 61
[12:33:06.898] [32mINFO[39m (6280): [36mrequest completed[39m
    [35mreq[39m: {
      "id": 131,
      "method": "GET",
      "url": "/api/governance/whitelist",
      "query": {},
      "params": {
        "path": [
          "governance",
          "whitelist"
        ]
      },
      "headers": {
        "host": "localhost:3333",
        "connection": "keep-alive",
        "x-actor": "superadmin-fallback@quetzaltic.local",
        "sec-ch-ua-platform": "\"Windows\"",
        "authorization": "Bearer eyJhbGciOiJIUzI1NiIsInR5cCI6IkpXVCJ9.eyJzdWIiOiIwMDAwLTAwMDAtMDAwMCIsImVtYWlsIjoic3VwZXJhZG1pbi1mYWxsYmFja0BxdWV0emFsdGljLmxvY2FsIiwicm9sZSI6IkFETUlOIiwiZXhwIjoxNzc0NjM0NDY4fQ.71bAuAgGefR9QsBusckXe9vf3-u3p2xGEvGAP2evfwo",
        "x-correlation-id": "ui_gov_1774553586804",
        "sec-ch-ua": "\"Chromium\";v=\"146\", \"Not-A.Brand\";v=\"24\", \"Brave\";v=\"146\"",
        "sec-ch-ua-mobile": "?0",
        "x-idempotency-key": "19102b90-7cd3-4bfa-9928-0e909ed3989d",
        "user-agent": "Mozilla/5.0 (Windows NT 10.0; Win64; x64) AppleWebKit/537.36 (KHTML, like Gecko) Chrome/146.0.0.0 Safari/537.36",
        "accept": "application/json, text/plain, */*",
        "content-type": "application/json",
        "sec-gpc": "1",
        "accept-language": "es-ES,es;q=0.7",
        "origin": "http://localhost:4200",
        "sec-fetch-site": "same-site",
        "sec-fetch-mode": "cors",
        "sec-fetch-dest": "empty",
        "referer": "http://localhost:4200/",
        "accept-encoding": "gzip, deflate, br, zstd",
        "if-none-match": "W/\"319-QFRw1dcfPkEHqduc498HMtdjL40\""
      },
      "remoteAddress": "::1",
      "remotePort": 58840
    }
    [35mcorrelationId[39m: "ui_gov_1774553586804"
    [35mres[39m: {
      "statusCode": 200,
      "headers": {
        "x-powered-by": "Express",
        "access-control-allow-origin": "*",
        "access-control-allow-credentials": "true",
        "x-correlation-id": "ui_gov_1774553586804",
        "content-type": "application/json; charset=utf-8",
        "content-length": "793",
        "etag": "W/\"319-Xeh/qTNzbmCqay9O3TUgTfL2Wik\""
      }
    }
    [35mresponseTime[39m: 64
[12:33:06.968] [32mINFO[39m (6280): [36mrequest completed[39m
    [35mreq[39m: {
      "id": 132,
      "method": "GET",
      "url": "/api/governance/stats",
      "query": {},
      "params": {
        "path": [
          "governance",
          "stats"
        ]
      },
      "headers": {
        "host": "localhost:3333",
        "connection": "keep-alive",
        "x-actor": "superadmin-fallback@quetzaltic.local",
        "sec-ch-ua-platform": "\"Windows\"",
        "authorization": "Bearer eyJhbGciOiJIUzI1NiIsInR5cCI6IkpXVCJ9.eyJzdWIiOiIwMDAwLTAwMDAtMDAwMCIsImVtYWlsIjoic3VwZXJhZG1pbi1mYWxsYmFja0BxdWV0emFsdGljLmxvY2FsIiwicm9sZSI6IkFETUlOIiwiZXhwIjoxNzc0NjM0NDY4fQ.71bAuAgGefR9QsBusckXe9vf3-u3p2xGEvGAP2evfwo",
        "x-correlation-id": "ui_gov_1774553586805",
        "sec-ch-ua": "\"Chromium\";v=\"146\", \"Not-A.Brand\";v=\"24\", \"Brave\";v=\"146\"",
        "sec-ch-ua-mobile": "?0",
        "x-idempotency-key": "0b0fd356-2335-49a5-bece-73c3d68d3c00",
        "user-agent": "Mozilla/5.0 (Windows NT 10.0; Win64; x64) AppleWebKit/537.36 (KHTML, like Gecko) Chrome/146.0.0.0 Safari/537.36",
        "accept": "application/json, text/plain, */*",
        "content-type": "application/json",
        "sec-gpc": "1",
        "accept-language": "es-ES,es;q=0.7",
        "origin": "http://localhost:4200",
        "sec-fetch-site": "same-site",
        "sec-fetch-mode": "cors",
        "sec-fetch-dest": "empty",
        "referer": "http://localhost:4200/",
        "accept-encoding": "gzip, deflate, br, zstd",
        "if-none-match": "W/\"c4-JLga1agBWk7NMw0bYYFGABEg9QM\""
      },
      "remoteAddress": "::1",
      "remotePort": 62262
    }
    [35mcorrelationId[39m: "ui_gov_1774553586805"
    [35mres[39m: {
      "statusCode": 200,
      "headers": {
        "x-powered-by": "Express",
        "access-control-allow-origin": "*",
        "access-control-allow-credentials": "true",
        "x-correlation-id": "ui_gov_1774553586805",
        "content-type": "application/json; charset=utf-8",
        "content-length": "196",
        "etag": "W/\"c4-FzEF/eoCWGJdZY7eJL4G7okts3I\""
      }
    }
    [35mresponseTime[39m: 133
[DEBUG] JWT Payload: {"sub":"0000-0000-0000","email":"superadmin-fallback@quetzaltic.local","role":"ADMIN","exp":1774634468}
[DEBUG] Authenticated Actor: superadmin-fallback@quetzaltic.local
[12:33:07.071] [32mINFO[39m (6280): [36mrequest completed[39m
    [35mreq[39m: {
      "id": 133,
      "method": "GET",
      "url": "/api/governance/stats",
      "query": {},
      "params": {
        "path": [
          "governance",
          "stats"
        ]
      },
      "headers": {
        "host": "localhost:3333",
        "connection": "keep-alive",
        "x-actor": "superadmin-fallback@quetzaltic.local",
        "sec-ch-ua-platform": "\"Windows\"",
        "authorization": "Bearer eyJhbGciOiJIUzI1NiIsInR5cCI6IkpXVCJ9.eyJzdWIiOiIwMDAwLTAwMDAtMDAwMCIsImVtYWlsIjoic3VwZXJhZG1pbi1mYWxsYmFja0BxdWV0emFsdGljLmxvY2FsIiwicm9sZSI6IkFETUlOIiwiZXhwIjoxNzc0NjM0NDY4fQ.71bAuAgGefR9QsBusckXe9vf3-u3p2xGEvGAP2evfwo",
        "x-correlation-id": "ui_gov_1774553586806",
        "sec-ch-ua": "\"Chromium\";v=\"146\", \"Not-A.Brand\";v=\"24\", \"Brave\";v=\"146\"",
        "sec-ch-ua-mobile": "?0",
        "x-idempotency-key": "b1b43572-f900-4e93-8a27-c9d122ddfbc5",
        "user-agent": "Mozilla/5.0 (Windows NT 10.0; Win64; x64) AppleWebKit/537.36 (KHTML, like Gecko) Chrome/146.0.0.0 Safari/537.36",
        "accept": "application/json, text/plain, */*",
        "content-type": "application/json",
        "sec-gpc": "1",
        "accept-language": "es-ES,es;q=0.7",
        "origin": "http://localhost:4200",
        "sec-fetch-site": "same-site",
        "sec-fetch-mode": "cors",
        "sec-fetch-dest": "empty",
        "referer": "http://localhost:4200/",
        "accept-encoding": "gzip, deflate, br, zstd",
        "if-none-match": "W/\"c4-FzEF/eoCWGJdZY7eJL4G7okts3I\""
      },
      "remoteAddress": "::1",
      "remotePort": 62262
    }
    [35mcorrelationId[39m: "ui_gov_1774553586806"
    [35mres[39m: {
      "statusCode": 200,
      "headers": {
        "x-powered-by": "Express",
        "access-control-allow-origin": "*",
        "access-control-allow-credentials": "true",
        "x-correlation-id": "ui_gov_1774553586806",
        "content-type": "application/json; charset=utf-8",
        "content-length": "196",
        "etag": "W/\"c4-YCiOZW38b52wz7YeBlyGrOS4ZTs\""
      }
    }
    [35mresponseTime[39m: 95
[DEBUG] JWT Payload: {"sub":"0000-0000-0000","email":"superadmin-fallback@quetzaltic.local","role":"ADMIN","exp":1774634468}
[DEBUG] Authenticated Actor: superadmin-fallback@quetzaltic.local
[12:33:07.156] [32mINFO[39m (6280): [36mrequest completed[39m
    [35mreq[39m: {
      "id": 134,
      "method": "GET",
      "url": "/api/governance/stats",
      "query": {},
      "params": {
        "path": [
          "governance",
          "stats"
        ]
      },
      "headers": {
        "host": "localhost:3333",
        "connection": "keep-alive",
        "x-actor": "superadmin-fallback@quetzaltic.local",
        "sec-ch-ua-platform": "\"Windows\"",
        "authorization": "Bearer eyJhbGciOiJIUzI1NiIsInR5cCI6IkpXVCJ9.eyJzdWIiOiIwMDAwLTAwMDAtMDAwMCIsImVtYWlsIjoic3VwZXJhZG1pbi1mYWxsYmFja0BxdWV0emFsdGljLmxvY2FsIiwicm9sZSI6IkFETUlOIiwiZXhwIjoxNzc0NjM0NDY4fQ.71bAuAgGefR9QsBusckXe9vf3-u3p2xGEvGAP2evfwo",
        "x-correlation-id": "ui_gov_1774553586805",
        "sec-ch-ua": "\"Chromium\";v=\"146\", \"Not-A.Brand\";v=\"24\", \"Brave\";v=\"146\"",
        "sec-ch-ua-mobile": "?0",
        "x-idempotency-key": "a3c6d29c-34f9-43c0-9df1-d2527e8be902",
        "user-agent": "Mozilla/5.0 (Windows NT 10.0; Win64; x64) AppleWebKit/537.36 (KHTML, like Gecko) Chrome/146.0.0.0 Safari/537.36",
        "accept": "application/json, text/plain, */*",
        "content-type": "application/json",
        "sec-gpc": "1",
        "accept-language": "es-ES,es;q=0.7",
        "origin": "http://localhost:4200",
        "sec-fetch-site": "same-site",
        "sec-fetch-mode": "cors",
        "sec-fetch-dest": "empty",
        "referer": "http://localhost:4200/",
        "accept-encoding": "gzip, deflate, br, zstd",
        "if-none-match": "W/\"c4-YCiOZW38b52wz7YeBlyGrOS4ZTs\""
      },
      "remoteAddress": "::1",
      "remotePort": 62262
    }
    [35mcorrelationId[39m: "ui_gov_1774553586805"
    [35mres[39m: {
      "statusCode": 200,
      "headers": {
        "x-powered-by": "Express",
        "access-control-allow-origin": "*",
        "access-control-allow-credentials": "true",
        "x-correlation-id": "ui_gov_1774553586805",
        "content-type": "application/json; charset=utf-8",
        "content-length": "196",
        "etag": "W/\"c4-RjoHpxXZdNId1pk2y/9e4UtChQQ\""
      }
    }
    [35mresponseTime[39m: 79
[12:33:07.822] [32mINFO[39m (6280): [36mrequest completed[39m
    [35mreq[39m: {
      "id": 130,
      "method": "GET",
      "url": "/api/governance/audit-logs?ticketId=&actor=&tableName=&correlationId=&startDate=&endDate=&page=1&limit=8&includeSnapshots=true&grouped=true",
      "query": {
        "ticketId": "",
        "actor": "",
        "tableName": "",
        "correlationId": "",
        "startDate": "",
        "endDate": "",
        "page": "1",
        "limit": "8",
        "includeSnapshots": "true",
        "grouped": "true"
      },
      "params": {
        "path": [
          "governance",
          "audit-logs"
        ]
      },
      "headers": {
        "host": "localhost:3333",
        "connection": "keep-alive",
        "x-actor": "superadmin-fallback@quetzaltic.local",
        "sec-ch-ua-platform": "\"Windows\"",
        "authorization": "Bearer eyJhbGciOiJIUzI1NiIsInR5cCI6IkpXVCJ9.eyJzdWIiOiIwMDAwLTAwMDAtMDAwMCIsImVtYWlsIjoic3VwZXJhZG1pbi1mYWxsYmFja0BxdWV0emFsdGljLmxvY2FsIiwicm9sZSI6IkFETUlOIiwiZXhwIjoxNzc0NjM0NDY4fQ.71bAuAgGefR9QsBusckXe9vf3-u3p2xGEvGAP2evfwo",
        "x-correlation-id": "ui_gov_1774553586804",
        "sec-ch-ua": "\"Chromium\";v=\"146\", \"Not-A.Brand\";v=\"24\", \"Brave\";v=\"146\"",
        "sec-ch-ua-mobile": "?0",
        "x-idempotency-key": "af6c6951-371f-439c-bcd7-78b3ba008b07",
        "user-agent": "Mozilla/5.0 (Windows NT 10.0; Win64; x64) AppleWebKit/537.36 (KHTML, like Gecko) Chrome/146.0.0.0 Safari/537.36",
        "accept": "application/json, text/plain, */*",
        "content-type": "application/json",
        "sec-gpc": "1",
        "accept-language": "es-ES,es;q=0.7",
        "origin": "http://localhost:4200",
        "sec-fetch-site": "same-site",
        "sec-fetch-mode": "cors",
        "sec-fetch-dest": "empty",
        "referer": "http://localhost:4200/",
        "accept-encoding": "gzip, deflate, br, zstd",
        "if-none-match": "W/\"139962-SoN2q+7j7ME048p7imtLSgnxS7A\""
      },
      "remoteAddress": "::1",
      "remotePort": 63755
    }
    [35mcorrelationId[39m: "ui_gov_1774553586804"
    [35mres[39m: {
      "statusCode": 200,
      "headers": {
        "x-powered-by": "Express",
        "access-control-allow-origin": "*",
        "access-control-allow-credentials": "true",
        "x-correlation-id": "ui_gov_1774553586804",
        "content-type": "application/json; charset=utf-8",
        "content-length": "1284450",
        "etag": "W/\"139962-cgoxHoGkD+tR/rhgC9KFlUIbMqE\""
      }
    }
    [35mresponseTime[39m: 989
[DEBUG] JWT Payload: {"sub":"0000-0000-0000","email":"superadmin-fallback@quetzaltic.local","role":"ADMIN","exp":1774634468}
[DEBUG] Authenticated Actor: superadmin-fallback@quetzaltic.local
[12:33:10.768] [32mINFO[39m (6280): [36mrequest completed[39m
    [35mreq[39m: {
      "id": 135,
      "method": "GET",
      "url": "/api/governance/lockdown/status",
      "query": {},
      "params": {
        "path": [
          "governance",
          "lockdown",
          "status"
        ]
      },
      "headers": {
        "host": "localhost:3333",
        "connection": "keep-alive",
        "x-actor": "superadmin-fallback@quetzaltic.local",
        "sec-ch-ua-platform": "\"Windows\"",
        "authorization": "Bearer eyJhbGciOiJIUzI1NiIsInR5cCI6IkpXVCJ9.eyJzdWIiOiIwMDAwLTAwMDAtMDAwMCIsImVtYWlsIjoic3VwZXJhZG1pbi1mYWxsYmFja0BxdWV0emFsdGljLmxvY2FsIiwicm9sZSI6IkFETUlOIiwiZXhwIjoxNzc0NjM0NDY4fQ.71bAuAgGefR9QsBusckXe9vf3-u3p2xGEvGAP2evfwo",
        "x-correlation-id": "ui_gov_1774553590682",
        "sec-ch-ua": "\"Chromium\";v=\"146\", \"Not-A.Brand\";v=\"24\", \"Brave\";v=\"146\"",
        "sec-ch-ua-mobile": "?0",
        "x-idempotency-key": "0d91dc0d-de2b-4d4e-b755-ab5a956543a5",
        "user-agent": "Mozilla/5.0 (Windows NT 10.0; Win64; x64) AppleWebKit/537.36 (KHTML, like Gecko) Chrome/146.0.0.0 Safari/537.36",
        "accept": "application/json, text/plain, */*",
        "content-type": "application/json",
        "sec-gpc": "1",
        "accept-language": "es-ES,es;q=0.7",
        "origin": "http://localhost:4200",
        "sec-fetch-site": "same-site",
        "sec-fetch-mode": "cors",
        "sec-fetch-dest": "empty",
        "referer": "http://localhost:4200/",
        "accept-encoding": "gzip, deflate, br, zstd",
        "if-none-match": "W/\"7f-zxm1fjxE1unP1HiDbRbJd2zi54k\""
      },
      "remoteAddress": "::1",
      "remotePort": 63755
    }
    [35mcorrelationId[39m: "ui_gov_1774553590682"
    [35mres[39m: {
      "statusCode": 200,
      "headers": {
        "x-powered-by": "Express",
        "access-control-allow-origin": "*",
        "access-control-allow-credentials": "true",
        "x-correlation-id": "ui_gov_1774553590682",
        "content-type": "application/json; charset=utf-8",
        "content-length": "127",
        "etag": "W/\"7f-/QP4wAhpME7gsemIITq+pN1odns\""
      }
    }
    [35mresponseTime[39m: 68
[DEBUG] JWT Payload: {"sub":"0000-0000-0000","email":"superadmin-fallback@quetzaltic.local","role":"ADMIN","exp":1774634468}
[DEBUG] Authenticated Actor: superadmin-fallback@quetzaltic.local
[12:33:15.844] [32mINFO[39m (6280): [36mrequest completed[39m
    [35mreq[39m: {
      "id": 136,
      "method": "GET",
      "url": "/api/governance/lockdown/status",
      "query": {},
      "params": {
        "path": [
          "governance",
          "lockdown",
          "status"
        ]
      },
      "headers": {
        "host": "localhost:3333",
        "connection": "keep-alive",
        "x-actor": "superadmin-fallback@quetzaltic.local",
        "sec-ch-ua-platform": "\"Windows\"",
        "authorization": "Bearer eyJhbGciOiJIUzI1NiIsInR5cCI6IkpXVCJ9.eyJzdWIiOiIwMDAwLTAwMDAtMDAwMCIsImVtYWlsIjoic3VwZXJhZG1pbi1mYWxsYmFja0BxdWV0emFsdGljLmxvY2FsIiwicm9sZSI6IkFETUlOIiwiZXhwIjoxNzc0NjM0NDY4fQ.71bAuAgGefR9QsBusckXe9vf3-u3p2xGEvGAP2evfwo",
        "x-correlation-id": "ui_gov_1774553595674",
        "sec-ch-ua": "\"Chromium\";v=\"146\", \"Not-A.Brand\";v=\"24\", \"Brave\";v=\"146\"",
        "sec-ch-ua-mobile": "?0",
        "x-idempotency-key": "a33af423-4621-4941-88bc-6cbd61d91a2b",
        "user-agent": "Mozilla/5.0 (Windows NT 10.0; Win64; x64) AppleWebKit/537.36 (KHTML, like Gecko) Chrome/146.0.0.0 Safari/537.36",
        "accept": "application/json, text/plain, */*",
        "content-type": "application/json",
        "sec-gpc": "1",
        "accept-language": "es-ES,es;q=0.7",
        "origin": "http://localhost:4200",
        "sec-fetch-site": "same-site",
        "sec-fetch-mode": "cors",
        "sec-fetch-dest": "empty",
        "referer": "http://localhost:4200/",
        "accept-encoding": "gzip, deflate, br, zstd",
        "if-none-match": "W/\"7f-/QP4wAhpME7gsemIITq+pN1odns\""
      },
      "remoteAddress": "::1",
      "remotePort": 63755
    }
    [35mcorrelationId[39m: "ui_gov_1774553595674"
    [35mres[39m: {
      "statusCode": 200,
      "headers": {
        "x-powered-by": "Express",
        "access-control-allow-origin": "*",
        "access-control-allow-credentials": "true",
        "x-correlation-id": "ui_gov_1774553595674",
        "content-type": "application/json; charset=utf-8",
        "content-length": "127",
        "etag": "W/\"7f-vGjpQMl8hCfpNHsJMEP2RjkJsk8\""
      }
    }
    [35mresponseTime[39m: 135
[DEBUG] JWT Payload: {"sub":"0000-0000-0000","email":"superadmin-fallback@quetzaltic.local","role":"ADMIN","exp":1774634468}
[DEBUG] Authenticated Actor: superadmin-fallback@quetzaltic.local
[12:33:17.774] [32mINFO[39m (6280): [36mrequest completed[39m
    [35mreq[39m: {
      "id": 137,
      "method": "GET",
      "url": "/api/governance/audit-logs?ticketId=&actor=&tableName=&correlationId=&startDate=&endDate=&page=1&limit=8&includeSnapshots=true&grouped=true",
      "query": {
        "ticketId": "",
        "actor": "",
        "tableName": "",
        "correlationId": "",
        "startDate": "",
        "endDate": "",
        "page": "1",
        "limit": "8",
        "includeSnapshots": "true",
        "grouped": "true"
      },
      "params": {
        "path": [
          "governance",
          "audit-logs"
        ]
      },
      "headers": {
        "host": "localhost:3333",
        "connection": "keep-alive",
        "x-actor": "superadmin-fallback@quetzaltic.local",
        "sec-ch-ua-platform": "\"Windows\"",
        "authorization": "Bearer eyJhbGciOiJIUzI1NiIsInR5cCI6IkpXVCJ9.eyJzdWIiOiIwMDAwLTAwMDAtMDAwMCIsImVtYWlsIjoic3VwZXJhZG1pbi1mYWxsYmFja0BxdWV0emFsdGljLmxvY2FsIiwicm9sZSI6IkFETUlOIiwiZXhwIjoxNzc0NjM0NDY4fQ.71bAuAgGefR9QsBusckXe9vf3-u3p2xGEvGAP2evfwo",
        "x-correlation-id": "ui_gov_1774553596819",
        "sec-ch-ua": "\"Chromium\";v=\"146\", \"Not-A.Brand\";v=\"24\", \"Brave\";v=\"146\"",
        "sec-ch-ua-mobile": "?0",
        "x-idempotency-key": "be4c56dd-2041-41d7-ae82-0753fe63dc90",
        "user-agent": "Mozilla/5.0 (Windows NT 10.0; Win64; x64) AppleWebKit/537.36 (KHTML, like Gecko) Chrome/146.0.0.0 Safari/537.36",
        "accept": "application/json, text/plain, */*",
        "content-type": "application/json",
        "sec-gpc": "1",
        "accept-language": "es-ES,es;q=0.7",
        "origin": "http://localhost:4200",
        "sec-fetch-site": "same-site",
        "sec-fetch-mode": "cors",
        "sec-fetch-dest": "empty",
        "referer": "http://localhost:4200/",
        "accept-encoding": "gzip, deflate, br, zstd",
        "if-none-match": "W/\"139962-cgoxHoGkD+tR/rhgC9KFlUIbMqE\""
      },
      "remoteAddress": "::1",
      "remotePort": 63755
    }
    [35mcorrelationId[39m: "ui_gov_1774553596819"
    [35mres[39m: {
      "statusCode": 200,
      "headers": {
        "x-powered-by": "Express",
        "access-control-allow-origin": "*",
        "access-control-allow-credentials": "true",
        "x-correlation-id": "ui_gov_1774553596819",
        "content-type": "application/json; charset=utf-8",
        "content-length": "1284450",
        "etag": "W/\"139962-qfmkk2yVOn27gE40PHtqe6GXklQ\""
      }
    }
    [35mresponseTime[39m: 945
[DEBUG] JWT Payload: {"sub":"0000-0000-0000","email":"superadmin-fallback@quetzaltic.local","role":"ADMIN","exp":1774634468}
[DEBUG] Authenticated Actor: superadmin-fallback@quetzaltic.local
[12:33:20.746] [32mINFO[39m (6280): [36mrequest completed[39m
    [35mreq[39m: {
      "id": 138,
      "method": "GET",
      "url": "/api/governance/lockdown/status",
      "query": {},
      "params": {
        "path": [
          "governance",
          "lockdown",
          "status"
        ]
      },
      "headers": {
        "host": "localhost:3333",
        "connection": "keep-alive",
        "x-actor": "superadmin-fallback@quetzaltic.local",
        "sec-ch-ua-platform": "\"Windows\"",
        "authorization": "Bearer eyJhbGciOiJIUzI1NiIsInR5cCI6IkpXVCJ9.eyJzdWIiOiIwMDAwLTAwMDAtMDAwMCIsImVtYWlsIjoic3VwZXJhZG1pbi1mYWxsYmFja0BxdWV0emFsdGljLmxvY2FsIiwicm9sZSI6IkFETUlOIiwiZXhwIjoxNzc0NjM0NDY4fQ.71bAuAgGefR9QsBusckXe9vf3-u3p2xGEvGAP2evfwo",
        "x-correlation-id": "ui_gov_1774553600677",
        "sec-ch-ua": "\"Chromium\";v=\"146\", \"Not-A.Brand\";v=\"24\", \"Brave\";v=\"146\"",
        "sec-ch-ua-mobile": "?0",
        "x-idempotency-key": "121041f0-c639-4461-a9bd-cfa643d5c353",
        "user-agent": "Mozilla/5.0 (Windows NT 10.0; Win64; x64) AppleWebKit/537.36 (KHTML, like Gecko) Chrome/146.0.0.0 Safari/537.36",
        "accept": "application/json, text/plain, */*",
        "content-type": "application/json",
        "sec-gpc": "1",
        "accept-language": "es-ES,es;q=0.7",
        "origin": "http://localhost:4200",
        "sec-fetch-site": "same-site",
        "sec-fetch-mode": "cors",
        "sec-fetch-dest": "empty",
        "referer": "http://localhost:4200/",
        "accept-encoding": "gzip, deflate, br, zstd",
        "if-none-match": "W/\"7f-vGjpQMl8hCfpNHsJMEP2RjkJsk8\""
      },
      "remoteAddress": "::1",
      "remotePort": 63755
    }
    [35mcorrelationId[39m: "ui_gov_1774553600677"
    [35mres[39m: {
      "statusCode": 200,
      "headers": {
        "x-powered-by": "Express",
        "access-control-allow-origin": "*",
        "access-control-allow-credentials": "true",
        "x-correlation-id": "ui_gov_1774553600677",
        "content-type": "application/json; charset=utf-8",
        "content-length": "127",
        "etag": "W/\"7f-u29QkWT7PcO+r+ef5w5eZkcyFy8\""
      }
    }
    [35mresponseTime[39m: 61
[DEBUG] JWT Payload: {"sub":"0000-0000-0000","email":"superadmin-fallback@quetzaltic.local","role":"ADMIN","exp":1774634468}
[DEBUG] Authenticated Actor: superadmin-fallback@quetzaltic.local
[DEBUG] JWT Payload: {"sub":"0000-0000-0000","email":"superadmin-fallback@quetzaltic.local","role":"ADMIN","exp":1774634468}
[DEBUG] Authenticated Actor: superadmin-fallback@quetzaltic.local
[12:33:25.776] [32mINFO[39m (6280): [36mrequest completed[39m
    [35mreq[39m: {
      "id": 139,
      "method": "GET",
      "url": "/api/governance/stats",
      "query": {},
      "params": {
        "path": [
          "governance",
          "stats"
        ]
      },
      "headers": {
        "host": "localhost:3333",
        "connection": "keep-alive",
        "x-actor": "superadmin-fallback@quetzaltic.local",
        "sec-ch-ua-platform": "\"Windows\"",
        "authorization": "Bearer eyJhbGciOiJIUzI1NiIsInR5cCI6IkpXVCJ9.eyJzdWIiOiIwMDAwLTAwMDAtMDAwMCIsImVtYWlsIjoic3VwZXJhZG1pbi1mYWxsYmFja0BxdWV0emFsdGljLmxvY2FsIiwicm9sZSI6IkFETUlOIiwiZXhwIjoxNzc0NjM0NDY4fQ.71bAuAgGefR9QsBusckXe9vf3-u3p2xGEvGAP2evfwo",
        "x-correlation-id": "ui_gov_1774553605624",
        "sec-ch-ua": "\"Chromium\";v=\"146\", \"Not-A.Brand\";v=\"24\", \"Brave\";v=\"146\"",
        "sec-ch-ua-mobile": "?0",
        "x-idempotency-key": "da6d448a-a627-4c86-a77c-3fd030379f80",
        "user-agent": "Mozilla/5.0 (Windows NT 10.0; Win64; x64) AppleWebKit/537.36 (KHTML, like Gecko) Chrome/146.0.0.0 Safari/537.36",
        "accept": "application/json, text/plain, */*",
        "content-type": "application/json",
        "sec-gpc": "1",
        "accept-language": "es-ES,es;q=0.7",
        "origin": "http://localhost:4200",
        "sec-fetch-site": "same-site",
        "sec-fetch-mode": "cors",
        "sec-fetch-dest": "empty",
        "referer": "http://localhost:4200/",
        "accept-encoding": "gzip, deflate, br, zstd",
        "if-none-match": "W/\"c4-RjoHpxXZdNId1pk2y/9e4UtChQQ\""
      },
      "remoteAddress": "::1",
      "remotePort": 63755
    }
    [35mcorrelationId[39m: "ui_gov_1774553605624"
    [35mres[39m: {
      "statusCode": 200,
      "headers": {
        "x-powered-by": "Express",
        "access-control-allow-origin": "*",
        "access-control-allow-credentials": "true",
        "x-correlation-id": "ui_gov_1774553605624",
        "content-type": "application/json; charset=utf-8",
        "content-length": "196",
        "etag": "W/\"c4-pMw0YRpyfQjxcxRjjN89wYDz5/k\""
      }
    }
    [35mresponseTime[39m: 144
[12:33:25.816] [32mINFO[39m (6280): [36mrequest completed[39m
    [35mreq[39m: {
      "id": 140,
      "method": "GET",
      "url": "/api/governance/lockdown/status",
      "query": {},
      "params": {
        "path": [
          "governance",
          "lockdown",
          "status"
        ]
      },
      "headers": {
        "host": "localhost:3333",
        "connection": "keep-alive",
        "x-actor": "superadmin-fallback@quetzaltic.local",
        "sec-ch-ua-platform": "\"Windows\"",
        "authorization": "Bearer eyJhbGciOiJIUzI1NiIsInR5cCI6IkpXVCJ9.eyJzdWIiOiIwMDAwLTAwMDAtMDAwMCIsImVtYWlsIjoic3VwZXJhZG1pbi1mYWxsYmFja0BxdWV0emFsdGljLmxvY2FsIiwicm9sZSI6IkFETUlOIiwiZXhwIjoxNzc0NjM0NDY4fQ.71bAuAgGefR9QsBusckXe9vf3-u3p2xGEvGAP2evfwo",
        "x-correlation-id": "ui_gov_1774553605685",
        "sec-ch-ua": "\"Chromium\";v=\"146\", \"Not-A.Brand\";v=\"24\", \"Brave\";v=\"146\"",
        "sec-ch-ua-mobile": "?0",
        "x-idempotency-key": "62c42c89-7ea1-4297-a883-5a0fc061d7f9",
        "user-agent": "Mozilla/5.0 (Windows NT 10.0; Win64; x64) AppleWebKit/537.36 (KHTML, like Gecko) Chrome/146.0.0.0 Safari/537.36",
        "accept": "application/json, text/plain, */*",
        "content-type": "application/json",
        "sec-gpc": "1",
        "accept-language": "es-ES,es;q=0.7",
        "origin": "http://localhost:4200",
        "sec-fetch-site": "same-site",
        "sec-fetch-mode": "cors",
        "sec-fetch-dest": "empty",
        "referer": "http://localhost:4200/",
        "accept-encoding": "gzip, deflate, br, zstd",
        "if-none-match": "W/\"7f-u29QkWT7PcO+r+ef5w5eZkcyFy8\""
      },
      "remoteAddress": "::1",
      "remotePort": 52446
    }
    [35mcorrelationId[39m: "ui_gov_1774553605685"
    [35mres[39m: {
      "statusCode": 200,
      "headers": {
        "x-powered-by": "Express",
        "access-control-allow-origin": "*",
        "access-control-allow-credentials": "true",
        "x-correlation-id": "ui_gov_1774553605685",
        "content-type": "application/json; charset=utf-8",
        "content-length": "127",
        "etag": "W/\"7f-vpZkjdCWo1gOqjzSgo7FaKJLWLk\""
      }
    }
    [35mresponseTime[39m: 123
[DEBUG] JWT Payload: {"sub":"0000-0000-0000","email":"superadmin-fallback@quetzaltic.local","role":"ADMIN","exp":1774634468}
[DEBUG] Authenticated Actor: superadmin-fallback@quetzaltic.local
[12:33:27.822] [32mINFO[39m (6280): [36mrequest completed[39m
    [35mreq[39m: {
      "id": 141,
      "method": "GET",
      "url": "/api/governance/audit-logs?ticketId=&actor=&tableName=&correlationId=&startDate=&endDate=&page=1&limit=8&includeSnapshots=true&grouped=true",
      "query": {
        "ticketId": "",
        "actor": "",
        "tableName": "",
        "correlationId": "",
        "startDate": "",
        "endDate": "",
        "page": "1",
        "limit": "8",
        "includeSnapshots": "true",
        "grouped": "true"
      },
      "params": {
        "path": [
          "governance",
          "audit-logs"
        ]
      },
      "headers": {
        "host": "localhost:3333",
        "connection": "keep-alive",
        "x-actor": "superadmin-fallback@quetzaltic.local",
        "sec-ch-ua-platform": "\"Windows\"",
        "authorization": "Bearer eyJhbGciOiJIUzI1NiIsInR5cCI6IkpXVCJ9.eyJzdWIiOiIwMDAwLTAwMDAtMDAwMCIsImVtYWlsIjoic3VwZXJhZG1pbi1mYWxsYmFja0BxdWV0emFsdGljLmxvY2FsIiwicm9sZSI6IkFETUlOIiwiZXhwIjoxNzc0NjM0NDY4fQ.71bAuAgGefR9QsBusckXe9vf3-u3p2xGEvGAP2evfwo",
        "x-correlation-id": "ui_gov_1774553606817",
        "sec-ch-ua": "\"Chromium\";v=\"146\", \"Not-A.Brand\";v=\"24\", \"Brave\";v=\"146\"",
        "sec-ch-ua-mobile": "?0",
        "x-idempotency-key": "5022ce01-f578-4dad-922e-37e88040bb2c",
        "user-agent": "Mozilla/5.0 (Windows NT 10.0; Win64; x64) AppleWebKit/537.36 (KHTML, like Gecko) Chrome/146.0.0.0 Safari/537.36",
        "accept": "application/json, text/plain, */*",
        "content-type": "application/json",
        "sec-gpc": "1",
        "accept-language": "es-ES,es;q=0.7",
        "origin": "http://localhost:4200",
        "sec-fetch-site": "same-site",
        "sec-fetch-mode": "cors",
        "sec-fetch-dest": "empty",
        "referer": "http://localhost:4200/",
        "accept-encoding": "gzip, deflate, br, zstd",
        "if-none-match": "W/\"139962-qfmkk2yVOn27gE40PHtqe6GXklQ\""
      },
      "remoteAddress": "::1",
      "remotePort": 52446
    }
    [35mcorrelationId[39m: "ui_gov_1774553606817"
    [35mres[39m: {
      "statusCode": 200,
      "headers": {
        "x-powered-by": "Express",
        "access-control-allow-origin": "*",
        "access-control-allow-credentials": "true",
        "x-correlation-id": "ui_gov_1774553606817",
        "content-type": "application/json; charset=utf-8",
        "content-length": "1284450",
        "etag": "W/\"139962-vNgpLkxGwgYYZKlBohL/StpChfI\""
      }
    }
    [35mresponseTime[39m: 993
[DEBUG] JWT Payload: {"sub":"0000-0000-0000","email":"superadmin-fallback@quetzaltic.local","role":"ADMIN","exp":1774634468}
[DEBUG] Authenticated Actor: superadmin-fallback@quetzaltic.local
[12:33:30.743] [32mINFO[39m (6280): [36mrequest completed[39m
    [35mreq[39m: {
      "id": 142,
      "method": "GET",
      "url": "/api/governance/lockdown/status",
      "query": {},
      "params": {
        "path": [
          "governance",
          "lockdown",
          "status"
        ]
      },
      "headers": {
        "host": "localhost:3333",
        "connection": "keep-alive",
        "x-actor": "superadmin-fallback@quetzaltic.local",
        "sec-ch-ua-platform": "\"Windows\"",
        "authorization": "Bearer eyJhbGciOiJIUzI1NiIsInR5cCI6IkpXVCJ9.eyJzdWIiOiIwMDAwLTAwMDAtMDAwMCIsImVtYWlsIjoic3VwZXJhZG1pbi1mYWxsYmFja0BxdWV0emFsdGljLmxvY2FsIiwicm9sZSI6IkFETUlOIiwiZXhwIjoxNzc0NjM0NDY4fQ.71bAuAgGefR9QsBusckXe9vf3-u3p2xGEvGAP2evfwo",
        "x-correlation-id": "ui_gov_1774553610681",
        "sec-ch-ua": "\"Chromium\";v=\"146\", \"Not-A.Brand\";v=\"24\", \"Brave\";v=\"146\"",
        "sec-ch-ua-mobile": "?0",
        "x-idempotency-key": "09feb3ad-ba2d-4ccd-b8ab-cce1dcefe8e9",
        "user-agent": "Mozilla/5.0 (Windows NT 10.0; Win64; x64) AppleWebKit/537.36 (KHTML, like Gecko) Chrome/146.0.0.0 Safari/537.36",
        "accept": "application/json, text/plain, */*",
        "content-type": "application/json",
        "sec-gpc": "1",
        "accept-language": "es-ES,es;q=0.7",
        "origin": "http://localhost:4200",
        "sec-fetch-site": "same-site",
        "sec-fetch-mode": "cors",
        "sec-fetch-dest": "empty",
        "referer": "http://localhost:4200/",
        "accept-encoding": "gzip, deflate, br, zstd",
        "if-none-match": "W/\"7f-vpZkjdCWo1gOqjzSgo7FaKJLWLk\""
      },
      "remoteAddress": "::1",
      "remotePort": 52446
    }
    [35mcorrelationId[39m: "ui_gov_1774553610681"
    [35mres[39m: {
      "statusCode": 200,
      "headers": {
        "x-powered-by": "Express",
        "access-control-allow-origin": "*",
        "access-control-allow-credentials": "true",
        "x-correlation-id": "ui_gov_1774553610681",
        "content-type": "application/json; charset=utf-8",
        "content-length": "127",
        "etag": "W/\"7f-4kut3XDDIofwdMDLMqhPNFPXBNc\""
      }
    }
    [35mresponseTime[39m: 59
[DEBUG] JWT Payload: {"sub":"0000-0000-0000","email":"superadmin-fallback@quetzaltic.local","role":"ADMIN","exp":1774634468}
[DEBUG] Authenticated Actor: superadmin-fallback@quetzaltic.local
[12:33:32.072] [32mINFO[39m (6280): [36mrequest completed[39m
    [35mreq[39m: {
      "id": 143,
      "method": "GET",
      "url": "/api/governance/audit-logs?ticketId=&actor=&tableName=&correlationId=&startDate=&endDate=&page=1&limit=8&includeSnapshots=false&grouped=true",
      "query": {
        "ticketId": "",
        "actor": "",
        "tableName": "",
        "correlationId": "",
        "startDate": "",
        "endDate": "",
        "page": "1",
        "limit": "8",
        "includeSnapshots": "false",
        "grouped": "true"
      },
      "params": {
        "path": [
          "governance",
          "audit-logs"
        ]
      },
      "headers": {
        "host": "localhost:3333",
        "connection": "keep-alive",
        "x-actor": "superadmin-fallback@quetzaltic.local",
        "sec-ch-ua-platform": "\"Windows\"",
        "authorization": "Bearer eyJhbGciOiJIUzI1NiIsInR5cCI6IkpXVCJ9.eyJzdWIiOiIwMDAwLTAwMDAtMDAwMCIsImVtYWlsIjoic3VwZXJhZG1pbi1mYWxsYmFja0BxdWV0emFsdGljLmxvY2FsIiwicm9sZSI6IkFETUlOIiwiZXhwIjoxNzc0NjM0NDY4fQ.71bAuAgGefR9QsBusckXe9vf3-u3p2xGEvGAP2evfwo",
        "x-correlation-id": "ui_gov_1774553611368",
        "sec-ch-ua": "\"Chromium\";v=\"146\", \"Not-A.Brand\";v=\"24\", \"Brave\";v=\"146\"",
        "sec-ch-ua-mobile": "?0",
        "x-idempotency-key": "1e43914b-39b7-4bed-83f9-329985bdac71",
        "user-agent": "Mozilla/5.0 (Windows NT 10.0; Win64; x64) AppleWebKit/537.36 (KHTML, like Gecko) Chrome/146.0.0.0 Safari/537.36",
        "accept": "application/json, text/plain, */*",
        "content-type": "application/json",
        "sec-gpc": "1",
        "accept-language": "es-ES,es;q=0.7",
        "origin": "http://localhost:4200",
        "sec-fetch-site": "same-site",
        "sec-fetch-mode": "cors",
        "sec-fetch-dest": "empty",
        "referer": "http://localhost:4200/",
        "accept-encoding": "gzip, deflate, br, zstd"
      },
      "remoteAddress": "::1",
      "remotePort": 52446
    }
    [35mcorrelationId[39m: "ui_gov_1774553611368"
    [35mres[39m: {
      "statusCode": 200,
      "headers": {
        "x-powered-by": "Express",
        "access-control-allow-origin": "*",
        "access-control-allow-credentials": "true",
        "x-correlation-id": "ui_gov_1774553611368",
        "content-type": "application/json; charset=utf-8",
        "content-length": "369279",
        "etag": "W/\"5a27f-Gijei/SQ8nd2JKmrMs0RINCt0w0\""
      }
    }
    [35mresponseTime[39m: 697
[DEBUG] JWT Payload: {"sub":"0000-0000-0000","email":"superadmin-fallback@quetzaltic.local","role":"ADMIN","exp":1774634468}
[DEBUG] Authenticated Actor: superadmin-fallback@quetzaltic.local
[12:33:33.549] [32mINFO[39m (6280): [36mrequest completed[39m
    [35mreq[39m: {
      "id": 144,
      "method": "GET",
      "url": "/api/governance/audit-logs?ticketId=&actor=&tableName=&correlationId=&startDate=&endDate=&page=1&limit=8&includeSnapshots=true&grouped=true",
      "query": {
        "ticketId": "",
        "actor": "",
        "tableName": "",
        "correlationId": "",
        "startDate": "",
        "endDate": "",
        "page": "1",
        "limit": "8",
        "includeSnapshots": "true",
        "grouped": "true"
      },
      "params": {
        "path": [
          "governance",
          "audit-logs"
        ]
      },
      "headers": {
        "host": "localhost:3333",
        "connection": "keep-alive",
        "x-actor": "superadmin-fallback@quetzaltic.local",
        "sec-ch-ua-platform": "\"Windows\"",
        "authorization": "Bearer eyJhbGciOiJIUzI1NiIsInR5cCI6IkpXVCJ9.eyJzdWIiOiIwMDAwLTAwMDAtMDAwMCIsImVtYWlsIjoic3VwZXJhZG1pbi1mYWxsYmFja0BxdWV0emFsdGljLmxvY2FsIiwicm9sZSI6IkFETUlOIiwiZXhwIjoxNzc0NjM0NDY4fQ.71bAuAgGefR9QsBusckXe9vf3-u3p2xGEvGAP2evfwo",
        "x-correlation-id": "ui_gov_1774553612705",
        "sec-ch-ua": "\"Chromium\";v=\"146\", \"Not-A.Brand\";v=\"24\", \"Brave\";v=\"146\"",
        "sec-ch-ua-mobile": "?0",
        "x-idempotency-key": "bf370bfd-5fef-4cc1-a053-92b1ba587fe7",
        "user-agent": "Mozilla/5.0 (Windows NT 10.0; Win64; x64) AppleWebKit/537.36 (KHTML, like Gecko) Chrome/146.0.0.0 Safari/537.36",
        "accept": "application/json, text/plain, */*",
        "content-type": "application/json",
        "sec-gpc": "1",
        "accept-language": "es-ES,es;q=0.7",
        "origin": "http://localhost:4200",
        "sec-fetch-site": "same-site",
        "sec-fetch-mode": "cors",
        "sec-fetch-dest": "empty",
        "referer": "http://localhost:4200/",
        "accept-encoding": "gzip, deflate, br, zstd",
        "if-none-match": "W/\"139962-vNgpLkxGwgYYZKlBohL/StpChfI\""
      },
      "remoteAddress": "::1",
      "remotePort": 52446
    }
    [35mcorrelationId[39m: "ui_gov_1774553612705"
    [35mres[39m: {
      "statusCode": 200,
      "headers": {
        "x-powered-by": "Express",
        "access-control-allow-origin": "*",
        "access-control-allow-credentials": "true",
        "x-correlation-id": "ui_gov_1774553612705",
        "content-type": "application/json; charset=utf-8",
        "content-length": "1284450",
        "etag": "W/\"139962-o29DLy28XLEeoVbrSNa57UTSY0A\""
      }
    }
    [35mresponseTime[39m: 836
[DEBUG] JWT Payload: {"sub":"0000-0000-0000","email":"superadmin-fallback@quetzaltic.local","role":"ADMIN","exp":1774634468}
[DEBUG] Authenticated Actor: superadmin-fallback@quetzaltic.local
[12:33:35.757] [32mINFO[39m (6280): [36mrequest completed[39m
    [35mreq[39m: {
      "id": 145,
      "method": "GET",
      "url": "/api/governance/lockdown/status",
      "query": {},
      "params": {
        "path": [
          "governance",
          "lockdown",
          "status"
        ]
      },
      "headers": {
        "host": "localhost:3333",
        "connection": "keep-alive",
        "x-actor": "superadmin-fallback@quetzaltic.local",
        "sec-ch-ua-platform": "\"Windows\"",
        "authorization": "Bearer eyJhbGciOiJIUzI1NiIsInR5cCI6IkpXVCJ9.eyJzdWIiOiIwMDAwLTAwMDAtMDAwMCIsImVtYWlsIjoic3VwZXJhZG1pbi1mYWxsYmFja0BxdWV0emFsdGljLmxvY2FsIiwicm9sZSI6IkFETUlOIiwiZXhwIjoxNzc0NjM0NDY4fQ.71bAuAgGefR9QsBusckXe9vf3-u3p2xGEvGAP2evfwo",
        "x-correlation-id": "ui_gov_1774553615682",
        "sec-ch-ua": "\"Chromium\";v=\"146\", \"Not-A.Brand\";v=\"24\", \"Brave\";v=\"146\"",
        "sec-ch-ua-mobile": "?0",
        "x-idempotency-key": "059204f9-e9d6-43d9-96e4-3f36b7a20358",
        "user-agent": "Mozilla/5.0 (Windows NT 10.0; Win64; x64) AppleWebKit/537.36 (KHTML, like Gecko) Chrome/146.0.0.0 Safari/537.36",
        "accept": "application/json, text/plain, */*",
        "content-type": "application/json",
        "sec-gpc": "1",
        "accept-language": "es-ES,es;q=0.7",
        "origin": "http://localhost:4200",
        "sec-fetch-site": "same-site",
        "sec-fetch-mode": "cors",
        "sec-fetch-dest": "empty",
        "referer": "http://localhost:4200/",
        "accept-encoding": "gzip, deflate, br, zstd",
        "if-none-match": "W/\"7f-4kut3XDDIofwdMDLMqhPNFPXBNc\""
      },
      "remoteAddress": "::1",
      "remotePort": 52446
    }
    [35mcorrelationId[39m: "ui_gov_1774553615682"
    [35mres[39m: {
      "statusCode": 200,
      "headers": {
        "x-powered-by": "Express",
        "access-control-allow-origin": "*",
        "access-control-allow-credentials": "true",
        "x-correlation-id": "ui_gov_1774553615682",
        "content-type": "application/json; charset=utf-8",
        "content-length": "127",
        "etag": "W/\"7f-ZyYa0eq1nkeI4coC1ffHGOs6YrI\""
      }
    }
    [35mresponseTime[39m: 66
[DEBUG] JWT Payload: {"sub":"0000-0000-0000","email":"superadmin-fallback@quetzaltic.local","role":"ADMIN","exp":1774634468}
[DEBUG] Authenticated Actor: superadmin-fallback@quetzaltic.local
[DEBUG] JWT Payload: {"sub":"0000-0000-0000","email":"superadmin-fallback@quetzaltic.local","role":"ADMIN","exp":1774634468}
[DEBUG] Authenticated Actor: superadmin-fallback@quetzaltic.local
[12:33:36.942] [32mINFO[39m (6280): [36mrequest completed[39m
    [35mreq[39m: {
      "id": 147,
      "method": "GET",
      "url": "/api/governance/stats",
      "query": {},
      "params": {
        "path": [
          "governance",
          "stats"
        ]
      },
      "headers": {
        "host": "localhost:3333",
        "connection": "keep-alive",
        "x-actor": "superadmin-fallback@quetzaltic.local",
        "sec-ch-ua-platform": "\"Windows\"",
        "authorization": "Bearer eyJhbGciOiJIUzI1NiIsInR5cCI6IkpXVCJ9.eyJzdWIiOiIwMDAwLTAwMDAtMDAwMCIsImVtYWlsIjoic3VwZXJhZG1pbi1mYWxsYmFja0BxdWV0emFsdGljLmxvY2FsIiwicm9sZSI6IkFETUlOIiwiZXhwIjoxNzc0NjM0NDY4fQ.71bAuAgGefR9QsBusckXe9vf3-u3p2xGEvGAP2evfwo",
        "x-correlation-id": "ui_gov_1774553616806",
        "sec-ch-ua": "\"Chromium\";v=\"146\", \"Not-A.Brand\";v=\"24\", \"Brave\";v=\"146\"",
        "sec-ch-ua-mobile": "?0",
        "x-idempotency-key": "b3e840ce-82e7-4f90-9eba-8fdddc6796f6",
        "user-agent": "Mozilla/5.0 (Windows NT 10.0; Win64; x64) AppleWebKit/537.36 (KHTML, like Gecko) Chrome/146.0.0.0 Safari/537.36",
        "accept": "application/json, text/plain, */*",
        "content-type": "application/json",
        "sec-gpc": "1",
        "accept-language": "es-ES,es;q=0.7",
        "origin": "http://localhost:4200",
        "sec-fetch-site": "same-site",
        "sec-fetch-mode": "cors",
        "sec-fetch-dest": "empty",
        "referer": "http://localhost:4200/",
        "accept-encoding": "gzip, deflate, br, zstd",
        "if-none-match": "W/\"c4-pMw0YRpyfQjxcxRjjN89wYDz5/k\""
      },
      "remoteAddress": "::1",
      "remotePort": 60127
    }
    [35mcorrelationId[39m: "ui_gov_1774553616806"
    [35mres[39m: {
      "statusCode": 200,
      "headers": {
        "x-powered-by": "Express",
        "access-control-allow-origin": "*",
        "access-control-allow-credentials": "true",
        "x-correlation-id": "ui_gov_1774553616806",
        "content-type": "application/json; charset=utf-8",
        "content-length": "196",
        "etag": "W/\"c4-HFymUftqOgll+jk1OgP6ghqSKzM\""
      }
    }
    [35mresponseTime[39m: 128
[DEBUG] JWT Payload: {"sub":"0000-0000-0000","email":"superadmin-fallback@quetzaltic.local","role":"ADMIN","exp":1774634468}
[DEBUG] Authenticated Actor: superadmin-fallback@quetzaltic.local
[12:33:37.031] [32mINFO[39m (6280): [36mrequest completed[39m
    [35mreq[39m: {
      "id": 148,
      "method": "GET",
      "url": "/api/governance/stats",
      "query": {},
      "params": {
        "path": [
          "governance",
          "stats"
        ]
      },
      "headers": {
        "host": "localhost:3333",
        "connection": "keep-alive",
        "x-actor": "superadmin-fallback@quetzaltic.local",
        "sec-ch-ua-platform": "\"Windows\"",
        "authorization": "Bearer eyJhbGciOiJIUzI1NiIsInR5cCI6IkpXVCJ9.eyJzdWIiOiIwMDAwLTAwMDAtMDAwMCIsImVtYWlsIjoic3VwZXJhZG1pbi1mYWxsYmFja0BxdWV0emFsdGljLmxvY2FsIiwicm9sZSI6IkFETUlOIiwiZXhwIjoxNzc0NjM0NDY4fQ.71bAuAgGefR9QsBusckXe9vf3-u3p2xGEvGAP2evfwo",
        "x-correlation-id": "ui_gov_1774553616807",
        "sec-ch-ua": "\"Chromium\";v=\"146\", \"Not-A.Brand\";v=\"24\", \"Brave\";v=\"146\"",
        "sec-ch-ua-mobile": "?0",
        "x-idempotency-key": "bc21bc75-0109-453a-aa32-6913b1edf8b1",
        "user-agent": "Mozilla/5.0 (Windows NT 10.0; Win64; x64) AppleWebKit/537.36 (KHTML, like Gecko) Chrome/146.0.0.0 Safari/537.36",
        "accept": "application/json, text/plain, */*",
        "content-type": "application/json",
        "sec-gpc": "1",
        "accept-language": "es-ES,es;q=0.7",
        "origin": "http://localhost:4200",
        "sec-fetch-site": "same-site",
        "sec-fetch-mode": "cors",
        "sec-fetch-dest": "empty",
        "referer": "http://localhost:4200/",
        "accept-encoding": "gzip, deflate, br, zstd",
        "if-none-match": "W/\"c4-HFymUftqOgll+jk1OgP6ghqSKzM\""
      },
      "remoteAddress": "::1",
      "remotePort": 60127
    }
    [35mcorrelationId[39m: "ui_gov_1774553616807"
    [35mres[39m: {
      "statusCode": 200,
      "headers": {
        "x-powered-by": "Express",
        "access-control-allow-origin": "*",
        "access-control-allow-credentials": "true",
        "x-correlation-id": "ui_gov_1774553616807",
        "content-type": "application/json; charset=utf-8",
        "content-length": "196",
        "etag": "W/\"c4-8F3IGAdQCcUjFQzJ5fz+tXZ/L2s\""
      }
    }
    [35mresponseTime[39m: 85
[12:33:37.727] [32mINFO[39m (6280): [36mrequest completed[39m
    [35mreq[39m: {
      "id": 146,
      "method": "GET",
      "url": "/api/governance/audit-logs?ticketId=&actor=&tableName=&correlationId=&startDate=&endDate=&page=1&limit=8&includeSnapshots=true&grouped=true",
      "query": {
        "ticketId": "",
        "actor": "",
        "tableName": "",
        "correlationId": "",
        "startDate": "",
        "endDate": "",
        "page": "1",
        "limit": "8",
        "includeSnapshots": "true",
        "grouped": "true"
      },
      "params": {
        "path": [
          "governance",
          "audit-logs"
        ]
      },
      "headers": {
        "host": "localhost:3333",
        "connection": "keep-alive",
        "x-actor": "superadmin-fallback@quetzaltic.local",
        "sec-ch-ua-platform": "\"Windows\"",
        "authorization": "Bearer eyJhbGciOiJIUzI1NiIsInR5cCI6IkpXVCJ9.eyJzdWIiOiIwMDAwLTAwMDAtMDAwMCIsImVtYWlsIjoic3VwZXJhZG1pbi1mYWxsYmFja0BxdWV0emFsdGljLmxvY2FsIiwicm9sZSI6IkFETUlOIiwiZXhwIjoxNzc0NjM0NDY4fQ.71bAuAgGefR9QsBusckXe9vf3-u3p2xGEvGAP2evfwo",
        "x-correlation-id": "ui_gov_1774553616808",
        "sec-ch-ua": "\"Chromium\";v=\"146\", \"Not-A.Brand\";v=\"24\", \"Brave\";v=\"146\"",
        "sec-ch-ua-mobile": "?0",
        "x-idempotency-key": "cb4eb5f7-c8dd-4f29-a7ea-5dcc886e7d94",
        "user-agent": "Mozilla/5.0 (Windows NT 10.0; Win64; x64) AppleWebKit/537.36 (KHTML, like Gecko) Chrome/146.0.0.0 Safari/537.36",
        "accept": "application/json, text/plain, */*",
        "content-type": "application/json",
        "sec-gpc": "1",
        "accept-language": "es-ES,es;q=0.7",
        "origin": "http://localhost:4200",
        "sec-fetch-site": "same-site",
        "sec-fetch-mode": "cors",
        "sec-fetch-dest": "empty",
        "referer": "http://localhost:4200/",
        "accept-encoding": "gzip, deflate, br, zstd",
        "if-none-match": "W/\"139962-o29DLy28XLEeoVbrSNa57UTSY0A\""
      },
      "remoteAddress": "::1",
      "remotePort": 52446
    }
    [35mcorrelationId[39m: "ui_gov_1774553616808"
    [35mres[39m: {
      "statusCode": 200,
      "headers": {
        "x-powered-by": "Express",
        "access-control-allow-origin": "*",
        "access-control-allow-credentials": "true",
        "x-correlation-id": "ui_gov_1774553616808",
        "content-type": "application/json; charset=utf-8",
        "content-length": "1284450",
        "etag": "W/\"139962-4qqchF9MNcUhxg7rNjABVkWK+ok\""
      }
    }
    [35mresponseTime[39m: 914
[DEBUG] JWT Payload: {"sub":"0000-0000-0000","email":"superadmin-fallback@quetzaltic.local","role":"ADMIN","exp":1774634468}
[DEBUG] Authenticated Actor: superadmin-fallback@quetzaltic.local
[12:33:40.748] [32mINFO[39m (6280): [36mrequest completed[39m
    [35mreq[39m: {
      "id": 149,
      "method": "GET",
      "url": "/api/governance/lockdown/status",
      "query": {},
      "params": {
        "path": [
          "governance",
          "lockdown",
          "status"
        ]
      },
      "headers": {
        "host": "localhost:3333",
        "connection": "keep-alive",
        "x-actor": "superadmin-fallback@quetzaltic.local",
        "sec-ch-ua-platform": "\"Windows\"",
        "authorization": "Bearer eyJhbGciOiJIUzI1NiIsInR5cCI6IkpXVCJ9.eyJzdWIiOiIwMDAwLTAwMDAtMDAwMCIsImVtYWlsIjoic3VwZXJhZG1pbi1mYWxsYmFja0BxdWV0emFsdGljLmxvY2FsIiwicm9sZSI6IkFETUlOIiwiZXhwIjoxNzc0NjM0NDY4fQ.71bAuAgGefR9QsBusckXe9vf3-u3p2xGEvGAP2evfwo",
        "x-correlation-id": "ui_gov_1774553620687",
        "sec-ch-ua": "\"Chromium\";v=\"146\", \"Not-A.Brand\";v=\"24\", \"Brave\";v=\"146\"",
        "sec-ch-ua-mobile": "?0",
        "x-idempotency-key": "da2bbc2e-7a28-4c65-a03c-eac8b9ce4816",
        "user-agent": "Mozilla/5.0 (Windows NT 10.0; Win64; x64) AppleWebKit/537.36 (KHTML, like Gecko) Chrome/146.0.0.0 Safari/537.36",
        "accept": "application/json, text/plain, */*",
        "content-type": "application/json",
        "sec-gpc": "1",
        "accept-language": "es-ES,es;q=0.7",
        "origin": "http://localhost:4200",
        "sec-fetch-site": "same-site",
        "sec-fetch-mode": "cors",
        "sec-fetch-dest": "empty",
        "referer": "http://localhost:4200/",
        "accept-encoding": "gzip, deflate, br, zstd",
        "if-none-match": "W/\"7f-ZyYa0eq1nkeI4coC1ffHGOs6YrI\""
      },
      "remoteAddress": "::1",
      "remotePort": 52446
    }
    [35mcorrelationId[39m: "ui_gov_1774553620687"
    [35mres[39m: {
      "statusCode": 200,
      "headers": {
        "x-powered-by": "Express",
        "access-control-allow-origin": "*",
        "access-control-allow-credentials": "true",
        "x-correlation-id": "ui_gov_1774553620687",
        "content-type": "application/json; charset=utf-8",
        "content-length": "127",
        "etag": "W/\"7f-mJJ58M0TSTS8Jzzl9lIdjnsMjtU\""
      }
    }
    [35mresponseTime[39m: 59
[DEBUG] JWT Payload: {"sub":"0000-0000-0000","email":"superadmin-fallback@quetzaltic.local","role":"ADMIN","exp":1774634468}
[DEBUG] Authenticated Actor: superadmin-fallback@quetzaltic.local
[12:33:46.107] [32mINFO[39m (6280): [36mrequest completed[39m
    [35mreq[39m: {
      "id": 150,
      "method": "GET",
      "url": "/api/governance/lockdown/status",
      "query": {},
      "params": {
        "path": [
          "governance",
          "lockdown",
          "status"
        ]
      },
      "headers": {
        "host": "localhost:3333",
        "connection": "keep-alive",
        "x-actor": "superadmin-fallback@quetzaltic.local",
        "sec-ch-ua-platform": "\"Windows\"",
        "authorization": "Bearer eyJhbGciOiJIUzI1NiIsInR5cCI6IkpXVCJ9.eyJzdWIiOiIwMDAwLTAwMDAtMDAwMCIsImVtYWlsIjoic3VwZXJhZG1pbi1mYWxsYmFja0BxdWV0emFsdGljLmxvY2FsIiwicm9sZSI6IkFETUlOIiwiZXhwIjoxNzc0NjM0NDY4fQ.71bAuAgGefR9QsBusckXe9vf3-u3p2xGEvGAP2evfwo",
        "x-correlation-id": "ui_gov_1774553625680",
        "sec-ch-ua": "\"Chromium\";v=\"146\", \"Not-A.Brand\";v=\"24\", \"Brave\";v=\"146\"",
        "sec-ch-ua-mobile": "?0",
        "x-idempotency-key": "3cecf430-39c6-45c7-8431-52a4fd4ee266",
        "user-agent": "Mozilla/5.0 (Windows NT 10.0; Win64; x64) AppleWebKit/537.36 (KHTML, like Gecko) Chrome/146.0.0.0 Safari/537.36",
        "accept": "application/json, text/plain, */*",
        "content-type": "application/json",
        "sec-gpc": "1",
        "accept-language": "es-ES,es;q=0.7",
        "origin": "http://localhost:4200",
        "sec-fetch-site": "same-site",
        "sec-fetch-mode": "cors",
        "sec-fetch-dest": "empty",
        "referer": "http://localhost:4200/",
        "accept-encoding": "gzip, deflate, br, zstd",
        "if-none-match": "W/\"7f-mJJ58M0TSTS8Jzzl9lIdjnsMjtU\""
      },
      "remoteAddress": "::1",
      "remotePort": 52446
    }
    [35mcorrelationId[39m: "ui_gov_1774553625680"
    [35mres[39m: {
      "statusCode": 200,
      "headers": {
        "x-powered-by": "Express",
        "access-control-allow-origin": "*",
        "access-control-allow-credentials": "true",
        "x-correlation-id": "ui_gov_1774553625680",
        "content-type": "application/json; charset=utf-8",
        "content-length": "127",
        "etag": "W/\"7f-QVlD3RpitqRrK30/bTwxXuyHYwk\""
      }
    }
    [35mresponseTime[39m: 419
[DEBUG] JWT Payload: {"sub":"0000-0000-0000","email":"superadmin-fallback@quetzaltic.local","role":"ADMIN","exp":1774634468}
[DEBUG] Authenticated Actor: superadmin-fallback@quetzaltic.local
[12:33:47.747] [32mINFO[39m (6280): [36mrequest completed[39m
    [35mreq[39m: {
      "id": 151,
      "method": "GET",
      "url": "/api/governance/audit-logs?ticketId=&actor=&tableName=&correlationId=&startDate=&endDate=&page=1&limit=8&includeSnapshots=true&grouped=true",
      "query": {
        "ticketId": "",
        "actor": "",
        "tableName": "",
        "correlationId": "",
        "startDate": "",
        "endDate": "",
        "page": "1",
        "limit": "8",
        "includeSnapshots": "true",
        "grouped": "true"
      },
      "params": {
        "path": [
          "governance",
          "audit-logs"
        ]
      },
      "headers": {
        "host": "localhost:3333",
        "connection": "keep-alive",
        "x-actor": "superadmin-fallback@quetzaltic.local",
        "sec-ch-ua-platform": "\"Windows\"",
        "authorization": "Bearer eyJhbGciOiJIUzI1NiIsInR5cCI6IkpXVCJ9.eyJzdWIiOiIwMDAwLTAwMDAtMDAwMCIsImVtYWlsIjoic3VwZXJhZG1pbi1mYWxsYmFja0BxdWV0emFsdGljLmxvY2FsIiwicm9sZSI6IkFETUlOIiwiZXhwIjoxNzc0NjM0NDY4fQ.71bAuAgGefR9QsBusckXe9vf3-u3p2xGEvGAP2evfwo",
        "x-correlation-id": "ui_gov_1774553626821",
        "sec-ch-ua": "\"Chromium\";v=\"146\", \"Not-A.Brand\";v=\"24\", \"Brave\";v=\"146\"",
        "sec-ch-ua-mobile": "?0",
        "x-idempotency-key": "fdfa4a2e-52d9-40b1-a18b-ed725e85dffc",
        "user-agent": "Mozilla/5.0 (Windows NT 10.0; Win64; x64) AppleWebKit/537.36 (KHTML, like Gecko) Chrome/146.0.0.0 Safari/537.36",
        "accept": "application/json, text/plain, */*",
        "content-type": "application/json",
        "sec-gpc": "1",
        "accept-language": "es-ES,es;q=0.7",
        "origin": "http://localhost:4200",
        "sec-fetch-site": "same-site",
        "sec-fetch-mode": "cors",
        "sec-fetch-dest": "empty",
        "referer": "http://localhost:4200/",
        "accept-encoding": "gzip, deflate, br, zstd",
        "if-none-match": "W/\"139962-4qqchF9MNcUhxg7rNjABVkWK+ok\""
      },
      "remoteAddress": "::1",
      "remotePort": 52446
    }
    [35mcorrelationId[39m: "ui_gov_1774553626821"
    [35mres[39m: {
      "statusCode": 200,
      "headers": {
        "x-powered-by": "Express",
        "access-control-allow-origin": "*",
        "access-control-allow-credentials": "true",
        "x-correlation-id": "ui_gov_1774553626821",
        "content-type": "application/json; charset=utf-8",
        "content-length": "1284450",
        "etag": "W/\"139962-aAC1bfpCCFDnOkE+7ncvtQ08IH4\""
      }
    }
    [35mresponseTime[39m: 917
[DEBUG] JWT Payload: {"sub":"323eac7b-615e-4bb2-b4da-1327cd63a13b","email":"oscar","role":"OPERATOR","exp":1774634503}
[DEBUG] Authenticated Actor: oscar
[12:33:47.852] [32mINFO[39m (6280): [36mrequest completed[39m
    [35mreq[39m: {
      "id": 152,
      "method": "GET",
      "url": "/api/governance/lockdown/status",
      "query": {},
      "params": {
        "path": [
          "governance",
          "lockdown",
          "status"
        ]
      },
      "headers": {
        "host": "localhost:3333",
        "connection": "keep-alive",
        "x-actor": "oscar",
        "sec-ch-ua-platform": "\"Windows\"",
        "authorization": "Bearer eyJhbGciOiJIUzI1NiIsInR5cCI6IkpXVCJ9.eyJzdWIiOiIzMjNlYWM3Yi02MTVlLTRiYjItYjRkYS0xMzI3Y2Q2M2ExM2IiLCJlbWFpbCI6Im9zY2FyIiwicm9sZSI6Ik9QRVJBVE9SIiwiZXhwIjoxNzc0NjM0NTAzfQ.J7klEKAA3C-Tm9Gl19iwGBgwv3ylSn9-YLxh_vQ7hXE",
        "x-correlation-id": "ui_gov_1774553627735",
        "sec-ch-ua": "\"Chromium\";v=\"146\", \"Not-A.Brand\";v=\"24\", \"Brave\";v=\"146\"",
        "sec-ch-ua-mobile": "?0",
        "x-idempotency-key": "ab4e4d28-b959-4780-8051-2b0c8dc8d534",
        "user-agent": "Mozilla/5.0 (Windows NT 10.0; Win64; x64) AppleWebKit/537.36 (KHTML, like Gecko) Chrome/146.0.0.0 Safari/537.36",
        "accept": "application/json, text/plain, */*",
        "content-type": "application/json",
        "sec-gpc": "1",
        "accept-language": "es-ES,es;q=0.7",
        "origin": "http://localhost:4200",
        "sec-fetch-site": "same-site",
        "sec-fetch-mode": "cors",
        "sec-fetch-dest": "empty",
        "referer": "http://localhost:4200/",
        "accept-encoding": "gzip, deflate, br, zstd",
        "if-none-match": "W/\"7f-QVlD3RpitqRrK30/bTwxXuyHYwk\""
      },
      "remoteAddress": "::1",
      "remotePort": 52446
    }
    [35mcorrelationId[39m: "ui_gov_1774553627735"
    [35mres[39m: {
      "statusCode": 200,
      "headers": {
        "x-powered-by": "Express",
        "access-control-allow-origin": "*",
        "access-control-allow-credentials": "true",
        "x-correlation-id": "ui_gov_1774553627735",
        "content-type": "application/json; charset=utf-8",
        "content-length": "127",
        "etag": "W/\"7f-tVsymjqki4M7LHXIwM/IHgxweNI\""
      }
    }
    [35mresponseTime[39m: 58
[DEBUG] JWT Payload: {"sub":"0000-0000-0000","email":"superadmin-fallback@quetzaltic.local","role":"ADMIN","exp":1774638639}
[DEBUG] Authenticated Actor: superadmin-fallback@quetzaltic.local
[12:33:48.154] [32mINFO[39m (6280): [36mrequest completed[39m
    [35mreq[39m: {
      "id": 153,
      "method": "GET",
      "url": "/api/governance/lockdown/status",
      "query": {},
      "params": {
        "path": [
          "governance",
          "lockdown",
          "status"
        ]
      },
      "headers": {
        "host": "localhost:3333",
        "connection": "keep-alive",
        "x-actor": "superadmin-fallback@quetzaltic.local",
        "sec-ch-ua-platform": "\"Windows\"",
        "authorization": "Bearer eyJhbGciOiJIUzI1NiIsInR5cCI6IkpXVCJ9.eyJzdWIiOiIwMDAwLTAwMDAtMDAwMCIsImVtYWlsIjoic3VwZXJhZG1pbi1mYWxsYmFja0BxdWV0emFsdGljLmxvY2FsIiwicm9sZSI6IkFETUlOIiwiZXhwIjoxNzc0NjM4NjM5fQ.xmY4FNONhzuEoNvjkhYF1T2QZUS1fNN4eDVqBiZrNoI",
        "x-correlation-id": "ui_gov_1774553627775",
        "sec-ch-ua": "\"Chromium\";v=\"146\", \"Not-A.Brand\";v=\"24\", \"Google Chrome\";v=\"146\"",
        "sec-ch-ua-mobile": "?0",
        "x-idempotency-key": "3a667fb2-6c81-44ea-9162-84115bb66a34",
        "user-agent": "Mozilla/5.0 (Windows NT 10.0; Win64; x64) AppleWebKit/537.36 (KHTML, like Gecko) Chrome/146.0.0.0 Safari/537.36",
        "accept": "application/json, text/plain, */*",
        "content-type": "application/json",
        "origin": "http://localhost:4200",
        "sec-fetch-site": "same-site",
        "sec-fetch-mode": "cors",
        "sec-fetch-dest": "empty",
        "referer": "http://localhost:4200/",
        "accept-encoding": "gzip, deflate, br, zstd",
        "accept-language": "es-ES,es;q=0.9",
        "if-none-match": "W/\"7f-UN4aiXfH37Rkngr6sqYs7rP4yGI\""
      },
      "remoteAddress": "::1",
      "remotePort": 60088
    }
    [35mcorrelationId[39m: "ui_gov_1774553627775"
    [35mres[39m: {
      "statusCode": 200,
      "headers": {
        "x-powered-by": "Express",
        "access-control-allow-origin": "*",
        "access-control-allow-credentials": "true",
        "x-correlation-id": "ui_gov_1774553627775",
        "content-type": "application/json; charset=utf-8",
        "content-length": "127",
        "etag": "W/\"7f-GleO+7OnwNEP7yBa/tLttW/c19g\""
      }
    }
    [35mresponseTime[39m: 58
[12:33:48.604] [32mINFO[39m (6280): [36mrequest completed[39m
    [35mreq[39m: {
      "id": 154,
      "method": "GET",
      "url": "/api/test-oscar",
      "query": {},
      "params": {
        "path": [
          "test-oscar"
        ]
      },
      "headers": {
        "host": "localhost:3333",
        "connection": "keep-alive",
        "sec-ch-ua-platform": "\"Windows\"",
        "authorization": "Bearer eyJhbGciOiJIUzI1NiIsInR5cCI6IkpXVCJ9.eyJzdWIiOiIwMDAwLTAwMDAtMDAwMCIsImVtYWlsIjoic3VwZXJhZG1pbi1mYWxsYmFja0BxdWV0emFsdGljLmxvY2FsIiwicm9sZSI6IkFETUlOIiwiZXhwIjoxNzc0NjM4NjM5fQ.xmY4FNONhzuEoNvjkhYF1T2QZUS1fNN4eDVqBiZrNoI",
        "user-agent": "Mozilla/5.0 (Windows NT 10.0; Win64; x64) AppleWebKit/537.36 (KHTML, like Gecko) Chrome/146.0.0.0 Safari/537.36",
        "accept": "application/json, text/plain, */*",
        "sec-ch-ua": "\"Chromium\";v=\"146\", \"Not-A.Brand\";v=\"24\", \"Google Chrome\";v=\"146\"",
        "sec-ch-ua-mobile": "?0",
        "origin": "http://localhost:4200",
        "sec-fetch-site": "same-site",
        "sec-fetch-mode": "cors",
        "sec-fetch-dest": "empty",
        "referer": "http://localhost:4200/",
        "accept-encoding": "gzip, deflate, br, zstd",
        "accept-language": "es-ES,es;q=0.9",
        "if-none-match": "W/\"c56c-hpkmv7UzHOoRmxecyFtfWtlhQK4\""
      },
      "remoteAddress": "::1",
      "remotePort": 64852
    }
    [35mcorrelationId[39m: "ab27d70c-b09d-4c8d-87d6-e87700236a56"
    [35mres[39m: {
      "statusCode": 200,
      "headers": {
        "x-powered-by": "Express",
        "access-control-allow-origin": "*",
        "access-control-allow-credentials": "true",
        "x-correlation-id": "ab27d70c-b09d-4c8d-87d6-e87700236a56",
        "content-type": "application/json; charset=utf-8",
        "content-length": "50540",
        "etag": "W/\"c56c-pLgdNO45MN/1lJ66CGKJ4y7mIM8\""
      }
    }
    [35mresponseTime[39m: 506
[DEBUG] JWT Payload: {"sub":"0000-0000-0000","email":"superadmin-fallback@quetzaltic.local","role":"ADMIN","exp":1774634468}
[DEBUG] Authenticated Actor: superadmin-fallback@quetzaltic.local
[12:33:50.927] [32mINFO[39m (6280): [36mrequest completed[39m
    [35mreq[39m: {
      "id": 155,
      "method": "GET",
      "url": "/api/governance/lockdown/status",
      "query": {},
      "params": {
        "path": [
          "governance",
          "lockdown",
          "status"
        ]
      },
      "headers": {
        "host": "localhost:3333",
        "connection": "keep-alive",
        "x-actor": "superadmin-fallback@quetzaltic.local",
        "sec-ch-ua-platform": "\"Windows\"",
        "authorization": "Bearer eyJhbGciOiJIUzI1NiIsInR5cCI6IkpXVCJ9.eyJzdWIiOiIwMDAwLTAwMDAtMDAwMCIsImVtYWlsIjoic3VwZXJhZG1pbi1mYWxsYmFja0BxdWV0emFsdGljLmxvY2FsIiwicm9sZSI6IkFETUlOIiwiZXhwIjoxNzc0NjM0NDY4fQ.71bAuAgGefR9QsBusckXe9vf3-u3p2xGEvGAP2evfwo",
        "x-correlation-id": "ui_gov_1774553630745",
        "sec-ch-ua": "\"Chromium\";v=\"146\", \"Not-A.Brand\";v=\"24\", \"Brave\";v=\"146\"",
        "sec-ch-ua-mobile": "?0",
        "x-idempotency-key": "ffaecd40-5405-4167-86c0-d047a8bdc873",
        "user-agent": "Mozilla/5.0 (Windows NT 10.0; Win64; x64) AppleWebKit/537.36 (KHTML, like Gecko) Chrome/146.0.0.0 Safari/537.36",
        "accept": "application/json, text/plain, */*",
        "content-type": "application/json",
        "sec-gpc": "1",
        "accept-language": "es-ES,es;q=0.7",
        "origin": "http://localhost:4200",
        "sec-fetch-site": "same-site",
        "sec-fetch-mode": "cors",
        "sec-fetch-dest": "empty",
        "referer": "http://localhost:4200/",
        "accept-encoding": "gzip, deflate, br, zstd",
        "if-none-match": "W/\"7f-tVsymjqki4M7LHXIwM/IHgxweNI\""
      },
      "remoteAddress": "::1",
      "remotePort": 52446
    }
    [35mcorrelationId[39m: "ui_gov_1774553630745"
    [35mres[39m: {
      "statusCode": 200,
      "headers": {
        "x-powered-by": "Express",
        "access-control-allow-origin": "*",
        "access-control-allow-credentials": "true",
        "x-correlation-id": "ui_gov_1774553630745",
        "content-type": "application/json; charset=utf-8",
        "content-length": "127",
        "etag": "W/\"7f-LccWdZi2ABa793HRtr7+zSSJSAA\""
      }
    }
    [35mresponseTime[39m: 63
[DEBUG] JWT Payload: {"sub":"0000-0000-0000","email":"superadmin-fallback@quetzaltic.local","role":"ADMIN","exp":1774634468}
[DEBUG] Authenticated Actor: superadmin-fallback@quetzaltic.local
[DEBUG] JWT Payload: {"sub":"0000-0000-0000","email":"superadmin-fallback@quetzaltic.local","role":"ADMIN","exp":1774634468}
[DEBUG] Authenticated Actor: superadmin-fallback@quetzaltic.local
[12:33:55.803] [32mINFO[39m (6280): [36mrequest completed[39m
    [35mreq[39m: {
      "id": 156,
      "method": "GET",
      "url": "/api/governance/lockdown/status",
      "query": {},
      "params": {
        "path": [
          "governance",
          "lockdown",
          "status"
        ]
      },
      "headers": {
        "host": "localhost:3333",
        "connection": "keep-alive",
        "x-actor": "superadmin-fallback@quetzaltic.local",
        "sec-ch-ua-platform": "\"Windows\"",
        "authorization": "Bearer eyJhbGciOiJIUzI1NiIsInR5cCI6IkpXVCJ9.eyJzdWIiOiIwMDAwLTAwMDAtMDAwMCIsImVtYWlsIjoic3VwZXJhZG1pbi1mYWxsYmFja0BxdWV0emFsdGljLmxvY2FsIiwicm9sZSI6IkFETUlOIiwiZXhwIjoxNzc0NjM0NDY4fQ.71bAuAgGefR9QsBusckXe9vf3-u3p2xGEvGAP2evfwo",
        "x-correlation-id": "ui_gov_1774553635733",
        "sec-ch-ua": "\"Chromium\";v=\"146\", \"Not-A.Brand\";v=\"24\", \"Brave\";v=\"146\"",
        "sec-ch-ua-mobile": "?0",
        "x-idempotency-key": "2142c6d9-7858-4512-ba9e-4dccaab69295",
        "user-agent": "Mozilla/5.0 (Windows NT 10.0; Win64; x64) AppleWebKit/537.36 (KHTML, like Gecko) Chrome/146.0.0.0 Safari/537.36",
        "accept": "application/json, text/plain, */*",
        "content-type": "application/json",
        "sec-gpc": "1",
        "accept-language": "es-ES,es;q=0.7",
        "origin": "http://localhost:4200",
        "sec-fetch-site": "same-site",
        "sec-fetch-mode": "cors",
        "sec-fetch-dest": "empty",
        "referer": "http://localhost:4200/",
        "accept-encoding": "gzip, deflate, br, zstd",
        "if-none-match": "W/\"7f-LccWdZi2ABa793HRtr7+zSSJSAA\""
      },
      "remoteAddress": "::1",
      "remotePort": 63542
    }
    [35mcorrelationId[39m: "ui_gov_1774553635733"
    [35mres[39m: {
      "statusCode": 200,
      "headers": {
        "x-powered-by": "Express",
        "access-control-allow-origin": "*",
        "access-control-allow-credentials": "true",
        "x-correlation-id": "ui_gov_1774553635733",
        "content-type": "application/json; charset=utf-8",
        "content-length": "127",
        "etag": "W/\"7f-vvISFRGhnk/46kJAKd0hPKY0pj4\""
      }
    }
    [35mresponseTime[39m: 63
[12:33:56.134] [32mINFO[39m (6280): [36mrequest completed[39m
    [35mreq[39m: {
      "id": 157,
      "method": "GET",
      "url": "/api/governance/stats",
      "query": {},
      "params": {
        "path": [
          "governance",
          "stats"
        ]
      },
      "headers": {
        "host": "localhost:3333",
        "connection": "keep-alive",
        "x-actor": "superadmin-fallback@quetzaltic.local",
        "sec-ch-ua-platform": "\"Windows\"",
        "authorization": "Bearer eyJhbGciOiJIUzI1NiIsInR5cCI6IkpXVCJ9.eyJzdWIiOiIwMDAwLTAwMDAtMDAwMCIsImVtYWlsIjoic3VwZXJhZG1pbi1mYWxsYmFja0BxdWV0emFsdGljLmxvY2FsIiwicm9sZSI6IkFETUlOIiwiZXhwIjoxNzc0NjM0NDY4fQ.71bAuAgGefR9QsBusckXe9vf3-u3p2xGEvGAP2evfwo",
        "x-correlation-id": "ui_gov_1774553635731",
        "sec-ch-ua": "\"Chromium\";v=\"146\", \"Not-A.Brand\";v=\"24\", \"Brave\";v=\"146\"",
        "sec-ch-ua-mobile": "?0",
        "x-idempotency-key": "2441c2d1-91a5-4419-b2ba-97c66521bd7e",
        "user-agent": "Mozilla/5.0 (Windows NT 10.0; Win64; x64) AppleWebKit/537.36 (KHTML, like Gecko) Chrome/146.0.0.0 Safari/537.36",
        "accept": "application/json, text/plain, */*",
        "content-type": "application/json",
        "sec-gpc": "1",
        "accept-language": "es-ES,es;q=0.7",
        "origin": "http://localhost:4200",
        "sec-fetch-site": "same-site",
        "sec-fetch-mode": "cors",
        "sec-fetch-dest": "empty",
        "referer": "http://localhost:4200/",
        "accept-encoding": "gzip, deflate, br, zstd",
        "if-none-match": "W/\"c4-8F3IGAdQCcUjFQzJ5fz+tXZ/L2s\""
      },
      "remoteAddress": "::1",
      "remotePort": 52446
    }
    [35mcorrelationId[39m: "ui_gov_1774553635731"
    [35mres[39m: {
      "statusCode": 200,
      "headers": {
        "x-powered-by": "Express",
        "access-control-allow-origin": "*",
        "access-control-allow-credentials": "true",
        "x-correlation-id": "ui_gov_1774553635731",
        "content-type": "application/json; charset=utf-8",
        "content-length": "196",
        "etag": "W/\"c4-rGMo50h2UVrvdnC5cELLxgWsNWc\""
      }
    }
    [35mresponseTime[39m: 392
[DEBUG] JWT Payload: {"sub":"0000-0000-0000","email":"superadmin-fallback@quetzaltic.local","role":"ADMIN","exp":1774634468}
[DEBUG] Authenticated Actor: superadmin-fallback@quetzaltic.local
[12:33:59.632] [32mINFO[39m (6280): [36mrequest completed[39m
    [35mreq[39m: {
      "id": 158,
      "method": "GET",
      "url": "/api/governance/audit-logs?ticketId=&actor=&tableName=&correlationId=&startDate=&endDate=&page=1&limit=8&includeSnapshots=true&grouped=true",
      "query": {
        "ticketId": "",
        "actor": "",
        "tableName": "",
        "correlationId": "",
        "startDate": "",
        "endDate": "",
        "page": "1",
        "limit": "8",
        "includeSnapshots": "true",
        "grouped": "true"
      },
      "params": {
        "path": [
          "governance",
          "audit-logs"
        ]
      },
      "headers": {
        "host": "localhost:3333",
        "connection": "keep-alive",
        "x-actor": "superadmin-fallback@quetzaltic.local",
        "sec-ch-ua-platform": "\"Windows\"",
        "authorization": "Bearer eyJhbGciOiJIUzI1NiIsInR5cCI6IkpXVCJ9.eyJzdWIiOiIwMDAwLTAwMDAtMDAwMCIsImVtYWlsIjoic3VwZXJhZG1pbi1mYWxsYmFja0BxdWV0emFsdGljLmxvY2FsIiwicm9sZSI6IkFETUlOIiwiZXhwIjoxNzc0NjM0NDY4fQ.71bAuAgGefR9QsBusckXe9vf3-u3p2xGEvGAP2evfwo",
        "x-correlation-id": "ui_gov_1774553637739",
        "sec-ch-ua": "\"Chromium\";v=\"146\", \"Not-A.Brand\";v=\"24\", \"Brave\";v=\"146\"",
        "sec-ch-ua-mobile": "?0",
        "x-idempotency-key": "4c1d5541-0028-4e2d-883d-134d36826d6e",
        "user-agent": "Mozilla/5.0 (Windows NT 10.0; Win64; x64) AppleWebKit/537.36 (KHTML, like Gecko) Chrome/146.0.0.0 Safari/537.36",
        "accept": "application/json, text/plain, */*",
        "content-type": "application/json",
        "sec-gpc": "1",
        "accept-language": "es-ES,es;q=0.7",
        "origin": "http://localhost:4200",
        "sec-fetch-site": "same-site",
        "sec-fetch-mode": "cors",
        "sec-fetch-dest": "empty",
        "referer": "http://localhost:4200/",
        "accept-encoding": "gzip, deflate, br, zstd",
        "if-none-match": "W/\"139962-aAC1bfpCCFDnOkE+7ncvtQ08IH4\""
      },
      "remoteAddress": "::1",
      "remotePort": 52446
    }
    [35mcorrelationId[39m: "ui_gov_1774553637739"
    [35mres[39m: {
      "statusCode": 200,
      "headers": {
        "x-powered-by": "Express",
        "access-control-allow-origin": "*",
        "access-control-allow-credentials": "true",
        "x-correlation-id": "ui_gov_1774553637739",
        "content-type": "application/json; charset=utf-8",
        "content-length": "1284450",
        "etag": "W/\"139962-ttnL7fW2QTaRxmEgbiR2qONUdF8\""
      }
    }
    [35mresponseTime[39m: 1534
[DEBUG] JWT Payload: {"sub":"0000-0000-0000","email":"superadmin-fallback@quetzaltic.local","role":"ADMIN","exp":1774634468}
[DEBUG] Authenticated Actor: superadmin-fallback@quetzaltic.local
[12:34:00.803] [32mINFO[39m (6280): [36mrequest completed[39m
    [35mreq[39m: {
      "id": 159,
      "method": "GET",
      "url": "/api/governance/lockdown/status",
      "query": {},
      "params": {
        "path": [
          "governance",
          "lockdown",
          "status"
        ]
      },
      "headers": {
        "host": "localhost:3333",
        "connection": "keep-alive",
        "x-actor": "superadmin-fallback@quetzaltic.local",
        "sec-ch-ua-platform": "\"Windows\"",
        "authorization": "Bearer eyJhbGciOiJIUzI1NiIsInR5cCI6IkpXVCJ9.eyJzdWIiOiIwMDAwLTAwMDAtMDAwMCIsImVtYWlsIjoic3VwZXJhZG1pbi1mYWxsYmFja0BxdWV0emFsdGljLmxvY2FsIiwicm9sZSI6IkFETUlOIiwiZXhwIjoxNzc0NjM0NDY4fQ.71bAuAgGefR9QsBusckXe9vf3-u3p2xGEvGAP2evfwo",
        "x-correlation-id": "ui_gov_1774553640731",
        "sec-ch-ua": "\"Chromium\";v=\"146\", \"Not-A.Brand\";v=\"24\", \"Brave\";v=\"146\"",
        "sec-ch-ua-mobile": "?0",
        "x-idempotency-key": "62f441b4-d589-4633-96ff-8eb7d7ff5b17",
        "user-agent": "Mozilla/5.0 (Windows NT 10.0; Win64; x64) AppleWebKit/537.36 (KHTML, like Gecko) Chrome/146.0.0.0 Safari/537.36",
        "accept": "application/json, text/plain, */*",
        "content-type": "application/json",
        "sec-gpc": "1",
        "accept-language": "es-ES,es;q=0.7",
        "origin": "http://localhost:4200",
        "sec-fetch-site": "same-site",
        "sec-fetch-mode": "cors",
        "sec-fetch-dest": "empty",
        "referer": "http://localhost:4200/",
        "accept-encoding": "gzip, deflate, br, zstd",
        "if-none-match": "W/\"7f-vvISFRGhnk/46kJAKd0hPKY0pj4\""
      },
      "remoteAddress": "::1",
      "remotePort": 52446
    }
    [35mcorrelationId[39m: "ui_gov_1774553640731"
    [35mres[39m: {
      "statusCode": 200,
      "headers": {
        "x-powered-by": "Express",
        "access-control-allow-origin": "*",
        "access-control-allow-credentials": "true",
        "x-correlation-id": "ui_gov_1774553640731",
        "content-type": "application/json; charset=utf-8",
        "content-length": "127",
        "etag": "W/\"7f-OI3GFUNtxnAiay/PR9/0XvP3oNA\""
      }
    }
    [35mresponseTime[39m: 63
[DEBUG] JWT Payload: {"sub":"0000-0000-0000","email":"superadmin-fallback@quetzaltic.local","role":"ADMIN","exp":1774634468}
[DEBUG] Authenticated Actor: superadmin-fallback@quetzaltic.local
[12:34:05.812] [32mINFO[39m (6280): [36mrequest completed[39m
    [35mreq[39m: {
      "id": 160,
      "method": "GET",
      "url": "/api/governance/lockdown/status",
      "query": {},
      "params": {
        "path": [
          "governance",
          "lockdown",
          "status"
        ]
      },
      "headers": {
        "host": "localhost:3333",
        "connection": "keep-alive",
        "x-actor": "superadmin-fallback@quetzaltic.local",
        "sec-ch-ua-platform": "\"Windows\"",
        "authorization": "Bearer eyJhbGciOiJIUzI1NiIsInR5cCI6IkpXVCJ9.eyJzdWIiOiIwMDAwLTAwMDAtMDAwMCIsImVtYWlsIjoic3VwZXJhZG1pbi1mYWxsYmFja0BxdWV0emFsdGljLmxvY2FsIiwicm9sZSI6IkFETUlOIiwiZXhwIjoxNzc0NjM0NDY4fQ.71bAuAgGefR9QsBusckXe9vf3-u3p2xGEvGAP2evfwo",
        "x-correlation-id": "ui_gov_1774553645731",
        "sec-ch-ua": "\"Chromium\";v=\"146\", \"Not-A.Brand\";v=\"24\", \"Brave\";v=\"146\"",
        "sec-ch-ua-mobile": "?0",
        "x-idempotency-key": "1021f3e1-4d38-4547-bfae-2853d9cf837f",
        "user-agent": "Mozilla/5.0 (Windows NT 10.0; Win64; x64) AppleWebKit/537.36 (KHTML, like Gecko) Chrome/146.0.0.0 Safari/537.36",
        "accept": "application/json, text/plain, */*",
        "content-type": "application/json",
        "sec-gpc": "1",
        "accept-language": "es-ES,es;q=0.7",
        "origin": "http://localhost:4200",
        "sec-fetch-site": "same-site",
        "sec-fetch-mode": "cors",
        "sec-fetch-dest": "empty",
        "referer": "http://localhost:4200/",
        "accept-encoding": "gzip, deflate, br, zstd",
        "if-none-match": "W/\"7f-OI3GFUNtxnAiay/PR9/0XvP3oNA\""
      },
      "remoteAddress": "::1",
      "remotePort": 52446
    }
    [35mcorrelationId[39m: "ui_gov_1774553645731"
    [35mres[39m: {
      "statusCode": 200,
      "headers": {
        "x-powered-by": "Express",
        "access-control-allow-origin": "*",
        "access-control-allow-credentials": "true",
        "x-correlation-id": "ui_gov_1774553645731",
        "content-type": "application/json; charset=utf-8",
        "content-length": "127",
        "etag": "W/\"7f-0PlznKRHMbpWqTKM+NmXNuvrMm4\""
      }
    }
    [35mresponseTime[39m: 65
[DEBUG] JWT Payload: {"sub":"0000-0000-0000","email":"superadmin-fallback@quetzaltic.local","role":"ADMIN","exp":1774634468}
[DEBUG] Authenticated Actor: superadmin-fallback@quetzaltic.local
[DEBUG] JWT Payload: {"sub":"0000-0000-0000","email":"superadmin-fallback@quetzaltic.local","role":"ADMIN","exp":1774634468}
[DEBUG] Authenticated Actor: superadmin-fallback@quetzaltic.local
[12:34:07.856] [32mINFO[39m (6280): [36mrequest completed[39m
    [35mreq[39m: {
      "id": 161,
      "method": "GET",
      "url": "/api/governance/stats",
      "query": {},
      "params": {
        "path": [
          "governance",
          "stats"
        ]
      },
      "headers": {
        "host": "localhost:3333",
        "connection": "keep-alive",
        "x-actor": "superadmin-fallback@quetzaltic.local",
        "sec-ch-ua-platform": "\"Windows\"",
        "authorization": "Bearer eyJhbGciOiJIUzI1NiIsInR5cCI6IkpXVCJ9.eyJzdWIiOiIwMDAwLTAwMDAtMDAwMCIsImVtYWlsIjoic3VwZXJhZG1pbi1mYWxsYmFja0BxdWV0emFsdGljLmxvY2FsIiwicm9sZSI6IkFETUlOIiwiZXhwIjoxNzc0NjM0NDY4fQ.71bAuAgGefR9QsBusckXe9vf3-u3p2xGEvGAP2evfwo",
        "x-correlation-id": "ui_gov_1774553647721",
        "sec-ch-ua": "\"Chromium\";v=\"146\", \"Not-A.Brand\";v=\"24\", \"Brave\";v=\"146\"",
        "sec-ch-ua-mobile": "?0",
        "x-idempotency-key": "45f2f76e-728b-4f22-adc2-94be4220327d",
        "user-agent": "Mozilla/5.0 (Windows NT 10.0; Win64; x64) AppleWebKit/537.36 (KHTML, like Gecko) Chrome/146.0.0.0 Safari/537.36",
        "accept": "application/json, text/plain, */*",
        "content-type": "application/json",
        "sec-gpc": "1",
        "accept-language": "es-ES,es;q=0.7",
        "origin": "http://localhost:4200",
        "sec-fetch-site": "same-site",
        "sec-fetch-mode": "cors",
        "sec-fetch-dest": "empty",
        "referer": "http://localhost:4200/",
        "accept-encoding": "gzip, deflate, br, zstd",
        "if-none-match": "W/\"c4-rGMo50h2UVrvdnC5cELLxgWsNWc\""
      },
      "remoteAddress": "::1",
      "remotePort": 64034
    }
    [35mcorrelationId[39m: "ui_gov_1774553647721"
    [35mres[39m: {
      "statusCode": 200,
      "headers": {
        "x-powered-by": "Express",
        "access-control-allow-origin": "*",
        "access-control-allow-credentials": "true",
        "x-correlation-id": "ui_gov_1774553647721",
        "content-type": "application/json; charset=utf-8",
        "content-length": "196",
        "etag": "W/\"c4-YnJAV/DtwPWua4cHDS9VxIIdLL8\""
      }
    }
    [35mresponseTime[39m: 122
[DEBUG] JWT Payload: {"sub":"0000-0000-0000","email":"superadmin-fallback@quetzaltic.local","role":"ADMIN","exp":1774634468}
[DEBUG] Authenticated Actor: superadmin-fallback@quetzaltic.local
[12:34:07.937] [32mINFO[39m (6280): [36mrequest completed[39m
    [35mreq[39m: {
      "id": 163,
      "method": "GET",
      "url": "/api/governance/stats",
      "query": {},
      "params": {
        "path": [
          "governance",
          "stats"
        ]
      },
      "headers": {
        "host": "localhost:3333",
        "connection": "keep-alive",
        "x-actor": "superadmin-fallback@quetzaltic.local",
        "sec-ch-ua-platform": "\"Windows\"",
        "authorization": "Bearer eyJhbGciOiJIUzI1NiIsInR5cCI6IkpXVCJ9.eyJzdWIiOiIwMDAwLTAwMDAtMDAwMCIsImVtYWlsIjoic3VwZXJhZG1pbi1mYWxsYmFja0BxdWV0emFsdGljLmxvY2FsIiwicm9sZSI6IkFETUlOIiwiZXhwIjoxNzc0NjM0NDY4fQ.71bAuAgGefR9QsBusckXe9vf3-u3p2xGEvGAP2evfwo",
        "x-correlation-id": "ui_gov_1774553647723",
        "sec-ch-ua": "\"Chromium\";v=\"146\", \"Not-A.Brand\";v=\"24\", \"Brave\";v=\"146\"",
        "sec-ch-ua-mobile": "?0",
        "x-idempotency-key": "431d17af-35b8-4a55-98fc-353c305a12b1",
        "user-agent": "Mozilla/5.0 (Windows NT 10.0; Win64; x64) AppleWebKit/537.36 (KHTML, like Gecko) Chrome/146.0.0.0 Safari/537.36",
        "accept": "application/json, text/plain, */*",
        "content-type": "application/json",
        "sec-gpc": "1",
        "accept-language": "es-ES,es;q=0.7",
        "origin": "http://localhost:4200",
        "sec-fetch-site": "same-site",
        "sec-fetch-mode": "cors",
        "sec-fetch-dest": "empty",
        "referer": "http://localhost:4200/",
        "accept-encoding": "gzip, deflate, br, zstd",
        "if-none-match": "W/\"c4-YnJAV/DtwPWua4cHDS9VxIIdLL8\""
      },
      "remoteAddress": "::1",
      "remotePort": 64034
    }
    [35mcorrelationId[39m: "ui_gov_1774553647723"
    [35mres[39m: {
      "statusCode": 200,
      "headers": {
        "x-powered-by": "Express",
        "access-control-allow-origin": "*",
        "access-control-allow-credentials": "true",
        "x-correlation-id": "ui_gov_1774553647723",
        "content-type": "application/json; charset=utf-8",
        "content-length": "196",
        "etag": "W/\"c4-bnzZHgQkBkY3x5VSR5+me7bjQsw\""
      }
    }
    [35mresponseTime[39m: 71
[12:34:08.836] [32mINFO[39m (6280): [36mrequest completed[39m
    [35mreq[39m: {
      "id": 162,
      "method": "GET",
      "url": "/api/governance/audit-logs?ticketId=&actor=&tableName=&correlationId=&startDate=&endDate=&page=1&limit=8&includeSnapshots=true&grouped=true",
      "query": {
        "ticketId": "",
        "actor": "",
        "tableName": "",
        "correlationId": "",
        "startDate": "",
        "endDate": "",
        "page": "1",
        "limit": "8",
        "includeSnapshots": "true",
        "grouped": "true"
      },
      "params": {
        "path": [
          "governance",
          "audit-logs"
        ]
      },
      "headers": {
        "host": "localhost:3333",
        "connection": "keep-alive",
        "x-actor": "superadmin-fallback@quetzaltic.local",
        "sec-ch-ua-platform": "\"Windows\"",
        "authorization": "Bearer eyJhbGciOiJIUzI1NiIsInR5cCI6IkpXVCJ9.eyJzdWIiOiIwMDAwLTAwMDAtMDAwMCIsImVtYWlsIjoic3VwZXJhZG1pbi1mYWxsYmFja0BxdWV0emFsdGljLmxvY2FsIiwicm9sZSI6IkFETUlOIiwiZXhwIjoxNzc0NjM0NDY4fQ.71bAuAgGefR9QsBusckXe9vf3-u3p2xGEvGAP2evfwo",
        "x-correlation-id": "ui_gov_1774553647724",
        "sec-ch-ua": "\"Chromium\";v=\"146\", \"Not-A.Brand\";v=\"24\", \"Brave\";v=\"146\"",
        "sec-ch-ua-mobile": "?0",
        "x-idempotency-key": "016f876a-6933-40df-9138-8478069df1f2",
        "user-agent": "Mozilla/5.0 (Windows NT 10.0; Win64; x64) AppleWebKit/537.36 (KHTML, like Gecko) Chrome/146.0.0.0 Safari/537.36",
        "accept": "application/json, text/plain, */*",
        "content-type": "application/json",
        "sec-gpc": "1",
        "accept-language": "es-ES,es;q=0.7",
        "origin": "http://localhost:4200",
        "sec-fetch-site": "same-site",
        "sec-fetch-mode": "cors",
        "sec-fetch-dest": "empty",
        "referer": "http://localhost:4200/",
        "accept-encoding": "gzip, deflate, br, zstd",
        "if-none-match": "W/\"139962-ttnL7fW2QTaRxmEgbiR2qONUdF8\""
      },
      "remoteAddress": "::1",
      "remotePort": 52446
    }
    [35mcorrelationId[39m: "ui_gov_1774553647724"
    [35mres[39m: {
      "statusCode": 200,
      "headers": {
        "x-powered-by": "Express",
        "access-control-allow-origin": "*",
        "access-control-allow-credentials": "true",
        "x-correlation-id": "ui_gov_1774553647724",
        "content-type": "application/json; charset=utf-8",
        "content-length": "1284450",
        "etag": "W/\"139962-42OdexOFa1lF4xII9dOegoDBEjY\""
      }
    }
    [35mresponseTime[39m: 1100
[DEBUG] JWT Payload: {"sub":"0000-0000-0000","email":"superadmin-fallback@quetzaltic.local","role":"ADMIN","exp":1774634468}
[DEBUG] Authenticated Actor: superadmin-fallback@quetzaltic.local
[12:34:10.796] [32mINFO[39m (6280): [36mrequest completed[39m
    [35mreq[39m: {
      "id": 164,
      "method": "GET",
      "url": "/api/governance/lockdown/status",
      "query": {},
      "params": {
        "path": [
          "governance",
          "lockdown",
          "status"
        ]
      },
      "headers": {
        "host": "localhost:3333",
        "connection": "keep-alive",
        "x-actor": "superadmin-fallback@quetzaltic.local",
        "sec-ch-ua-platform": "\"Windows\"",
        "authorization": "Bearer eyJhbGciOiJIUzI1NiIsInR5cCI6IkpXVCJ9.eyJzdWIiOiIwMDAwLTAwMDAtMDAwMCIsImVtYWlsIjoic3VwZXJhZG1pbi1mYWxsYmFja0BxdWV0emFsdGljLmxvY2FsIiwicm9sZSI6IkFETUlOIiwiZXhwIjoxNzc0NjM0NDY4fQ.71bAuAgGefR9QsBusckXe9vf3-u3p2xGEvGAP2evfwo",
        "x-correlation-id": "ui_gov_1774553650731",
        "sec-ch-ua": "\"Chromium\";v=\"146\", \"Not-A.Brand\";v=\"24\", \"Brave\";v=\"146\"",
        "sec-ch-ua-mobile": "?0",
        "x-idempotency-key": "6d4a1f8d-c126-465c-ae88-edd57a393a7f",
        "user-agent": "Mozilla/5.0 (Windows NT 10.0; Win64; x64) AppleWebKit/537.36 (KHTML, like Gecko) Chrome/146.0.0.0 Safari/537.36",
        "accept": "application/json, text/plain, */*",
        "content-type": "application/json",
        "sec-gpc": "1",
        "accept-language": "es-ES,es;q=0.7",
        "origin": "http://localhost:4200",
        "sec-fetch-site": "same-site",
        "sec-fetch-mode": "cors",
        "sec-fetch-dest": "empty",
        "referer": "http://localhost:4200/",
        "accept-encoding": "gzip, deflate, br, zstd",
        "if-none-match": "W/\"7f-0PlznKRHMbpWqTKM+NmXNuvrMm4\""
      },
      "remoteAddress": "::1",
      "remotePort": 52446
    }
    [35mcorrelationId[39m: "ui_gov_1774553650731"
    [35mres[39m: {
      "statusCode": 200,
      "headers": {
        "x-powered-by": "Express",
        "access-control-allow-origin": "*",
        "access-control-allow-credentials": "true",
        "x-correlation-id": "ui_gov_1774553650731",
        "content-type": "application/json; charset=utf-8",
        "content-length": "127",
        "etag": "W/\"7f-rxL+oZpyJmKb9iNSIUR18KjQ6+M\""
      }
    }
    [35mresponseTime[39m: 60
[DEBUG] JWT Payload: {"sub":"0000-0000-0000","email":"superadmin-fallback@quetzaltic.local","role":"ADMIN","exp":1774634468}
[DEBUG] Authenticated Actor: superadmin-fallback@quetzaltic.local
[12:34:15.801] [32mINFO[39m (6280): [36mrequest completed[39m
    [35mreq[39m: {
      "id": 165,
      "method": "GET",
      "url": "/api/governance/lockdown/status",
      "query": {},
      "params": {
        "path": [
          "governance",
          "lockdown",
          "status"
        ]
      },
      "headers": {
        "host": "localhost:3333",
        "connection": "keep-alive",
        "x-actor": "superadmin-fallback@quetzaltic.local",
        "sec-ch-ua-platform": "\"Windows\"",
        "authorization": "Bearer eyJhbGciOiJIUzI1NiIsInR5cCI6IkpXVCJ9.eyJzdWIiOiIwMDAwLTAwMDAtMDAwMCIsImVtYWlsIjoic3VwZXJhZG1pbi1mYWxsYmFja0BxdWV0emFsdGljLmxvY2FsIiwicm9sZSI6IkFETUlOIiwiZXhwIjoxNzc0NjM0NDY4fQ.71bAuAgGefR9QsBusckXe9vf3-u3p2xGEvGAP2evfwo",
        "x-correlation-id": "ui_gov_1774553655727",
        "sec-ch-ua": "\"Chromium\";v=\"146\", \"Not-A.Brand\";v=\"24\", \"Brave\";v=\"146\"",
        "sec-ch-ua-mobile": "?0",
        "x-idempotency-key": "2ea87f92-a467-4a1c-b0ef-5a01369d5c28",
        "user-agent": "Mozilla/5.0 (Windows NT 10.0; Win64; x64) AppleWebKit/537.36 (KHTML, like Gecko) Chrome/146.0.0.0 Safari/537.36",
        "accept": "application/json, text/plain, */*",
        "content-type": "application/json",
        "sec-gpc": "1",
        "accept-language": "es-ES,es;q=0.7",
        "origin": "http://localhost:4200",
        "sec-fetch-site": "same-site",
        "sec-fetch-mode": "cors",
        "sec-fetch-dest": "empty",
        "referer": "http://localhost:4200/",
        "accept-encoding": "gzip, deflate, br, zstd",
        "if-none-match": "W/\"7f-rxL+oZpyJmKb9iNSIUR18KjQ6+M\""
      },
      "remoteAddress": "::1",
      "remotePort": 52446
    }
    [35mcorrelationId[39m: "ui_gov_1774553655727"
    [35mres[39m: {
      "statusCode": 200,
      "headers": {
        "x-powered-by": "Express",
        "access-control-allow-origin": "*",
        "access-control-allow-credentials": "true",
        "x-correlation-id": "ui_gov_1774553655727",
        "content-type": "application/json; charset=utf-8",
        "content-length": "127",
        "etag": "W/\"7f-bpsE2VWg5wOOEV7LmjM7c5vH6cc\""
      }
    }
    [35mresponseTime[39m: 62
[DEBUG] JWT Payload: {"sub":"0000-0000-0000","email":"superadmin-fallback@quetzaltic.local","role":"ADMIN","exp":1774634468}
[DEBUG] Authenticated Actor: superadmin-fallback@quetzaltic.local
[12:34:19.177] [32mINFO[39m (6280): [36mrequest completed[39m
    [35mreq[39m: {
      "id": 166,
      "method": "GET",
      "url": "/api/governance/audit-logs?ticketId=&actor=&tableName=&correlationId=&startDate=&endDate=&page=1&limit=8&includeSnapshots=true&grouped=true",
      "query": {
        "ticketId": "",
        "actor": "",
        "tableName": "",
        "correlationId": "",
        "startDate": "",
        "endDate": "",
        "page": "1",
        "limit": "8",
        "includeSnapshots": "true",
        "grouped": "true"
      },
      "params": {
        "path": [
          "governance",
          "audit-logs"
        ]
      },
      "headers": {
        "host": "localhost:3333",
        "connection": "keep-alive",
        "x-actor": "superadmin-fallback@quetzaltic.local",
        "sec-ch-ua-platform": "\"Windows\"",
        "authorization": "Bearer eyJhbGciOiJIUzI1NiIsInR5cCI6IkpXVCJ9.eyJzdWIiOiIwMDAwLTAwMDAtMDAwMCIsImVtYWlsIjoic3VwZXJhZG1pbi1mYWxsYmFja0BxdWV0emFsdGljLmxvY2FsIiwicm9sZSI6IkFETUlOIiwiZXhwIjoxNzc0NjM0NDY4fQ.71bAuAgGefR9QsBusckXe9vf3-u3p2xGEvGAP2evfwo",
        "x-correlation-id": "ui_gov_1774553657722",
        "sec-ch-ua": "\"Chromium\";v=\"146\", \"Not-A.Brand\";v=\"24\", \"Brave\";v=\"146\"",
        "sec-ch-ua-mobile": "?0",
        "x-idempotency-key": "c3ae42f0-01ef-41d4-86c8-3ed95402f1da",
        "user-agent": "Mozilla/5.0 (Windows NT 10.0; Win64; x64) AppleWebKit/537.36 (KHTML, like Gecko) Chrome/146.0.0.0 Safari/537.36",
        "accept": "application/json, text/plain, */*",
        "content-type": "application/json",
        "sec-gpc": "1",
        "accept-language": "es-ES,es;q=0.7",
        "origin": "http://localhost:4200",
        "sec-fetch-site": "same-site",
        "sec-fetch-mode": "cors",
        "sec-fetch-dest": "empty",
        "referer": "http://localhost:4200/",
        "accept-encoding": "gzip, deflate, br, zstd",
        "if-none-match": "W/\"139962-42OdexOFa1lF4xII9dOegoDBEjY\""
      },
      "remoteAddress": "::1",
      "remotePort": 52446
    }
    [35mcorrelationId[39m: "ui_gov_1774553657722"
    [35mres[39m: {
      "statusCode": 200,
      "headers": {
        "x-powered-by": "Express",
        "access-control-allow-origin": "*",
        "access-control-allow-credentials": "true",
        "x-correlation-id": "ui_gov_1774553657722",
        "content-type": "application/json; charset=utf-8",
        "content-length": "1284450",
        "etag": "W/\"139962-M86ZY+XFsVCLZZ6gyDEpWoYLMD4\""
      }
    }
    [35mresponseTime[39m: 1446
[DEBUG] JWT Payload: {"sub":"0000-0000-0000","email":"superadmin-fallback@quetzaltic.local","role":"ADMIN","exp":1774634468}
[DEBUG] Authenticated Actor: superadmin-fallback@quetzaltic.local
[12:34:20.799] [32mINFO[39m (6280): [36mrequest completed[39m
    [35mreq[39m: {
      "id": 167,
      "method": "GET",
      "url": "/api/governance/lockdown/status",
      "query": {},
      "params": {
        "path": [
          "governance",
          "lockdown",
          "status"
        ]
      },
      "headers": {
        "host": "localhost:3333",
        "connection": "keep-alive",
        "x-actor": "superadmin-fallback@quetzaltic.local",
        "sec-ch-ua-platform": "\"Windows\"",
        "authorization": "Bearer eyJhbGciOiJIUzI1NiIsInR5cCI6IkpXVCJ9.eyJzdWIiOiIwMDAwLTAwMDAtMDAwMCIsImVtYWlsIjoic3VwZXJhZG1pbi1mYWxsYmFja0BxdWV0emFsdGljLmxvY2FsIiwicm9sZSI6IkFETUlOIiwiZXhwIjoxNzc0NjM0NDY4fQ.71bAuAgGefR9QsBusckXe9vf3-u3p2xGEvGAP2evfwo",
        "x-correlation-id": "ui_gov_1774553660727",
        "sec-ch-ua": "\"Chromium\";v=\"146\", \"Not-A.Brand\";v=\"24\", \"Brave\";v=\"146\"",
        "sec-ch-ua-mobile": "?0",
        "x-idempotency-key": "3e0d3531-adc2-4c19-9ef9-91fee134789c",
        "user-agent": "Mozilla/5.0 (Windows NT 10.0; Win64; x64) AppleWebKit/537.36 (KHTML, like Gecko) Chrome/146.0.0.0 Safari/537.36",
        "accept": "application/json, text/plain, */*",
        "content-type": "application/json",
        "sec-gpc": "1",
        "accept-language": "es-ES,es;q=0.7",
        "origin": "http://localhost:4200",
        "sec-fetch-site": "same-site",
        "sec-fetch-mode": "cors",
        "sec-fetch-dest": "empty",
        "referer": "http://localhost:4200/",
        "accept-encoding": "gzip, deflate, br, zstd",
        "if-none-match": "W/\"7f-bpsE2VWg5wOOEV7LmjM7c5vH6cc\""
      },
      "remoteAddress": "::1",
      "remotePort": 52446
    }
    [35mcorrelationId[39m: "ui_gov_1774553660727"
    [35mres[39m: {
      "statusCode": 200,
      "headers": {
        "x-powered-by": "Express",
        "access-control-allow-origin": "*",
        "access-control-allow-credentials": "true",
        "x-correlation-id": "ui_gov_1774553660727",
        "content-type": "application/json; charset=utf-8",
        "content-length": "127",
        "etag": "W/\"7f-RvNuD1rtV5Hm9MS5yyj+YOp/Jsg\""
      }
    }
    [35mresponseTime[39m: 65
[DEBUG] JWT Payload: {"sub":"0000-0000-0000","email":"superadmin-fallback@quetzaltic.local","role":"ADMIN","exp":1774634468}
[DEBUG] Authenticated Actor: superadmin-fallback@quetzaltic.local
[DEBUG] JWT Payload: {"sub":"0000-0000-0000","email":"superadmin-fallback@quetzaltic.local","role":"ADMIN","exp":1774634468}
[DEBUG] Authenticated Actor: superadmin-fallback@quetzaltic.local
[12:34:27.280] [32mINFO[39m (6280): [36mrequest completed[39m
    [35mreq[39m: {
      "id": 168,
      "method": "GET",
      "url": "/api/governance/lockdown/status",
      "query": {},
      "params": {
        "path": [
          "governance",
          "lockdown",
          "status"
        ]
      },
      "headers": {
        "host": "localhost:3333",
        "connection": "keep-alive",
        "x-actor": "superadmin-fallback@quetzaltic.local",
        "sec-ch-ua-platform": "\"Windows\"",
        "authorization": "Bearer eyJhbGciOiJIUzI1NiIsInR5cCI6IkpXVCJ9.eyJzdWIiOiIwMDAwLTAwMDAtMDAwMCIsImVtYWlsIjoic3VwZXJhZG1pbi1mYWxsYmFja0BxdWV0emFsdGljLmxvY2FsIiwicm9sZSI6IkFETUlOIiwiZXhwIjoxNzc0NjM0NDY4fQ.71bAuAgGefR9QsBusckXe9vf3-u3p2xGEvGAP2evfwo",
        "x-correlation-id": "ui_gov_1774553665718",
        "sec-ch-ua": "\"Chromium\";v=\"146\", \"Not-A.Brand\";v=\"24\", \"Brave\";v=\"146\"",
        "sec-ch-ua-mobile": "?0",
        "x-idempotency-key": "8f7651dd-a3bc-48f3-a8f1-7e5e6f34b6ed",
        "user-agent": "Mozilla/5.0 (Windows NT 10.0; Win64; x64) AppleWebKit/537.36 (KHTML, like Gecko) Chrome/146.0.0.0 Safari/537.36",
        "accept": "application/json, text/plain, */*",
        "content-type": "application/json",
        "sec-gpc": "1",
        "accept-language": "es-ES,es;q=0.7",
        "origin": "http://localhost:4200",
        "sec-fetch-site": "same-site",
        "sec-fetch-mode": "cors",
        "sec-fetch-dest": "empty",
        "referer": "http://localhost:4200/",
        "accept-encoding": "gzip, deflate, br, zstd",
        "if-none-match": "W/\"7f-RvNuD1rtV5Hm9MS5yyj+YOp/Jsg\""
      },
      "remoteAddress": "::1",
      "remotePort": 59586
    }
    [35mcorrelationId[39m: "ui_gov_1774553665718"
    [35mres[39m: {
      "statusCode": 200,
      "headers": {
        "x-powered-by": "Express",
        "access-control-allow-origin": "*",
        "access-control-allow-credentials": "true",
        "x-correlation-id": "ui_gov_1774553665718",
        "content-type": "application/json; charset=utf-8",
        "content-length": "127",
        "etag": "W/\"7f-ZffSFzSd4Zob8Sfa3ujOz8ZBZE0\""
      }
    }
    [35mresponseTime[39m: 122
[12:34:27.284] [32mINFO[39m (6280): [36mrequest completed[39m
    [35mreq[39m: {
      "id": 169,
      "method": "GET",
      "url": "/api/governance/stats",
      "query": {},
      "params": {
        "path": [
          "governance",
          "stats"
        ]
      },
      "headers": {
        "host": "localhost:3333",
        "connection": "keep-alive",
        "x-actor": "superadmin-fallback@quetzaltic.local",
        "sec-ch-ua-platform": "\"Windows\"",
        "authorization": "Bearer eyJhbGciOiJIUzI1NiIsInR5cCI6IkpXVCJ9.eyJzdWIiOiIwMDAwLTAwMDAtMDAwMCIsImVtYWlsIjoic3VwZXJhZG1pbi1mYWxsYmFja0BxdWV0emFsdGljLmxvY2FsIiwicm9sZSI6IkFETUlOIiwiZXhwIjoxNzc0NjM0NDY4fQ.71bAuAgGefR9QsBusckXe9vf3-u3p2xGEvGAP2evfwo",
        "x-correlation-id": "ui_gov_1774553665717",
        "sec-ch-ua": "\"Chromium\";v=\"146\", \"Not-A.Brand\";v=\"24\", \"Brave\";v=\"146\"",
        "sec-ch-ua-mobile": "?0",
        "x-idempotency-key": "0d2a9c03-1533-4f30-a905-5c8fa01e9aef",
        "user-agent": "Mozilla/5.0 (Windows NT 10.0; Win64; x64) AppleWebKit/537.36 (KHTML, like Gecko) Chrome/146.0.0.0 Safari/537.36",
        "accept": "application/json, text/plain, */*",
        "content-type": "application/json",
        "sec-gpc": "1",
        "accept-language": "es-ES,es;q=0.7",
        "origin": "http://localhost:4200",
        "sec-fetch-site": "same-site",
        "sec-fetch-mode": "cors",
        "sec-fetch-dest": "empty",
        "referer": "http://localhost:4200/",
        "accept-encoding": "gzip, deflate, br, zstd",
        "if-none-match": "W/\"c4-bnzZHgQkBkY3x5VSR5+me7bjQsw\""
      },
      "remoteAddress": "::1",
      "remotePort": 62864
    }
    [35mcorrelationId[39m: "ui_gov_1774553665717"
    [35mres[39m: {
      "statusCode": 200,
      "headers": {
        "x-powered-by": "Express",
        "access-control-allow-origin": "*",
        "access-control-allow-credentials": "true",
        "x-correlation-id": "ui_gov_1774553665717",
        "content-type": "application/json; charset=utf-8",
        "content-length": "196",
        "etag": "W/\"c4-q8DYQ/NcZpkpheCx9/VzsqDPX7g\""
      }
    }
    [35mresponseTime[39m: 124
[DEBUG] JWT Payload: {"sub":"0000-0000-0000","email":"superadmin-fallback@quetzaltic.local","role":"ADMIN","exp":1774634468}
[DEBUG] Authenticated Actor: superadmin-fallback@quetzaltic.local
[12:34:28.708] [32mINFO[39m (6280): [36mrequest completed[39m
    [35mreq[39m: {
      "id": 170,
      "method": "GET",
      "url": "/api/governance/audit-logs?ticketId=&actor=&tableName=&correlationId=&startDate=&endDate=&page=1&limit=8&includeSnapshots=true&grouped=true",
      "query": {
        "ticketId": "",
        "actor": "",
        "tableName": "",
        "correlationId": "",
        "startDate": "",
        "endDate": "",
        "page": "1",
        "limit": "8",
        "includeSnapshots": "true",
        "grouped": "true"
      },
      "params": {
        "path": [
          "governance",
          "audit-logs"
        ]
      },
      "headers": {
        "host": "localhost:3333",
        "connection": "keep-alive",
        "x-actor": "superadmin-fallback@quetzaltic.local",
        "sec-ch-ua-platform": "\"Windows\"",
        "authorization": "Bearer eyJhbGciOiJIUzI1NiIsInR5cCI6IkpXVCJ9.eyJzdWIiOiIwMDAwLTAwMDAtMDAwMCIsImVtYWlsIjoic3VwZXJhZG1pbi1mYWxsYmFja0BxdWV0emFsdGljLmxvY2FsIiwicm9sZSI6IkFETUlOIiwiZXhwIjoxNzc0NjM0NDY4fQ.71bAuAgGefR9QsBusckXe9vf3-u3p2xGEvGAP2evfwo",
        "x-correlation-id": "ui_gov_1774553667716",
        "sec-ch-ua": "\"Chromium\";v=\"146\", \"Not-A.Brand\";v=\"24\", \"Brave\";v=\"146\"",
        "sec-ch-ua-mobile": "?0",
        "x-idempotency-key": "bdfd2802-0464-448a-b3b3-24a93160bb35",
        "user-agent": "Mozilla/5.0 (Windows NT 10.0; Win64; x64) AppleWebKit/537.36 (KHTML, like Gecko) Chrome/146.0.0.0 Safari/537.36",
        "accept": "application/json, text/plain, */*",
        "content-type": "application/json",
        "sec-gpc": "1",
        "accept-language": "es-ES,es;q=0.7",
        "origin": "http://localhost:4200",
        "sec-fetch-site": "same-site",
        "sec-fetch-mode": "cors",
        "sec-fetch-dest": "empty",
        "referer": "http://localhost:4200/",
        "accept-encoding": "gzip, deflate, br, zstd",
        "if-none-match": "W/\"139962-M86ZY+XFsVCLZZ6gyDEpWoYLMD4\""
      },
      "remoteAddress": "::1",
      "remotePort": 62864
    }
    [35mcorrelationId[39m: "ui_gov_1774553667716"
    [35mres[39m: {
      "statusCode": 200,
      "headers": {
        "x-powered-by": "Express",
        "access-control-allow-origin": "*",
        "access-control-allow-credentials": "true",
        "x-correlation-id": "ui_gov_1774553667716",
        "content-type": "application/json; charset=utf-8",
        "content-length": "1284450",
        "etag": "W/\"139962-Z40+pQv49kIfBNFkIjGjg9H8D0Y\""
      }
    }
    [35mresponseTime[39m: 956
[DEBUG] JWT Payload: {"sub":"0000-0000-0000","email":"superadmin-fallback@quetzaltic.local","role":"ADMIN","exp":1774634468}
[DEBUG] Authenticated Actor: superadmin-fallback@quetzaltic.local
[12:34:30.781] [32mINFO[39m (6280): [36mrequest completed[39m
    [35mreq[39m: {
      "id": 171,
      "method": "GET",
      "url": "/api/governance/lockdown/status",
      "query": {},
      "params": {
        "path": [
          "governance",
          "lockdown",
          "status"
        ]
      },
      "headers": {
        "host": "localhost:3333",
        "connection": "keep-alive",
        "x-actor": "superadmin-fallback@quetzaltic.local",
        "sec-ch-ua-platform": "\"Windows\"",
        "authorization": "Bearer eyJhbGciOiJIUzI1NiIsInR5cCI6IkpXVCJ9.eyJzdWIiOiIwMDAwLTAwMDAtMDAwMCIsImVtYWlsIjoic3VwZXJhZG1pbi1mYWxsYmFja0BxdWV0emFsdGljLmxvY2FsIiwicm9sZSI6IkFETUlOIiwiZXhwIjoxNzc0NjM0NDY4fQ.71bAuAgGefR9QsBusckXe9vf3-u3p2xGEvGAP2evfwo",
        "x-correlation-id": "ui_gov_1774553670717",
        "sec-ch-ua": "\"Chromium\";v=\"146\", \"Not-A.Brand\";v=\"24\", \"Brave\";v=\"146\"",
        "sec-ch-ua-mobile": "?0",
        "x-idempotency-key": "d77dc09e-26aa-4ab8-95c0-4e6b2055e5d8",
        "user-agent": "Mozilla/5.0 (Windows NT 10.0; Win64; x64) AppleWebKit/537.36 (KHTML, like Gecko) Chrome/146.0.0.0 Safari/537.36",
        "accept": "application/json, text/plain, */*",
        "content-type": "application/json",
        "sec-gpc": "1",
        "accept-language": "es-ES,es;q=0.7",
        "origin": "http://localhost:4200",
        "sec-fetch-site": "same-site",
        "sec-fetch-mode": "cors",
        "sec-fetch-dest": "empty",
        "referer": "http://localhost:4200/",
        "accept-encoding": "gzip, deflate, br, zstd",
        "if-none-match": "W/\"7f-ZffSFzSd4Zob8Sfa3ujOz8ZBZE0\""
      },
      "remoteAddress": "::1",
      "remotePort": 62864
    }
    [35mcorrelationId[39m: "ui_gov_1774553670717"
    [35mres[39m: {
      "statusCode": 200,
      "headers": {
        "x-powered-by": "Express",
        "access-control-allow-origin": "*",
        "access-control-allow-credentials": "true",
        "x-correlation-id": "ui_gov_1774553670717",
        "content-type": "application/json; charset=utf-8",
        "content-length": "127",
        "etag": "W/\"7f-f+1lOw6SpFu00IbHSQpLOd4n04g\""
      }
    }
    [35mresponseTime[39m: 60
[DEBUG] JWT Payload: {"sub":"0000-0000-0000","email":"superadmin-fallback@quetzaltic.local","role":"ADMIN","exp":1774634468}
[DEBUG] Authenticated Actor: superadmin-fallback@quetzaltic.local
[12:34:35.788] [32mINFO[39m (6280): [36mrequest completed[39m
    [35mreq[39m: {
      "id": 172,
      "method": "GET",
      "url": "/api/governance/lockdown/status",
      "query": {},
      "params": {
        "path": [
          "governance",
          "lockdown",
          "status"
        ]
      },
      "headers": {
        "host": "localhost:3333",
        "connection": "keep-alive",
        "x-actor": "superadmin-fallback@quetzaltic.local",
        "sec-ch-ua-platform": "\"Windows\"",
        "authorization": "Bearer eyJhbGciOiJIUzI1NiIsInR5cCI6IkpXVCJ9.eyJzdWIiOiIwMDAwLTAwMDAtMDAwMCIsImVtYWlsIjoic3VwZXJhZG1pbi1mYWxsYmFja0BxdWV0emFsdGljLmxvY2FsIiwicm9sZSI6IkFETUlOIiwiZXhwIjoxNzc0NjM0NDY4fQ.71bAuAgGefR9QsBusckXe9vf3-u3p2xGEvGAP2evfwo",
        "x-correlation-id": "ui_gov_1774553675723",
        "sec-ch-ua": "\"Chromium\";v=\"146\", \"Not-A.Brand\";v=\"24\", \"Brave\";v=\"146\"",
        "sec-ch-ua-mobile": "?0",
        "x-idempotency-key": "cc5de68d-cab4-404b-8458-b35b54f3a492",
        "user-agent": "Mozilla/5.0 (Windows NT 10.0; Win64; x64) AppleWebKit/537.36 (KHTML, like Gecko) Chrome/146.0.0.0 Safari/537.36",
        "accept": "application/json, text/plain, */*",
        "content-type": "application/json",
        "sec-gpc": "1",
        "accept-language": "es-ES,es;q=0.7",
        "origin": "http://localhost:4200",
        "sec-fetch-site": "same-site",
        "sec-fetch-mode": "cors",
        "sec-fetch-dest": "empty",
        "referer": "http://localhost:4200/",
        "accept-encoding": "gzip, deflate, br, zstd",
        "if-none-match": "W/\"7f-f+1lOw6SpFu00IbHSQpLOd4n04g\""
      },
      "remoteAddress": "::1",
      "remotePort": 62864
    }
    [35mcorrelationId[39m: "ui_gov_1774553675723"
    [35mres[39m: {
      "statusCode": 200,
      "headers": {
        "x-powered-by": "Express",
        "access-control-allow-origin": "*",
        "access-control-allow-credentials": "true",
        "x-correlation-id": "ui_gov_1774553675723",
        "content-type": "application/json; charset=utf-8",
        "content-length": "127",
        "etag": "W/\"7f-sQmHFqSg2aAIeCCf0TiCwEOQH0M\""
      }
    }
    [35mresponseTime[39m: 58
[DEBUG] JWT Payload: {"sub":"0000-0000-0000","email":"superadmin-fallback@quetzaltic.local","role":"ADMIN","exp":1774634468}
[DEBUG] Authenticated Actor: superadmin-fallback@quetzaltic.local
[DEBUG] JWT Payload: {"sub":"0000-0000-0000","email":"superadmin-fallback@quetzaltic.local","role":"ADMIN","exp":1774634468}
[DEBUG] Authenticated Actor: superadmin-fallback@quetzaltic.local
[12:34:37.803] [32mINFO[39m (6280): [36mrequest completed[39m
    [35mreq[39m: {
      "id": 173,
      "method": "GET",
      "url": "/api/governance/stats",
      "query": {},
      "params": {
        "path": [
          "governance",
          "stats"
        ]
      },
      "headers": {
        "host": "localhost:3333",
        "connection": "keep-alive",
        "x-actor": "superadmin-fallback@quetzaltic.local",
        "sec-ch-ua-platform": "\"Windows\"",
        "authorization": "Bearer eyJhbGciOiJIUzI1NiIsInR5cCI6IkpXVCJ9.eyJzdWIiOiIwMDAwLTAwMDAtMDAwMCIsImVtYWlsIjoic3VwZXJhZG1pbi1mYWxsYmFja0BxdWV0emFsdGljLmxvY2FsIiwicm9sZSI6IkFETUlOIiwiZXhwIjoxNzc0NjM0NDY4fQ.71bAuAgGefR9QsBusckXe9vf3-u3p2xGEvGAP2evfwo",
        "x-correlation-id": "ui_gov_1774553677725",
        "sec-ch-ua": "\"Chromium\";v=\"146\", \"Not-A.Brand\";v=\"24\", \"Brave\";v=\"146\"",
        "sec-ch-ua-mobile": "?0",
        "x-idempotency-key": "ffb6d908-a6e0-4277-90cc-f57a7c4b4173",
        "user-agent": "Mozilla/5.0 (Windows NT 10.0; Win64; x64) AppleWebKit/537.36 (KHTML, like Gecko) Chrome/146.0.0.0 Safari/537.36",
        "accept": "application/json, text/plain, */*",
        "content-type": "application/json",
        "sec-gpc": "1",
        "accept-language": "es-ES,es;q=0.7",
        "origin": "http://localhost:4200",
        "sec-fetch-site": "same-site",
        "sec-fetch-mode": "cors",
        "sec-fetch-dest": "empty",
        "referer": "http://localhost:4200/",
        "accept-encoding": "gzip, deflate, br, zstd",
        "if-none-match": "W/\"c4-q8DYQ/NcZpkpheCx9/VzsqDPX7g\""
      },
      "remoteAddress": "::1",
      "remotePort": 61012
    }
    [35mcorrelationId[39m: "ui_gov_1774553677725"
    [35mres[39m: {
      "statusCode": 200,
      "headers": {
        "x-powered-by": "Express",
        "access-control-allow-origin": "*",
        "access-control-allow-credentials": "true",
        "x-correlation-id": "ui_gov_1774553677725",
        "content-type": "application/json; charset=utf-8",
        "content-length": "196",
        "etag": "W/\"c4-OfPnAcbZMVgsTguAFtFh7MMeOos\""
      }
    }
    [35mresponseTime[39m: 70
[DEBUG] JWT Payload: {"sub":"0000-0000-0000","email":"superadmin-fallback@quetzaltic.local","role":"ADMIN","exp":1774634468}
[DEBUG] Authenticated Actor: superadmin-fallback@quetzaltic.local
[12:34:37.871] [32mINFO[39m (6280): [36mrequest completed[39m
    [35mreq[39m: {
      "id": 175,
      "method": "GET",
      "url": "/api/governance/stats",
      "query": {},
      "params": {
        "path": [
          "governance",
          "stats"
        ]
      },
      "headers": {
        "host": "localhost:3333",
        "connection": "keep-alive",
        "x-actor": "superadmin-fallback@quetzaltic.local",
        "sec-ch-ua-platform": "\"Windows\"",
        "authorization": "Bearer eyJhbGciOiJIUzI1NiIsInR5cCI6IkpXVCJ9.eyJzdWIiOiIwMDAwLTAwMDAtMDAwMCIsImVtYWlsIjoic3VwZXJhZG1pbi1mYWxsYmFja0BxdWV0emFsdGljLmxvY2FsIiwicm9sZSI6IkFETUlOIiwiZXhwIjoxNzc0NjM0NDY4fQ.71bAuAgGefR9QsBusckXe9vf3-u3p2xGEvGAP2evfwo",
        "x-correlation-id": "ui_gov_1774553677726",
        "sec-ch-ua": "\"Chromium\";v=\"146\", \"Not-A.Brand\";v=\"24\", \"Brave\";v=\"146\"",
        "sec-ch-ua-mobile": "?0",
        "x-idempotency-key": "45495d3d-2cfd-4b17-9a0a-a69e1a8a78ab",
        "user-agent": "Mozilla/5.0 (Windows NT 10.0; Win64; x64) AppleWebKit/537.36 (KHTML, like Gecko) Chrome/146.0.0.0 Safari/537.36",
        "accept": "application/json, text/plain, */*",
        "content-type": "application/json",
        "sec-gpc": "1",
        "accept-language": "es-ES,es;q=0.7",
        "origin": "http://localhost:4200",
        "sec-fetch-site": "same-site",
        "sec-fetch-mode": "cors",
        "sec-fetch-dest": "empty",
        "referer": "http://localhost:4200/",
        "accept-encoding": "gzip, deflate, br, zstd",
        "if-none-match": "W/\"c4-OfPnAcbZMVgsTguAFtFh7MMeOos\""
      },
      "remoteAddress": "::1",
      "remotePort": 61012
    }
    [35mcorrelationId[39m: "ui_gov_1774553677726"
    [35mres[39m: {
      "statusCode": 200,
      "headers": {
        "x-powered-by": "Express",
        "access-control-allow-origin": "*",
        "access-control-allow-credentials": "true",
        "x-correlation-id": "ui_gov_1774553677726",
        "content-type": "application/json; charset=utf-8",
        "content-length": "196",
        "etag": "W/\"c4-dBl1WMrj2S5U3HNM+qfziN00uCM\""
      }
    }
    [35mresponseTime[39m: 64
[12:34:38.563] [32mINFO[39m (6280): [36mrequest completed[39m
    [35mreq[39m: {
      "id": 174,
      "method": "GET",
      "url": "/api/governance/audit-logs?ticketId=&actor=&tableName=&correlationId=&startDate=&endDate=&page=1&limit=8&includeSnapshots=true&grouped=true",
      "query": {
        "ticketId": "",
        "actor": "",
        "tableName": "",
        "correlationId": "",
        "startDate": "",
        "endDate": "",
        "page": "1",
        "limit": "8",
        "includeSnapshots": "true",
        "grouped": "true"
      },
      "params": {
        "path": [
          "governance",
          "audit-logs"
        ]
      },
      "headers": {
        "host": "localhost:3333",
        "connection": "keep-alive",
        "x-actor": "superadmin-fallback@quetzaltic.local",
        "sec-ch-ua-platform": "\"Windows\"",
        "authorization": "Bearer eyJhbGciOiJIUzI1NiIsInR5cCI6IkpXVCJ9.eyJzdWIiOiIwMDAwLTAwMDAtMDAwMCIsImVtYWlsIjoic3VwZXJhZG1pbi1mYWxsYmFja0BxdWV0emFsdGljLmxvY2FsIiwicm9sZSI6IkFETUlOIiwiZXhwIjoxNzc0NjM0NDY4fQ.71bAuAgGefR9QsBusckXe9vf3-u3p2xGEvGAP2evfwo",
        "x-correlation-id": "ui_gov_1774553677727",
        "sec-ch-ua": "\"Chromium\";v=\"146\", \"Not-A.Brand\";v=\"24\", \"Brave\";v=\"146\"",
        "sec-ch-ua-mobile": "?0",
        "x-idempotency-key": "4223b0dc-a25a-470a-b3b5-efd042801ec5",
        "user-agent": "Mozilla/5.0 (Windows NT 10.0; Win64; x64) AppleWebKit/537.36 (KHTML, like Gecko) Chrome/146.0.0.0 Safari/537.36",
        "accept": "application/json, text/plain, */*",
        "content-type": "application/json",
        "sec-gpc": "1",
        "accept-language": "es-ES,es;q=0.7",
        "origin": "http://localhost:4200",
        "sec-fetch-site": "same-site",
        "sec-fetch-mode": "cors",
        "sec-fetch-dest": "empty",
        "referer": "http://localhost:4200/",
        "accept-encoding": "gzip, deflate, br, zstd",
        "if-none-match": "W/\"139962-Z40+pQv49kIfBNFkIjGjg9H8D0Y\""
      },
      "remoteAddress": "::1",
      "remotePort": 62864
    }
    [35mcorrelationId[39m: "ui_gov_1774553677727"
    [35mres[39m: {
      "statusCode": 200,
      "headers": {
        "x-powered-by": "Express",
        "access-control-allow-origin": "*",
        "access-control-allow-credentials": "true",
        "x-correlation-id": "ui_gov_1774553677727",
        "content-type": "application/json; charset=utf-8",
        "content-length": "1284450",
        "etag": "W/\"139962-Jo22xksgxvLX4AgkwjIjG/q0f7Y\""
      }
    }
    [35mresponseTime[39m: 827
[DEBUG] JWT Payload: {"sub":"0000-0000-0000","email":"superadmin-fallback@quetzaltic.local","role":"ADMIN","exp":1774634468}
[DEBUG] Authenticated Actor: superadmin-fallback@quetzaltic.local
[12:34:40.788] [32mINFO[39m (6280): [36mrequest completed[39m
    [35mreq[39m: {
      "id": 176,
      "method": "GET",
      "url": "/api/governance/lockdown/status",
      "query": {},
      "params": {
        "path": [
          "governance",
          "lockdown",
          "status"
        ]
      },
      "headers": {
        "host": "localhost:3333",
        "connection": "keep-alive",
        "x-actor": "superadmin-fallback@quetzaltic.local",
        "sec-ch-ua-platform": "\"Windows\"",
        "authorization": "Bearer eyJhbGciOiJIUzI1NiIsInR5cCI6IkpXVCJ9.eyJzdWIiOiIwMDAwLTAwMDAtMDAwMCIsImVtYWlsIjoic3VwZXJhZG1pbi1mYWxsYmFja0BxdWV0emFsdGljLmxvY2FsIiwicm9sZSI6IkFETUlOIiwiZXhwIjoxNzc0NjM0NDY4fQ.71bAuAgGefR9QsBusckXe9vf3-u3p2xGEvGAP2evfwo",
        "x-correlation-id": "ui_gov_1774553680725",
        "sec-ch-ua": "\"Chromium\";v=\"146\", \"Not-A.Brand\";v=\"24\", \"Brave\";v=\"146\"",
        "sec-ch-ua-mobile": "?0",
        "x-idempotency-key": "b1002fbd-2ab5-4fa4-8d1b-40fb9c674914",
        "user-agent": "Mozilla/5.0 (Windows NT 10.0; Win64; x64) AppleWebKit/537.36 (KHTML, like Gecko) Chrome/146.0.0.0 Safari/537.36",
        "accept": "application/json, text/plain, */*",
        "content-type": "application/json",
        "sec-gpc": "1",
        "accept-language": "es-ES,es;q=0.7",
        "origin": "http://localhost:4200",
        "sec-fetch-site": "same-site",
        "sec-fetch-mode": "cors",
        "sec-fetch-dest": "empty",
        "referer": "http://localhost:4200/",
        "accept-encoding": "gzip, deflate, br, zstd",
        "if-none-match": "W/\"7f-sQmHFqSg2aAIeCCf0TiCwEOQH0M\""
      },
      "remoteAddress": "::1",
      "remotePort": 62864
    }
    [35mcorrelationId[39m: "ui_gov_1774553680725"
    [35mres[39m: {
      "statusCode": 200,
      "headers": {
        "x-powered-by": "Express",
        "access-control-allow-origin": "*",
        "access-control-allow-credentials": "true",
        "x-correlation-id": "ui_gov_1774553680725",
        "content-type": "application/json; charset=utf-8",
        "content-length": "127",
        "etag": "W/\"7f-WsZog6dZTHPBr4WpCmM0ba++/5c\""
      }
    }
    [35mresponseTime[39m: 59
[DEBUG] JWT Payload: {"sub":"0000-0000-0000","email":"superadmin-fallback@quetzaltic.local","role":"ADMIN","exp":1774634468}
[DEBUG] Authenticated Actor: superadmin-fallback@quetzaltic.local
[12:34:45.857] [32mINFO[39m (6280): [36mrequest completed[39m
    [35mreq[39m: {
      "id": 177,
      "method": "GET",
      "url": "/api/governance/lockdown/status",
      "query": {},
      "params": {
        "path": [
          "governance",
          "lockdown",
          "status"
        ]
      },
      "headers": {
        "host": "localhost:3333",
        "connection": "keep-alive",
        "x-actor": "superadmin-fallback@quetzaltic.local",
        "sec-ch-ua-platform": "\"Windows\"",
        "authorization": "Bearer eyJhbGciOiJIUzI1NiIsInR5cCI6IkpXVCJ9.eyJzdWIiOiIwMDAwLTAwMDAtMDAwMCIsImVtYWlsIjoic3VwZXJhZG1pbi1mYWxsYmFja0BxdWV0emFsdGljLmxvY2FsIiwicm9sZSI6IkFETUlOIiwiZXhwIjoxNzc0NjM0NDY4fQ.71bAuAgGefR9QsBusckXe9vf3-u3p2xGEvGAP2evfwo",
        "x-correlation-id": "ui_gov_1774553685727",
        "sec-ch-ua": "\"Chromium\";v=\"146\", \"Not-A.Brand\";v=\"24\", \"Brave\";v=\"146\"",
        "sec-ch-ua-mobile": "?0",
        "x-idempotency-key": "16abf8ee-cea8-4f67-b1d9-accc3620d4c1",
        "user-agent": "Mozilla/5.0 (Windows NT 10.0; Win64; x64) AppleWebKit/537.36 (KHTML, like Gecko) Chrome/146.0.0.0 Safari/537.36",
        "accept": "application/json, text/plain, */*",
        "content-type": "application/json",
        "sec-gpc": "1",
        "accept-language": "es-ES,es;q=0.7",
        "origin": "http://localhost:4200",
        "sec-fetch-site": "same-site",
        "sec-fetch-mode": "cors",
        "sec-fetch-dest": "empty",
        "referer": "http://localhost:4200/",
        "accept-encoding": "gzip, deflate, br, zstd",
        "if-none-match": "W/\"7f-WsZog6dZTHPBr4WpCmM0ba++/5c\""
      },
      "remoteAddress": "::1",
      "remotePort": 62864
    }
    [35mcorrelationId[39m: "ui_gov_1774553685727"
    [35mres[39m: {
      "statusCode": 200,
      "headers": {
        "x-powered-by": "Express",
        "access-control-allow-origin": "*",
        "access-control-allow-credentials": "true",
        "x-correlation-id": "ui_gov_1774553685727",
        "content-type": "application/json; charset=utf-8",
        "content-length": "127",
        "etag": "W/\"7f-kOtYkNA6yRDRmHvKTGaOGjlrgCw\""
      }
    }
    [35mresponseTime[39m: 120
[DEBUG] JWT Payload: {"sub":"0000-0000-0000","email":"superadmin-fallback@quetzaltic.local","role":"ADMIN","exp":1774634468}
[DEBUG] Authenticated Actor: superadmin-fallback@quetzaltic.local
[DEBUG] JWT Payload: {"sub":"323eac7b-615e-4bb2-b4da-1327cd63a13b","email":"oscar","role":"OPERATOR","exp":1774634503}
[DEBUG] Authenticated Actor: oscar
[DEBUG] JWT Payload: {"sub":"0000-0000-0000","email":"superadmin-fallback@quetzaltic.local","role":"ADMIN","exp":1774638639}
[DEBUG] Authenticated Actor: superadmin-fallback@quetzaltic.local
[12:34:47.881] [32mINFO[39m (6280): [36mrequest completed[39m
    [35mreq[39m: {
      "id": 179,
      "method": "GET",
      "url": "/api/governance/lockdown/status",
      "query": {},
      "params": {
        "path": [
          "governance",
          "lockdown",
          "status"
        ]
      },
      "headers": {
        "host": "localhost:3333",
        "connection": "keep-alive",
        "x-actor": "oscar",
        "sec-ch-ua-platform": "\"Windows\"",
        "authorization": "Bearer eyJhbGciOiJIUzI1NiIsInR5cCI6IkpXVCJ9.eyJzdWIiOiIzMjNlYWM3Yi02MTVlLTRiYjItYjRkYS0xMzI3Y2Q2M2ExM2IiLCJlbWFpbCI6Im9zY2FyIiwicm9sZSI6Ik9QRVJBVE9SIiwiZXhwIjoxNzc0NjM0NTAzfQ.J7klEKAA3C-Tm9Gl19iwGBgwv3ylSn9-YLxh_vQ7hXE",
        "x-correlation-id": "ui_gov_1774553687726",
        "sec-ch-ua": "\"Chromium\";v=\"146\", \"Not-A.Brand\";v=\"24\", \"Brave\";v=\"146\"",
        "sec-ch-ua-mobile": "?0",
        "x-idempotency-key": "4b7579b9-4e5f-43c7-a64f-e13d439bbba0",
        "user-agent": "Mozilla/5.0 (Windows NT 10.0; Win64; x64) AppleWebKit/537.36 (KHTML, like Gecko) Chrome/146.0.0.0 Safari/537.36",
        "accept": "application/json, text/plain, */*",
        "content-type": "application/json",
        "sec-gpc": "1",
        "accept-language": "es-ES,es;q=0.7",
        "origin": "http://localhost:4200",
        "sec-fetch-site": "same-site",
        "sec-fetch-mode": "cors",
        "sec-fetch-dest": "empty",
        "referer": "http://localhost:4200/",
        "accept-encoding": "gzip, deflate, br, zstd",
        "if-none-match": "W/\"7f-kOtYkNA6yRDRmHvKTGaOGjlrgCw\""
      },
      "remoteAddress": "::1",
      "remotePort": 49379
    }
    [35mcorrelationId[39m: "ui_gov_1774553687726"
    [35mres[39m: {
      "statusCode": 200,
      "headers": {
        "x-powered-by": "Express",
        "access-control-allow-origin": "*",
        "access-control-allow-credentials": "true",
        "x-correlation-id": "ui_gov_1774553687726",
        "content-type": "application/json; charset=utf-8",
        "content-length": "127",
        "etag": "W/\"7f-vBM9TnL64MI8Ayd5G/ictTI63gE\""
      }
    }
    [35mresponseTime[39m: 130
[12:34:47.969] [32mINFO[39m (6280): [36mrequest completed[39m
    [35mreq[39m: {
      "id": 180,
      "method": "GET",
      "url": "/api/governance/lockdown/status",
      "query": {},
      "params": {
        "path": [
          "governance",
          "lockdown",
          "status"
        ]
      },
      "headers": {
        "host": "localhost:3333",
        "connection": "keep-alive",
        "x-actor": "superadmin-fallback@quetzaltic.local",
        "sec-ch-ua-platform": "\"Windows\"",
        "authorization": "Bearer eyJhbGciOiJIUzI1NiIsInR5cCI6IkpXVCJ9.eyJzdWIiOiIwMDAwLTAwMDAtMDAwMCIsImVtYWlsIjoic3VwZXJhZG1pbi1mYWxsYmFja0BxdWV0emFsdGljLmxvY2FsIiwicm9sZSI6IkFETUlOIiwiZXhwIjoxNzc0NjM4NjM5fQ.xmY4FNONhzuEoNvjkhYF1T2QZUS1fNN4eDVqBiZrNoI",
        "x-correlation-id": "ui_gov_1774553687727",
        "sec-ch-ua": "\"Chromium\";v=\"146\", \"Not-A.Brand\";v=\"24\", \"Google Chrome\";v=\"146\"",
        "sec-ch-ua-mobile": "?0",
        "x-idempotency-key": "3438864c-c70d-4f69-ad50-c3eb93e91e69",
        "user-agent": "Mozilla/5.0 (Windows NT 10.0; Win64; x64) AppleWebKit/537.36 (KHTML, like Gecko) Chrome/146.0.0.0 Safari/537.36",
        "accept": "application/json, text/plain, */*",
        "content-type": "application/json",
        "origin": "http://localhost:4200",
        "sec-fetch-site": "same-site",
        "sec-fetch-mode": "cors",
        "sec-fetch-dest": "empty",
        "referer": "http://localhost:4200/",
        "accept-encoding": "gzip, deflate, br, zstd",
        "accept-language": "es-ES,es;q=0.9",
        "if-none-match": "W/\"7f-GleO+7OnwNEP7yBa/tLttW/c19g\""
      },
      "remoteAddress": "::1",
      "remotePort": 63032
    }
    [35mcorrelationId[39m: "ui_gov_1774553687727"
    [35mres[39m: {
      "statusCode": 200,
      "headers": {
        "x-powered-by": "Express",
        "access-control-allow-origin": "*",
        "access-control-allow-credentials": "true",
        "x-correlation-id": "ui_gov_1774553687727",
        "content-type": "application/json; charset=utf-8",
        "content-length": "127",
        "etag": "W/\"7f-dAdnZS9Klil5eCl5eV7ICnTtH5s\""
      }
    }
    [35mresponseTime[39m: 127
[12:34:48.153] [32mINFO[39m (6280): [36mrequest completed[39m
    [35mreq[39m: {
      "id": 178,
      "method": "GET",
      "url": "/api/governance/audit-logs?ticketId=&actor=&tableName=&correlationId=&startDate=&endDate=&page=1&limit=8&includeSnapshots=true&grouped=true",
      "query": {
        "ticketId": "",
        "actor": "",
        "tableName": "",
        "correlationId": "",
        "startDate": "",
        "endDate": "",
        "page": "1",
        "limit": "8",
        "includeSnapshots": "true",
        "grouped": "true"
      },
      "params": {
        "path": [
          "governance",
          "audit-logs"
        ]
      },
      "headers": {
        "host": "localhost:3333",
        "connection": "keep-alive",
        "x-actor": "superadmin-fallback@quetzaltic.local",
        "sec-ch-ua-platform": "\"Windows\"",
        "authorization": "Bearer eyJhbGciOiJIUzI1NiIsInR5cCI6IkpXVCJ9.eyJzdWIiOiIwMDAwLTAwMDAtMDAwMCIsImVtYWlsIjoic3VwZXJhZG1pbi1mYWxsYmFja0BxdWV0emFsdGljLmxvY2FsIiwicm9sZSI6IkFETUlOIiwiZXhwIjoxNzc0NjM0NDY4fQ.71bAuAgGefR9QsBusckXe9vf3-u3p2xGEvGAP2evfwo",
        "x-correlation-id": "ui_gov_1774553687228",
        "sec-ch-ua": "\"Chromium\";v=\"146\", \"Not-A.Brand\";v=\"24\", \"Brave\";v=\"146\"",
        "sec-ch-ua-mobile": "?0",
        "x-idempotency-key": "d6c7fe42-2fcd-48d5-9b0f-74efdf6224d7",
        "user-agent": "Mozilla/5.0 (Windows NT 10.0; Win64; x64) AppleWebKit/537.36 (KHTML, like Gecko) Chrome/146.0.0.0 Safari/537.36",
        "accept": "application/json, text/plain, */*",
        "content-type": "application/json",
        "sec-gpc": "1",
        "accept-language": "es-ES,es;q=0.7",
        "origin": "http://localhost:4200",
        "sec-fetch-site": "same-site",
        "sec-fetch-mode": "cors",
        "sec-fetch-dest": "empty",
        "referer": "http://localhost:4200/",
        "accept-encoding": "gzip, deflate, br, zstd",
        "if-none-match": "W/\"139962-Jo22xksgxvLX4AgkwjIjG/q0f7Y\""
      },
      "remoteAddress": "::1",
      "remotePort": 62864
    }
    [35mcorrelationId[39m: "ui_gov_1774553687228"
    [35mres[39m: {
      "statusCode": 200,
      "headers": {
        "x-powered-by": "Express",
        "access-control-allow-origin": "*",
        "access-control-allow-credentials": "true",
        "x-correlation-id": "ui_gov_1774553687228",
        "content-type": "application/json; charset=utf-8",
        "content-length": "1284450",
        "etag": "W/\"139962-HBJA5bDlHzV/IK4aMNsoRyaZY7A\""
      }
    }
    [35mresponseTime[39m: 895
[12:34:48.160] [32mINFO[39m (6280): [36mrequest completed[39m
    [35mreq[39m: {
      "id": 181,
      "method": "GET",
      "url": "/api/test-oscar",
      "query": {},
      "params": {
        "path": [
          "test-oscar"
        ]
      },
      "headers": {
        "host": "localhost:3333",
        "connection": "keep-alive",
        "sec-ch-ua-platform": "\"Windows\"",
        "authorization": "Bearer eyJhbGciOiJIUzI1NiIsInR5cCI6IkpXVCJ9.eyJzdWIiOiIwMDAwLTAwMDAtMDAwMCIsImVtYWlsIjoic3VwZXJhZG1pbi1mYWxsYmFja0BxdWV0emFsdGljLmxvY2FsIiwicm9sZSI6IkFETUlOIiwiZXhwIjoxNzc0NjM4NjM5fQ.xmY4FNONhzuEoNvjkhYF1T2QZUS1fNN4eDVqBiZrNoI",
        "user-agent": "Mozilla/5.0 (Windows NT 10.0; Win64; x64) AppleWebKit/537.36 (KHTML, like Gecko) Chrome/146.0.0.0 Safari/537.36",
        "accept": "application/json, text/plain, */*",
        "sec-ch-ua": "\"Chromium\";v=\"146\", \"Not-A.Brand\";v=\"24\", \"Google Chrome\";v=\"146\"",
        "sec-ch-ua-mobile": "?0",
        "origin": "http://localhost:4200",
        "sec-fetch-site": "same-site",
        "sec-fetch-mode": "cors",
        "sec-fetch-dest": "empty",
        "referer": "http://localhost:4200/",
        "accept-encoding": "gzip, deflate, br, zstd",
        "accept-language": "es-ES,es;q=0.9",
        "if-none-match": "W/\"c56c-pLgdNO45MN/1lJ66CGKJ4y7mIM8\""
      },
      "remoteAddress": "::1",
      "remotePort": 49919
    }
    [35mcorrelationId[39m: "708daa6e-eaf8-49f6-b36f-447cba61d959"
    [35mres[39m: {
      "statusCode": 200,
      "headers": {
        "x-powered-by": "Express",
        "access-control-allow-origin": "*",
        "access-control-allow-credentials": "true",
        "x-correlation-id": "708daa6e-eaf8-49f6-b36f-447cba61d959",
        "content-type": "application/json; charset=utf-8",
        "content-length": "50540",
        "etag": "W/\"c56c-m55IHD5jWDNo761OyT1SvlkcyNc\""
      }
    }
    [35mresponseTime[39m: 316
[DEBUG] JWT Payload: {"sub":"0000-0000-0000","email":"superadmin-fallback@quetzaltic.local","role":"ADMIN","exp":1774634468}
[DEBUG] Authenticated Actor: superadmin-fallback@quetzaltic.local
[12:34:50.746] [32mINFO[39m (6280): [36mrequest completed[39m
    [35mreq[39m: {
      "id": 182,
      "method": "GET",
      "url": "/api/governance/lockdown/status",
      "query": {},
      "params": {
        "path": [
          "governance",
          "lockdown",
          "status"
        ]
      },
      "headers": {
        "host": "localhost:3333",
        "connection": "keep-alive",
        "x-actor": "superadmin-fallback@quetzaltic.local",
        "sec-ch-ua-platform": "\"Windows\"",
        "authorization": "Bearer eyJhbGciOiJIUzI1NiIsInR5cCI6IkpXVCJ9.eyJzdWIiOiIwMDAwLTAwMDAtMDAwMCIsImVtYWlsIjoic3VwZXJhZG1pbi1mYWxsYmFja0BxdWV0emFsdGljLmxvY2FsIiwicm9sZSI6IkFETUlOIiwiZXhwIjoxNzc0NjM0NDY4fQ.71bAuAgGefR9QsBusckXe9vf3-u3p2xGEvGAP2evfwo",
        "x-correlation-id": "ui_gov_1774553690684",
        "sec-ch-ua": "\"Chromium\";v=\"146\", \"Not-A.Brand\";v=\"24\", \"Brave\";v=\"146\"",
        "sec-ch-ua-mobile": "?0",
        "x-idempotency-key": "f9893748-837b-4ee9-9e44-deadb5db02dc",
        "user-agent": "Mozilla/5.0 (Windows NT 10.0; Win64; x64) AppleWebKit/537.36 (KHTML, like Gecko) Chrome/146.0.0.0 Safari/537.36",
        "accept": "application/json, text/plain, */*",
        "content-type": "application/json",
        "sec-gpc": "1",
        "accept-language": "es-ES,es;q=0.7",
        "origin": "http://localhost:4200",
        "sec-fetch-site": "same-site",
        "sec-fetch-mode": "cors",
        "sec-fetch-dest": "empty",
        "referer": "http://localhost:4200/",
        "accept-encoding": "gzip, deflate, br, zstd",
        "if-none-match": "W/\"7f-vBM9TnL64MI8Ayd5G/ictTI63gE\""
      },
      "remoteAddress": "::1",
      "remotePort": 62864
    }
    [35mcorrelationId[39m: "ui_gov_1774553690684"
    [35mres[39m: {
      "statusCode": 200,
      "headers": {
        "x-powered-by": "Express",
        "access-control-allow-origin": "*",
        "access-control-allow-credentials": "true",
        "x-correlation-id": "ui_gov_1774553690684",
        "content-type": "application/json; charset=utf-8",
        "content-length": "127",
        "etag": "W/\"7f-RT7iSf7n9ErN/LCJDUN+SSVkuJU\""
      }
    }
    [35mresponseTime[39m: 57
[DEBUG] JWT Payload: {"sub":"0000-0000-0000","email":"superadmin-fallback@quetzaltic.local","role":"ADMIN","exp":1774634468}
[DEBUG] Authenticated Actor: superadmin-fallback@quetzaltic.local
[DEBUG] JWT Payload: {"sub":"0000-0000-0000","email":"superadmin-fallback@quetzaltic.local","role":"ADMIN","exp":1774634468}
[DEBUG] Authenticated Actor: superadmin-fallback@quetzaltic.local
[12:34:55.738] [32mINFO[39m (6280): [36mrequest completed[39m
    [35mreq[39m: {
      "id": 183,
      "method": "GET",
      "url": "/api/governance/stats",
      "query": {},
      "params": {
        "path": [
          "governance",
          "stats"
        ]
      },
      "headers": {
        "host": "localhost:3333",
        "connection": "keep-alive",
        "x-actor": "superadmin-fallback@quetzaltic.local",
        "sec-ch-ua-platform": "\"Windows\"",
        "authorization": "Bearer eyJhbGciOiJIUzI1NiIsInR5cCI6IkpXVCJ9.eyJzdWIiOiIwMDAwLTAwMDAtMDAwMCIsImVtYWlsIjoic3VwZXJhZG1pbi1mYWxsYmFja0BxdWV0emFsdGljLmxvY2FsIiwicm9sZSI6IkFETUlOIiwiZXhwIjoxNzc0NjM0NDY4fQ.71bAuAgGefR9QsBusckXe9vf3-u3p2xGEvGAP2evfwo",
        "x-correlation-id": "ui_gov_1774553695626",
        "sec-ch-ua": "\"Chromium\";v=\"146\", \"Not-A.Brand\";v=\"24\", \"Brave\";v=\"146\"",
        "sec-ch-ua-mobile": "?0",
        "x-idempotency-key": "651e8d9c-ca90-4c0f-9c85-cd373132e285",
        "user-agent": "Mozilla/5.0 (Windows NT 10.0; Win64; x64) AppleWebKit/537.36 (KHTML, like Gecko) Chrome/146.0.0.0 Safari/537.36",
        "accept": "application/json, text/plain, */*",
        "content-type": "application/json",
        "sec-gpc": "1",
        "accept-language": "es-ES,es;q=0.7",
        "origin": "http://localhost:4200",
        "sec-fetch-site": "same-site",
        "sec-fetch-mode": "cors",
        "sec-fetch-dest": "empty",
        "referer": "http://localhost:4200/",
        "accept-encoding": "gzip, deflate, br, zstd",
        "if-none-match": "W/\"c4-dBl1WMrj2S5U3HNM+qfziN00uCM\""
      },
      "remoteAddress": "::1",
      "remotePort": 62864
    }
    [35mcorrelationId[39m: "ui_gov_1774553695626"
    [35mres[39m: {
      "statusCode": 200,
      "headers": {
        "x-powered-by": "Express",
        "access-control-allow-origin": "*",
        "access-control-allow-credentials": "true",
        "x-correlation-id": "ui_gov_1774553695626",
        "content-type": "application/json; charset=utf-8",
        "content-length": "196",
        "etag": "W/\"c4-39R+PMTc2CTduqqhv5jk2goqGnQ\""
      }
    }
    [35mresponseTime[39m: 78
[12:34:55.774] [32mINFO[39m (6280): [36mrequest completed[39m
    [35mreq[39m: {
      "id": 184,
      "method": "GET",
      "url": "/api/governance/lockdown/status",
      "query": {},
      "params": {
        "path": [
          "governance",
          "lockdown",
          "status"
        ]
      },
      "headers": {
        "host": "localhost:3333",
        "connection": "keep-alive",
        "x-actor": "superadmin-fallback@quetzaltic.local",
        "sec-ch-ua-platform": "\"Windows\"",
        "authorization": "Bearer eyJhbGciOiJIUzI1NiIsInR5cCI6IkpXVCJ9.eyJzdWIiOiIwMDAwLTAwMDAtMDAwMCIsImVtYWlsIjoic3VwZXJhZG1pbi1mYWxsYmFja0BxdWV0emFsdGljLmxvY2FsIiwicm9sZSI6IkFETUlOIiwiZXhwIjoxNzc0NjM0NDY4fQ.71bAuAgGefR9QsBusckXe9vf3-u3p2xGEvGAP2evfwo",
        "x-correlation-id": "ui_gov_1774553695687",
        "sec-ch-ua": "\"Chromium\";v=\"146\", \"Not-A.Brand\";v=\"24\", \"Brave\";v=\"146\"",
        "sec-ch-ua-mobile": "?0",
        "x-idempotency-key": "735ad2e4-8e90-47b5-adb5-90f793acc0ec",
        "user-agent": "Mozilla/5.0 (Windows NT 10.0; Win64; x64) AppleWebKit/537.36 (KHTML, like Gecko) Chrome/146.0.0.0 Safari/537.36",
        "accept": "application/json, text/plain, */*",
        "content-type": "application/json",
        "sec-gpc": "1",
        "accept-language": "es-ES,es;q=0.7",
        "origin": "http://localhost:4200",
        "sec-fetch-site": "same-site",
        "sec-fetch-mode": "cors",
        "sec-fetch-dest": "empty",
        "referer": "http://localhost:4200/",
        "accept-encoding": "gzip, deflate, br, zstd",
        "if-none-match": "W/\"7f-RT7iSf7n9ErN/LCJDUN+SSVkuJU\""
      },
      "remoteAddress": "::1",
      "remotePort": 63752
    }
    [35mcorrelationId[39m: "ui_gov_1774553695687"
    [35mres[39m: {
      "statusCode": 200,
      "headers": {
        "x-powered-by": "Express",
        "access-control-allow-origin": "*",
        "access-control-allow-credentials": "true",
        "x-correlation-id": "ui_gov_1774553695687",
        "content-type": "application/json; charset=utf-8",
        "content-length": "127",
        "etag": "W/\"7f-YhYYVzTT6HEf9WtYFaru+PFO4Mo\""
      }
    }
    [35mresponseTime[39m: 68
[DEBUG] JWT Payload: {"sub":"0000-0000-0000","email":"superadmin-fallback@quetzaltic.local","role":"ADMIN","exp":1774634468}
[DEBUG] Authenticated Actor: superadmin-fallback@quetzaltic.local
[12:34:58.214] [32mINFO[39m (6280): [36mrequest completed[39m
    [35mreq[39m: {
      "id": 185,
      "method": "GET",
      "url": "/api/governance/audit-logs?ticketId=&actor=&tableName=&correlationId=&startDate=&endDate=&page=1&limit=8&includeSnapshots=true&grouped=true",
      "query": {
        "ticketId": "",
        "actor": "",
        "tableName": "",
        "correlationId": "",
        "startDate": "",
        "endDate": "",
        "page": "1",
        "limit": "8",
        "includeSnapshots": "true",
        "grouped": "true"
      },
      "params": {
        "path": [
          "governance",
          "audit-logs"
        ]
      },
      "headers": {
        "host": "localhost:3333",
        "connection": "keep-alive",
        "x-actor": "superadmin-fallback@quetzaltic.local",
        "sec-ch-ua-platform": "\"Windows\"",
        "authorization": "Bearer eyJhbGciOiJIUzI1NiIsInR5cCI6IkpXVCJ9.eyJzdWIiOiIwMDAwLTAwMDAtMDAwMCIsImVtYWlsIjoic3VwZXJhZG1pbi1mYWxsYmFja0BxdWV0emFsdGljLmxvY2FsIiwicm9sZSI6IkFETUlOIiwiZXhwIjoxNzc0NjM0NDY4fQ.71bAuAgGefR9QsBusckXe9vf3-u3p2xGEvGAP2evfwo",
        "x-correlation-id": "ui_gov_1774553696814",
        "sec-ch-ua": "\"Chromium\";v=\"146\", \"Not-A.Brand\";v=\"24\", \"Brave\";v=\"146\"",
        "sec-ch-ua-mobile": "?0",
        "x-idempotency-key": "dd39a786-8bef-4cd2-b6d8-1df855dfda6f",
        "user-agent": "Mozilla/5.0 (Windows NT 10.0; Win64; x64) AppleWebKit/537.36 (KHTML, like Gecko) Chrome/146.0.0.0 Safari/537.36",
        "accept": "application/json, text/plain, */*",
        "content-type": "application/json",
        "sec-gpc": "1",
        "accept-language": "es-ES,es;q=0.7",
        "origin": "http://localhost:4200",
        "sec-fetch-site": "same-site",
        "sec-fetch-mode": "cors",
        "sec-fetch-dest": "empty",
        "referer": "http://localhost:4200/",
        "accept-encoding": "gzip, deflate, br, zstd",
        "if-none-match": "W/\"139962-HBJA5bDlHzV/IK4aMNsoRyaZY7A\""
      },
      "remoteAddress": "::1",
      "remotePort": 63752
    }
    [35mcorrelationId[39m: "ui_gov_1774553696814"
    [35mres[39m: {
      "statusCode": 200,
      "headers": {
        "x-powered-by": "Express",
        "access-control-allow-origin": "*",
        "access-control-allow-credentials": "true",
        "x-correlation-id": "ui_gov_1774553696814",
        "content-type": "application/json; charset=utf-8",
        "content-length": "1284450",
        "etag": "W/\"139962-odzQoX/DVbwhBbL5wg82AAcCNIU\""
      }
    }
    [35mresponseTime[39m: 1391
[DEBUG] JWT Payload: {"sub":"0000-0000-0000","email":"superadmin-fallback@quetzaltic.local","role":"ADMIN","exp":1774634468}
[DEBUG] Authenticated Actor: superadmin-fallback@quetzaltic.local
[12:35:00.736] [32mINFO[39m (6280): [36mrequest completed[39m
    [35mreq[39m: {
      "id": 186,
      "method": "GET",
      "url": "/api/governance/lockdown/status",
      "query": {},
      "params": {
        "path": [
          "governance",
          "lockdown",
          "status"
        ]
      },
      "headers": {
        "host": "localhost:3333",
        "connection": "keep-alive",
        "x-actor": "superadmin-fallback@quetzaltic.local",
        "sec-ch-ua-platform": "\"Windows\"",
        "authorization": "Bearer eyJhbGciOiJIUzI1NiIsInR5cCI6IkpXVCJ9.eyJzdWIiOiIwMDAwLTAwMDAtMDAwMCIsImVtYWlsIjoic3VwZXJhZG1pbi1mYWxsYmFja0BxdWV0emFsdGljLmxvY2FsIiwicm9sZSI6IkFETUlOIiwiZXhwIjoxNzc0NjM0NDY4fQ.71bAuAgGefR9QsBusckXe9vf3-u3p2xGEvGAP2evfwo",
        "x-correlation-id": "ui_gov_1774553700674",
        "sec-ch-ua": "\"Chromium\";v=\"146\", \"Not-A.Brand\";v=\"24\", \"Brave\";v=\"146\"",
        "sec-ch-ua-mobile": "?0",
        "x-idempotency-key": "c22a27ce-daa4-486d-9779-91cd3221cfcc",
        "user-agent": "Mozilla/5.0 (Windows NT 10.0; Win64; x64) AppleWebKit/537.36 (KHTML, like Gecko) Chrome/146.0.0.0 Safari/537.36",
        "accept": "application/json, text/plain, */*",
        "content-type": "application/json",
        "sec-gpc": "1",
        "accept-language": "es-ES,es;q=0.7",
        "origin": "http://localhost:4200",
        "sec-fetch-site": "same-site",
        "sec-fetch-mode": "cors",
        "sec-fetch-dest": "empty",
        "referer": "http://localhost:4200/",
        "accept-encoding": "gzip, deflate, br, zstd",
        "if-none-match": "W/\"7f-YhYYVzTT6HEf9WtYFaru+PFO4Mo\""
      },
      "remoteAddress": "::1",
      "remotePort": 63752
    }
    [35mcorrelationId[39m: "ui_gov_1774553700674"
    [35mres[39m: {
      "statusCode": 200,
      "headers": {
        "x-powered-by": "Express",
        "access-control-allow-origin": "*",
        "access-control-allow-credentials": "true",
        "x-correlation-id": "ui_gov_1774553700674",
        "content-type": "application/json; charset=utf-8",
        "content-length": "127",
        "etag": "W/\"7f-iUDJjpA3RXtcEKyn86gs8yECP1k\""
      }
    }
    [35mresponseTime[39m: 55
[DEBUG] JWT Payload: {"sub":"0000-0000-0000","email":"superadmin-fallback@quetzaltic.local","role":"ADMIN","exp":1774634468}
[DEBUG] Authenticated Actor: superadmin-fallback@quetzaltic.local
[12:35:05.809] [32mINFO[39m (6280): [36mrequest completed[39m
    [35mreq[39m: {
      "id": 187,
      "method": "GET",
      "url": "/api/governance/lockdown/status",
      "query": {},
      "params": {
        "path": [
          "governance",
          "lockdown",
          "status"
        ]
      },
      "headers": {
        "host": "localhost:3333",
        "connection": "keep-alive",
        "x-actor": "superadmin-fallback@quetzaltic.local",
        "sec-ch-ua-platform": "\"Windows\"",
        "authorization": "Bearer eyJhbGciOiJIUzI1NiIsInR5cCI6IkpXVCJ9.eyJzdWIiOiIwMDAwLTAwMDAtMDAwMCIsImVtYWlsIjoic3VwZXJhZG1pbi1mYWxsYmFja0BxdWV0emFsdGljLmxvY2FsIiwicm9sZSI6IkFETUlOIiwiZXhwIjoxNzc0NjM0NDY4fQ.71bAuAgGefR9QsBusckXe9vf3-u3p2xGEvGAP2evfwo",
        "x-correlation-id": "ui_gov_1774553705688",
        "sec-ch-ua": "\"Chromium\";v=\"146\", \"Not-A.Brand\";v=\"24\", \"Brave\";v=\"146\"",
        "sec-ch-ua-mobile": "?0",
        "x-idempotency-key": "64b44b5e-dd39-4dda-a71a-251b1ed1482e",
        "user-agent": "Mozilla/5.0 (Windows NT 10.0; Win64; x64) AppleWebKit/537.36 (KHTML, like Gecko) Chrome/146.0.0.0 Safari/537.36",
        "accept": "application/json, text/plain, */*",
        "content-type": "application/json",
        "sec-gpc": "1",
        "accept-language": "es-ES,es;q=0.7",
        "origin": "http://localhost:4200",
        "sec-fetch-site": "same-site",
        "sec-fetch-mode": "cors",
        "sec-fetch-dest": "empty",
        "referer": "http://localhost:4200/",
        "accept-encoding": "gzip, deflate, br, zstd",
        "if-none-match": "W/\"7f-iUDJjpA3RXtcEKyn86gs8yECP1k\""
      },
      "remoteAddress": "::1",
      "remotePort": 63752
    }
    [35mcorrelationId[39m: "ui_gov_1774553705688"
    [35mres[39m: {
      "statusCode": 200,
      "headers": {
        "x-powered-by": "Express",
        "access-control-allow-origin": "*",
        "access-control-allow-credentials": "true",
        "x-correlation-id": "ui_gov_1774553705688",
        "content-type": "application/json; charset=utf-8",
        "content-length": "127",
        "etag": "W/\"7f-70HOvgY8bCO2hAf17VdH4+Nfwss\""
      }
    }
    [35mresponseTime[39m: 115
[DEBUG] JWT Payload: {"sub":"0000-0000-0000","email":"superadmin-fallback@quetzaltic.local","role":"ADMIN","exp":1774634468}
[DEBUG] Authenticated Actor: superadmin-fallback@quetzaltic.local
[DEBUG] JWT Payload: {"sub":"0000-0000-0000","email":"superadmin-fallback@quetzaltic.local","role":"ADMIN","exp":1774634468}
[DEBUG] Authenticated Actor: superadmin-fallback@quetzaltic.local
[12:35:06.947] [32mINFO[39m (6280): [36mrequest completed[39m
    [35mreq[39m: {
      "id": 188,
      "method": "GET",
      "url": "/api/governance/stats",
      "query": {},
      "params": {
        "path": [
          "governance",
          "stats"
        ]
      },
      "headers": {
        "host": "localhost:3333",
        "connection": "keep-alive",
        "x-actor": "superadmin-fallback@quetzaltic.local",
        "sec-ch-ua-platform": "\"Windows\"",
        "authorization": "Bearer eyJhbGciOiJIUzI1NiIsInR5cCI6IkpXVCJ9.eyJzdWIiOiIwMDAwLTAwMDAtMDAwMCIsImVtYWlsIjoic3VwZXJhZG1pbi1mYWxsYmFja0BxdWV0emFsdGljLmxvY2FsIiwicm9sZSI6IkFETUlOIiwiZXhwIjoxNzc0NjM0NDY4fQ.71bAuAgGefR9QsBusckXe9vf3-u3p2xGEvGAP2evfwo",
        "x-correlation-id": "ui_gov_1774553706816",
        "sec-ch-ua": "\"Chromium\";v=\"146\", \"Not-A.Brand\";v=\"24\", \"Brave\";v=\"146\"",
        "sec-ch-ua-mobile": "?0",
        "x-idempotency-key": "92b25096-ee34-426c-8919-a52cecdeba99",
        "user-agent": "Mozilla/5.0 (Windows NT 10.0; Win64; x64) AppleWebKit/537.36 (KHTML, like Gecko) Chrome/146.0.0.0 Safari/537.36",
        "accept": "application/json, text/plain, */*",
        "content-type": "application/json",
        "sec-gpc": "1",
        "accept-language": "es-ES,es;q=0.7",
        "origin": "http://localhost:4200",
        "sec-fetch-site": "same-site",
        "sec-fetch-mode": "cors",
        "sec-fetch-dest": "empty",
        "referer": "http://localhost:4200/",
        "accept-encoding": "gzip, deflate, br, zstd",
        "if-none-match": "W/\"c4-39R+PMTc2CTduqqhv5jk2goqGnQ\""
      },
      "remoteAddress": "::1",
      "remotePort": 56620
    }
    [35mcorrelationId[39m: "ui_gov_1774553706816"
    [35mres[39m: {
      "statusCode": 200,
      "headers": {
        "x-powered-by": "Express",
        "access-control-allow-origin": "*",
        "access-control-allow-credentials": "true",
        "x-correlation-id": "ui_gov_1774553706816",
        "content-type": "application/json; charset=utf-8",
        "content-length": "196",
        "etag": "W/\"c4-v1rprB1WFvBFQr/lAW0n7fg2EVY\""
      }
    }
    [35mresponseTime[39m: 123
[DEBUG] JWT Payload: {"sub":"0000-0000-0000","email":"superadmin-fallback@quetzaltic.local","role":"ADMIN","exp":1774634468}
[DEBUG] Authenticated Actor: superadmin-fallback@quetzaltic.local
[12:35:07.019] [32mINFO[39m (6280): [36mrequest completed[39m
    [35mreq[39m: {
      "id": 190,
      "method": "GET",
      "url": "/api/governance/stats",
      "query": {},
      "params": {
        "path": [
          "governance",
          "stats"
        ]
      },
      "headers": {
        "host": "localhost:3333",
        "connection": "keep-alive",
        "x-actor": "superadmin-fallback@quetzaltic.local",
        "sec-ch-ua-platform": "\"Windows\"",
        "authorization": "Bearer eyJhbGciOiJIUzI1NiIsInR5cCI6IkpXVCJ9.eyJzdWIiOiIwMDAwLTAwMDAtMDAwMCIsImVtYWlsIjoic3VwZXJhZG1pbi1mYWxsYmFja0BxdWV0emFsdGljLmxvY2FsIiwicm9sZSI6IkFETUlOIiwiZXhwIjoxNzc0NjM0NDY4fQ.71bAuAgGefR9QsBusckXe9vf3-u3p2xGEvGAP2evfwo",
        "x-correlation-id": "ui_gov_1774553706817",
        "sec-ch-ua": "\"Chromium\";v=\"146\", \"Not-A.Brand\";v=\"24\", \"Brave\";v=\"146\"",
        "sec-ch-ua-mobile": "?0",
        "x-idempotency-key": "1a543201-8d5f-427b-8665-227ea30e15c4",
        "user-agent": "Mozilla/5.0 (Windows NT 10.0; Win64; x64) AppleWebKit/537.36 (KHTML, like Gecko) Chrome/146.0.0.0 Safari/537.36",
        "accept": "application/json, text/plain, */*",
        "content-type": "application/json",
        "sec-gpc": "1",
        "accept-language": "es-ES,es;q=0.7",
        "origin": "http://localhost:4200",
        "sec-fetch-site": "same-site",
        "sec-fetch-mode": "cors",
        "sec-fetch-dest": "empty",
        "referer": "http://localhost:4200/",
        "accept-encoding": "gzip, deflate, br, zstd",
        "if-none-match": "W/\"c4-v1rprB1WFvBFQr/lAW0n7fg2EVY\""
      },
      "remoteAddress": "::1",
      "remotePort": 56620
    }
    [35mcorrelationId[39m: "ui_gov_1774553706817"
    [35mres[39m: {
      "statusCode": 200,
      "headers": {
        "x-powered-by": "Express",
        "access-control-allow-origin": "*",
        "access-control-allow-credentials": "true",
        "x-correlation-id": "ui_gov_1774553706817",
        "content-type": "application/json; charset=utf-8",
        "content-length": "196",
        "etag": "W/\"c4-BC/fjKa97FygZ+T50JCWCqrHhao\""
      }
    }
    [35mresponseTime[39m: 67
[12:35:07.700] [32mINFO[39m (6280): [36mrequest completed[39m
    [35mreq[39m: {
      "id": 189,
      "method": "GET",
      "url": "/api/governance/audit-logs?ticketId=&actor=&tableName=&correlationId=&startDate=&endDate=&page=1&limit=8&includeSnapshots=true&grouped=true",
      "query": {
        "ticketId": "",
        "actor": "",
        "tableName": "",
        "correlationId": "",
        "startDate": "",
        "endDate": "",
        "page": "1",
        "limit": "8",
        "includeSnapshots": "true",
        "grouped": "true"
      },
      "params": {
        "path": [
          "governance",
          "audit-logs"
        ]
      },
      "headers": {
        "host": "localhost:3333",
        "connection": "keep-alive",
        "x-actor": "superadmin-fallback@quetzaltic.local",
        "sec-ch-ua-platform": "\"Windows\"",
        "authorization": "Bearer eyJhbGciOiJIUzI1NiIsInR5cCI6IkpXVCJ9.eyJzdWIiOiIwMDAwLTAwMDAtMDAwMCIsImVtYWlsIjoic3VwZXJhZG1pbi1mYWxsYmFja0BxdWV0emFsdGljLmxvY2FsIiwicm9sZSI6IkFETUlOIiwiZXhwIjoxNzc0NjM0NDY4fQ.71bAuAgGefR9QsBusckXe9vf3-u3p2xGEvGAP2evfwo",
        "x-correlation-id": "ui_gov_1774553706817",
        "sec-ch-ua": "\"Chromium\";v=\"146\", \"Not-A.Brand\";v=\"24\", \"Brave\";v=\"146\"",
        "sec-ch-ua-mobile": "?0",
        "x-idempotency-key": "b78281b0-3599-4723-af15-4ca52dab3a0f",
        "user-agent": "Mozilla/5.0 (Windows NT 10.0; Win64; x64) AppleWebKit/537.36 (KHTML, like Gecko) Chrome/146.0.0.0 Safari/537.36",
        "accept": "application/json, text/plain, */*",
        "content-type": "application/json",
        "sec-gpc": "1",
        "accept-language": "es-ES,es;q=0.7",
        "origin": "http://localhost:4200",
        "sec-fetch-site": "same-site",
        "sec-fetch-mode": "cors",
        "sec-fetch-dest": "empty",
        "referer": "http://localhost:4200/",
        "accept-encoding": "gzip, deflate, br, zstd",
        "if-none-match": "W/\"139962-odzQoX/DVbwhBbL5wg82AAcCNIU\""
      },
      "remoteAddress": "::1",
      "remotePort": 63752
    }
    [35mcorrelationId[39m: "ui_gov_1774553706817"
    [35mres[39m: {
      "statusCode": 200,
      "headers": {
        "x-powered-by": "Express",
        "access-control-allow-origin": "*",
        "access-control-allow-credentials": "true",
        "x-correlation-id": "ui_gov_1774553706817",
        "content-type": "application/json; charset=utf-8",
        "content-length": "1284450",
        "etag": "W/\"139962-bQoKXMAU+yYTKcqdV+kXlj2e2Ac\""
      }
    }
    [35mresponseTime[39m: 875
[DEBUG] JWT Payload: {"sub":"0000-0000-0000","email":"superadmin-fallback@quetzaltic.local","role":"ADMIN","exp":1774634468}
[DEBUG] Authenticated Actor: superadmin-fallback@quetzaltic.local
[12:35:10.753] [32mINFO[39m (6280): [36mrequest completed[39m
    [35mreq[39m: {
      "id": 191,
      "method": "GET",
      "url": "/api/governance/lockdown/status",
      "query": {},
      "params": {
        "path": [
          "governance",
          "lockdown",
          "status"
        ]
      },
      "headers": {
        "host": "localhost:3333",
        "connection": "keep-alive",
        "x-actor": "superadmin-fallback@quetzaltic.local",
        "sec-ch-ua-platform": "\"Windows\"",
        "authorization": "Bearer eyJhbGciOiJIUzI1NiIsInR5cCI6IkpXVCJ9.eyJzdWIiOiIwMDAwLTAwMDAtMDAwMCIsImVtYWlsIjoic3VwZXJhZG1pbi1mYWxsYmFja0BxdWV0emFsdGljLmxvY2FsIiwicm9sZSI6IkFETUlOIiwiZXhwIjoxNzc0NjM0NDY4fQ.71bAuAgGefR9QsBusckXe9vf3-u3p2xGEvGAP2evfwo",
        "x-correlation-id": "ui_gov_1774553710687",
        "sec-ch-ua": "\"Chromium\";v=\"146\", \"Not-A.Brand\";v=\"24\", \"Brave\";v=\"146\"",
        "sec-ch-ua-mobile": "?0",
        "x-idempotency-key": "25cf4f94-0d34-40f0-bc64-53b171a86458",
        "user-agent": "Mozilla/5.0 (Windows NT 10.0; Win64; x64) AppleWebKit/537.36 (KHTML, like Gecko) Chrome/146.0.0.0 Safari/537.36",
        "accept": "application/json, text/plain, */*",
        "content-type": "application/json",
        "sec-gpc": "1",
        "accept-language": "es-ES,es;q=0.7",
        "origin": "http://localhost:4200",
        "sec-fetch-site": "same-site",
        "sec-fetch-mode": "cors",
        "sec-fetch-dest": "empty",
        "referer": "http://localhost:4200/",
        "accept-encoding": "gzip, deflate, br, zstd",
        "if-none-match": "W/\"7f-70HOvgY8bCO2hAf17VdH4+Nfwss\""
      },
      "remoteAddress": "::1",
      "remotePort": 63752
    }
    [35mcorrelationId[39m: "ui_gov_1774553710687"
    [35mres[39m: {
      "statusCode": 200,
      "headers": {
        "x-powered-by": "Express",
        "access-control-allow-origin": "*",
        "access-control-allow-credentials": "true",
        "x-correlation-id": "ui_gov_1774553710687",
        "content-type": "application/json; charset=utf-8",
        "content-length": "127",
        "etag": "W/\"7f-6CYWCjVwMdAUpVOMd55EG4iifxw\""
      }
    }
    [35mresponseTime[39m: 60
[DEBUG] JWT Payload: {"sub":"0000-0000-0000","email":"superadmin-fallback@quetzaltic.local","role":"ADMIN","exp":1774634468}
[DEBUG] Authenticated Actor: superadmin-fallback@quetzaltic.local
[12:35:15.743] [32mINFO[39m (6280): [36mrequest completed[39m
    [35mreq[39m: {
      "id": 192,
      "method": "GET",
      "url": "/api/governance/lockdown/status",
      "query": {},
      "params": {
        "path": [
          "governance",
          "lockdown",
          "status"
        ]
      },
      "headers": {
        "host": "localhost:3333",
        "connection": "keep-alive",
        "x-actor": "superadmin-fallback@quetzaltic.local",
        "sec-ch-ua-platform": "\"Windows\"",
        "authorization": "Bearer eyJhbGciOiJIUzI1NiIsInR5cCI6IkpXVCJ9.eyJzdWIiOiIwMDAwLTAwMDAtMDAwMCIsImVtYWlsIjoic3VwZXJhZG1pbi1mYWxsYmFja0BxdWV0emFsdGljLmxvY2FsIiwicm9sZSI6IkFETUlOIiwiZXhwIjoxNzc0NjM0NDY4fQ.71bAuAgGefR9QsBusckXe9vf3-u3p2xGEvGAP2evfwo",
        "x-correlation-id": "ui_gov_1774553715677",
        "sec-ch-ua": "\"Chromium\";v=\"146\", \"Not-A.Brand\";v=\"24\", \"Brave\";v=\"146\"",
        "sec-ch-ua-mobile": "?0",
        "x-idempotency-key": "1228598b-ce8e-4d7a-bf38-fca5a4f9ca4c",
        "user-agent": "Mozilla/5.0 (Windows NT 10.0; Win64; x64) AppleWebKit/537.36 (KHTML, like Gecko) Chrome/146.0.0.0 Safari/537.36",
        "accept": "application/json, text/plain, */*",
        "content-type": "application/json",
        "sec-gpc": "1",
        "accept-language": "es-ES,es;q=0.7",
        "origin": "http://localhost:4200",
        "sec-fetch-site": "same-site",
        "sec-fetch-mode": "cors",
        "sec-fetch-dest": "empty",
        "referer": "http://localhost:4200/",
        "accept-encoding": "gzip, deflate, br, zstd",
        "if-none-match": "W/\"7f-6CYWCjVwMdAUpVOMd55EG4iifxw\""
      },
      "remoteAddress": "::1",
      "remotePort": 63752
    }
    [35mcorrelationId[39m: "ui_gov_1774553715677"
    [35mres[39m: {
      "statusCode": 200,
      "headers": {
        "x-powered-by": "Express",
        "access-control-allow-origin": "*",
        "access-control-allow-credentials": "true",
        "x-correlation-id": "ui_gov_1774553715677",
        "content-type": "application/json; charset=utf-8",
        "content-length": "127",
        "etag": "W/\"7f-rM/7D8pXQF1x9CoGoypcGVgNmIM\""
      }
    }
    [35mresponseTime[39m: 58
[DEBUG] JWT Payload: {"sub":"0000-0000-0000","email":"superadmin-fallback@quetzaltic.local","role":"ADMIN","exp":1774634468}
[DEBUG] Authenticated Actor: superadmin-fallback@quetzaltic.local
[12:35:17.632] [32mINFO[39m (6280): [36mrequest completed[39m
    [35mreq[39m: {
      "id": 193,
      "method": "GET",
      "url": "/api/governance/audit-logs?ticketId=&actor=&tableName=&correlationId=&startDate=&endDate=&page=1&limit=8&includeSnapshots=true&grouped=true",
      "query": {
        "ticketId": "",
        "actor": "",
        "tableName": "",
        "correlationId": "",
        "startDate": "",
        "endDate": "",
        "page": "1",
        "limit": "8",
        "includeSnapshots": "true",
        "grouped": "true"
      },
      "params": {
        "path": [
          "governance",
          "audit-logs"
        ]
      },
      "headers": {
        "host": "localhost:3333",
        "connection": "keep-alive",
        "x-actor": "superadmin-fallback@quetzaltic.local",
        "sec-ch-ua-platform": "\"Windows\"",
        "authorization": "Bearer eyJhbGciOiJIUzI1NiIsInR5cCI6IkpXVCJ9.eyJzdWIiOiIwMDAwLTAwMDAtMDAwMCIsImVtYWlsIjoic3VwZXJhZG1pbi1mYWxsYmFja0BxdWV0emFsdGljLmxvY2FsIiwicm9sZSI6IkFETUlOIiwiZXhwIjoxNzc0NjM0NDY4fQ.71bAuAgGefR9QsBusckXe9vf3-u3p2xGEvGAP2evfwo",
        "x-correlation-id": "ui_gov_1774553716815",
        "sec-ch-ua": "\"Chromium\";v=\"146\", \"Not-A.Brand\";v=\"24\", \"Brave\";v=\"146\"",
        "sec-ch-ua-mobile": "?0",
        "x-idempotency-key": "99c6feb2-8788-495d-b6d4-0fd31e22e49f",
        "user-agent": "Mozilla/5.0 (Windows NT 10.0; Win64; x64) AppleWebKit/537.36 (KHTML, like Gecko) Chrome/146.0.0.0 Safari/537.36",
        "accept": "application/json, text/plain, */*",
        "content-type": "application/json",
        "sec-gpc": "1",
        "accept-language": "es-ES,es;q=0.7",
        "origin": "http://localhost:4200",
        "sec-fetch-site": "same-site",
        "sec-fetch-mode": "cors",
        "sec-fetch-dest": "empty",
        "referer": "http://localhost:4200/",
        "accept-encoding": "gzip, deflate, br, zstd",
        "if-none-match": "W/\"139962-bQoKXMAU+yYTKcqdV+kXlj2e2Ac\""
      },
      "remoteAddress": "::1",
      "remotePort": 63752
    }
    [35mcorrelationId[39m: "ui_gov_1774553716815"
    [35mres[39m: {
      "statusCode": 200,
      "headers": {
        "x-powered-by": "Express",
        "access-control-allow-origin": "*",
        "access-control-allow-credentials": "true",
        "x-correlation-id": "ui_gov_1774553716815",
        "content-type": "application/json; charset=utf-8",
        "content-length": "1284450",
        "etag": "W/\"139962-Hg3Pp9Z7Rpgofmrde9x+q8i4FSo\""
      }
    }
    [35mresponseTime[39m: 809
[DEBUG] JWT Payload: {"sub":"0000-0000-0000","email":"superadmin-fallback@quetzaltic.local","role":"ADMIN","exp":1774634468}
[DEBUG] Authenticated Actor: superadmin-fallback@quetzaltic.local
[12:35:20.754] [32mINFO[39m (6280): [36mrequest completed[39m
    [35mreq[39m: {
      "id": 194,
      "method": "GET",
      "url": "/api/governance/lockdown/status",
      "query": {},
      "params": {
        "path": [
          "governance",
          "lockdown",
          "status"
        ]
      },
      "headers": {
        "host": "localhost:3333",
        "connection": "keep-alive",
        "x-actor": "superadmin-fallback@quetzaltic.local",
        "sec-ch-ua-platform": "\"Windows\"",
        "authorization": "Bearer eyJhbGciOiJIUzI1NiIsInR5cCI6IkpXVCJ9.eyJzdWIiOiIwMDAwLTAwMDAtMDAwMCIsImVtYWlsIjoic3VwZXJhZG1pbi1mYWxsYmFja0BxdWV0emFsdGljLmxvY2FsIiwicm9sZSI6IkFETUlOIiwiZXhwIjoxNzc0NjM0NDY4fQ.71bAuAgGefR9QsBusckXe9vf3-u3p2xGEvGAP2evfwo",
        "x-correlation-id": "ui_gov_1774553720689",
        "sec-ch-ua": "\"Chromium\";v=\"146\", \"Not-A.Brand\";v=\"24\", \"Brave\";v=\"146\"",
        "sec-ch-ua-mobile": "?0",
        "x-idempotency-key": "34048493-6560-4fd6-984f-e7d61f3aa3dd",
        "user-agent": "Mozilla/5.0 (Windows NT 10.0; Win64; x64) AppleWebKit/537.36 (KHTML, like Gecko) Chrome/146.0.0.0 Safari/537.36",
        "accept": "application/json, text/plain, */*",
        "content-type": "application/json",
        "sec-gpc": "1",
        "accept-language": "es-ES,es;q=0.7",
        "origin": "http://localhost:4200",
        "sec-fetch-site": "same-site",
        "sec-fetch-mode": "cors",
        "sec-fetch-dest": "empty",
        "referer": "http://localhost:4200/",
        "accept-encoding": "gzip, deflate, br, zstd",
        "if-none-match": "W/\"7f-rM/7D8pXQF1x9CoGoypcGVgNmIM\""
      },
      "remoteAddress": "::1",
      "remotePort": 63752
    }
    [35mcorrelationId[39m: "ui_gov_1774553720689"
    [35mres[39m: {
      "statusCode": 200,
      "headers": {
        "x-powered-by": "Express",
        "access-control-allow-origin": "*",
        "access-control-allow-credentials": "true",
        "x-correlation-id": "ui_gov_1774553720689",
        "content-type": "application/json; charset=utf-8",
        "content-length": "127",
        "etag": "W/\"7f-Vwo/u5QNZRk2GaY5OUZFGibudrU\""
      }
    }
    [35mresponseTime[39m: 59
[DEBUG] JWT Payload: {"sub":"0000-0000-0000","email":"superadmin-fallback@quetzaltic.local","role":"ADMIN","exp":1774634468}
[DEBUG] Authenticated Actor: superadmin-fallback@quetzaltic.local
[DEBUG] JWT Payload: {"sub":"0000-0000-0000","email":"superadmin-fallback@quetzaltic.local","role":"ADMIN","exp":1774634468}
[DEBUG] Authenticated Actor: superadmin-fallback@quetzaltic.local
[12:35:25.778] [32mINFO[39m (6280): [36mrequest completed[39m
    [35mreq[39m: {
      "id": 195,
      "method": "GET",
      "url": "/api/governance/stats",
      "query": {},
      "params": {
        "path": [
          "governance",
          "stats"
        ]
      },
      "headers": {
        "host": "localhost:3333",
        "connection": "keep-alive",
        "x-actor": "superadmin-fallback@quetzaltic.local",
        "sec-ch-ua-platform": "\"Windows\"",
        "authorization": "Bearer eyJhbGciOiJIUzI1NiIsInR5cCI6IkpXVCJ9.eyJzdWIiOiIwMDAwLTAwMDAtMDAwMCIsImVtYWlsIjoic3VwZXJhZG1pbi1mYWxsYmFja0BxdWV0emFsdGljLmxvY2FsIiwicm9sZSI6IkFETUlOIiwiZXhwIjoxNzc0NjM0NDY4fQ.71bAuAgGefR9QsBusckXe9vf3-u3p2xGEvGAP2evfwo",
        "x-correlation-id": "ui_gov_1774553725631",
        "sec-ch-ua": "\"Chromium\";v=\"146\", \"Not-A.Brand\";v=\"24\", \"Brave\";v=\"146\"",
        "sec-ch-ua-mobile": "?0",
        "x-idempotency-key": "d0aa6d86-353a-48bf-9e59-12087510a73a",
        "user-agent": "Mozilla/5.0 (Windows NT 10.0; Win64; x64) AppleWebKit/537.36 (KHTML, like Gecko) Chrome/146.0.0.0 Safari/537.36",
        "accept": "application/json, text/plain, */*",
        "content-type": "application/json",
        "sec-gpc": "1",
        "accept-language": "es-ES,es;q=0.7",
        "origin": "http://localhost:4200",
        "sec-fetch-site": "same-site",
        "sec-fetch-mode": "cors",
        "sec-fetch-dest": "empty",
        "referer": "http://localhost:4200/",
        "accept-encoding": "gzip, deflate, br, zstd",
        "if-none-match": "W/\"c4-BC/fjKa97FygZ+T50JCWCqrHhao\""
      },
      "remoteAddress": "::1",
      "remotePort": 63752
    }
    [35mcorrelationId[39m: "ui_gov_1774553725631"
    [35mres[39m: {
      "statusCode": 200,
      "headers": {
        "x-powered-by": "Express",
        "access-control-allow-origin": "*",
        "access-control-allow-credentials": "true",
        "x-correlation-id": "ui_gov_1774553725631",
        "content-type": "application/json; charset=utf-8",
        "content-length": "196",
        "etag": "W/\"c4-ggcN7rBYqVI7UeymeBmwu+cUOL0\""
      }
    }
    [35mresponseTime[39m: 139
[12:35:25.803] [32mINFO[39m (6280): [36mrequest completed[39m
    [35mreq[39m: {
      "id": 196,
      "method": "GET",
      "url": "/api/governance/lockdown/status",
      "query": {},
      "params": {
        "path": [
          "governance",
          "lockdown",
          "status"
        ]
      },
      "headers": {
        "host": "localhost:3333",
        "connection": "keep-alive",
        "x-actor": "superadmin-fallback@quetzaltic.local",
        "sec-ch-ua-platform": "\"Windows\"",
        "authorization": "Bearer eyJhbGciOiJIUzI1NiIsInR5cCI6IkpXVCJ9.eyJzdWIiOiIwMDAwLTAwMDAtMDAwMCIsImVtYWlsIjoic3VwZXJhZG1pbi1mYWxsYmFja0BxdWV0emFsdGljLmxvY2FsIiwicm9sZSI6IkFETUlOIiwiZXhwIjoxNzc0NjM0NDY4fQ.71bAuAgGefR9QsBusckXe9vf3-u3p2xGEvGAP2evfwo",
        "x-correlation-id": "ui_gov_1774553725678",
        "sec-ch-ua": "\"Chromium\";v=\"146\", \"Not-A.Brand\";v=\"24\", \"Brave\";v=\"146\"",
        "sec-ch-ua-mobile": "?0",
        "x-idempotency-key": "62086e01-0734-47bd-b184-e3dabe07123a",
        "user-agent": "Mozilla/5.0 (Windows NT 10.0; Win64; x64) AppleWebKit/537.36 (KHTML, like Gecko) Chrome/146.0.0.0 Safari/537.36",
        "accept": "application/json, text/plain, */*",
        "content-type": "application/json",
        "sec-gpc": "1",
        "accept-language": "es-ES,es;q=0.7",
        "origin": "http://localhost:4200",
        "sec-fetch-site": "same-site",
        "sec-fetch-mode": "cors",
        "sec-fetch-dest": "empty",
        "referer": "http://localhost:4200/",
        "accept-encoding": "gzip, deflate, br, zstd",
        "if-none-match": "W/\"7f-Vwo/u5QNZRk2GaY5OUZFGibudrU\""
      },
      "remoteAddress": "::1",
      "remotePort": 61112
    }
    [35mcorrelationId[39m: "ui_gov_1774553725678"
    [35mres[39m: {
      "statusCode": 200,
      "headers": {
        "x-powered-by": "Express",
        "access-control-allow-origin": "*",
        "access-control-allow-credentials": "true",
        "x-correlation-id": "ui_gov_1774553725678",
        "content-type": "application/json; charset=utf-8",
        "content-length": "127",
        "etag": "W/\"7f-uZFLcKg2FrDw7eWYT6H6EmQMgUY\""
      }
    }
    [35mresponseTime[39m: 116
[DEBUG] JWT Payload: {"sub":"0000-0000-0000","email":"superadmin-fallback@quetzaltic.local","role":"ADMIN","exp":1774634468}
[DEBUG] Authenticated Actor: superadmin-fallback@quetzaltic.local
[12:35:27.736] [32mINFO[39m (6280): [36mrequest completed[39m
    [35mreq[39m: {
      "id": 197,
      "method": "GET",
      "url": "/api/governance/audit-logs?ticketId=&actor=&tableName=&correlationId=&startDate=&endDate=&page=1&limit=8&includeSnapshots=true&grouped=true",
      "query": {
        "ticketId": "",
        "actor": "",
        "tableName": "",
        "correlationId": "",
        "startDate": "",
        "endDate": "",
        "page": "1",
        "limit": "8",
        "includeSnapshots": "true",
        "grouped": "true"
      },
      "params": {
        "path": [
          "governance",
          "audit-logs"
        ]
      },
      "headers": {
        "host": "localhost:3333",
        "connection": "keep-alive",
        "x-actor": "superadmin-fallback@quetzaltic.local",
        "sec-ch-ua-platform": "\"Windows\"",
        "authorization": "Bearer eyJhbGciOiJIUzI1NiIsInR5cCI6IkpXVCJ9.eyJzdWIiOiIwMDAwLTAwMDAtMDAwMCIsImVtYWlsIjoic3VwZXJhZG1pbi1mYWxsYmFja0BxdWV0emFsdGljLmxvY2FsIiwicm9sZSI6IkFETUlOIiwiZXhwIjoxNzc0NjM0NDY4fQ.71bAuAgGefR9QsBusckXe9vf3-u3p2xGEvGAP2evfwo",
        "x-correlation-id": "ui_gov_1774553726821",
        "sec-ch-ua": "\"Chromium\";v=\"146\", \"Not-A.Brand\";v=\"24\", \"Brave\";v=\"146\"",
        "sec-ch-ua-mobile": "?0",
        "x-idempotency-key": "bddf4f99-83ec-4ad7-8e1d-2a70448f2934",
        "user-agent": "Mozilla/5.0 (Windows NT 10.0; Win64; x64) AppleWebKit/537.36 (KHTML, like Gecko) Chrome/146.0.0.0 Safari/537.36",
        "accept": "application/json, text/plain, */*",
        "content-type": "application/json",
        "sec-gpc": "1",
        "accept-language": "es-ES,es;q=0.7",
        "origin": "http://localhost:4200",
        "sec-fetch-site": "same-site",
        "sec-fetch-mode": "cors",
        "sec-fetch-dest": "empty",
        "referer": "http://localhost:4200/",
        "accept-encoding": "gzip, deflate, br, zstd",
        "if-none-match": "W/\"139962-Hg3Pp9Z7Rpgofmrde9x+q8i4FSo\""
      },
      "remoteAddress": "::1",
      "remotePort": 61112
    }
    [35mcorrelationId[39m: "ui_gov_1774553726821"
    [35mres[39m: {
      "statusCode": 200,
      "headers": {
        "x-powered-by": "Express",
        "access-control-allow-origin": "*",
        "access-control-allow-credentials": "true",
        "x-correlation-id": "ui_gov_1774553726821",
        "content-type": "application/json; charset=utf-8",
        "content-length": "1284450",
        "etag": "W/\"139962-FKqkJf4Nvuud3gQcz8WWxAFTsv0\""
      }
    }
    [35mresponseTime[39m: 905
[DEBUG] JWT Payload: {"sub":"0000-0000-0000","email":"superadmin-fallback@quetzaltic.local","role":"ADMIN","exp":1774634468}
[DEBUG] Authenticated Actor: superadmin-fallback@quetzaltic.local
[12:35:30.745] [32mINFO[39m (6280): [36mrequest completed[39m
    [35mreq[39m: {
      "id": 198,
      "method": "GET",
      "url": "/api/governance/lockdown/status",
      "query": {},
      "params": {
        "path": [
          "governance",
          "lockdown",
          "status"
        ]
      },
      "headers": {
        "host": "localhost:3333",
        "connection": "keep-alive",
        "x-actor": "superadmin-fallback@quetzaltic.local",
        "sec-ch-ua-platform": "\"Windows\"",
        "authorization": "Bearer eyJhbGciOiJIUzI1NiIsInR5cCI6IkpXVCJ9.eyJzdWIiOiIwMDAwLTAwMDAtMDAwMCIsImVtYWlsIjoic3VwZXJhZG1pbi1mYWxsYmFja0BxdWV0emFsdGljLmxvY2FsIiwicm9sZSI6IkFETUlOIiwiZXhwIjoxNzc0NjM0NDY4fQ.71bAuAgGefR9QsBusckXe9vf3-u3p2xGEvGAP2evfwo",
        "x-correlation-id": "ui_gov_1774553730681",
        "sec-ch-ua": "\"Chromium\";v=\"146\", \"Not-A.Brand\";v=\"24\", \"Brave\";v=\"146\"",
        "sec-ch-ua-mobile": "?0",
        "x-idempotency-key": "00b4ea42-07ad-42c1-89ab-6ac507951b81",
        "user-agent": "Mozilla/5.0 (Windows NT 10.0; Win64; x64) AppleWebKit/537.36 (KHTML, like Gecko) Chrome/146.0.0.0 Safari/537.36",
        "accept": "application/json, text/plain, */*",
        "content-type": "application/json",
        "sec-gpc": "1",
        "accept-language": "es-ES,es;q=0.7",
        "origin": "http://localhost:4200",
        "sec-fetch-site": "same-site",
        "sec-fetch-mode": "cors",
        "sec-fetch-dest": "empty",
        "referer": "http://localhost:4200/",
        "accept-encoding": "gzip, deflate, br, zstd",
        "if-none-match": "W/\"7f-uZFLcKg2FrDw7eWYT6H6EmQMgUY\""
      },
      "remoteAddress": "::1",
      "remotePort": 61112
    }
    [35mcorrelationId[39m: "ui_gov_1774553730681"
    [35mres[39m: {
      "statusCode": 200,
      "headers": {
        "x-powered-by": "Express",
        "access-control-allow-origin": "*",
        "access-control-allow-credentials": "true",
        "x-correlation-id": "ui_gov_1774553730681",
        "content-type": "application/json; charset=utf-8",
        "content-length": "127",
        "etag": "W/\"7f-s8OGlIVhOK5Zx8aeA8Ku+uO3vXI\""
      }
    }
    [35mresponseTime[39m: 57
[DEBUG] JWT Payload: {"sub":"0000-0000-0000","email":"superadmin-fallback@quetzaltic.local","role":"ADMIN","exp":1774634468}
[DEBUG] Authenticated Actor: superadmin-fallback@quetzaltic.local
[12:35:35.754] [32mINFO[39m (6280): [36mrequest completed[39m
    [35mreq[39m: {
      "id": 199,
      "method": "GET",
      "url": "/api/governance/lockdown/status",
      "query": {},
      "params": {
        "path": [
          "governance",
          "lockdown",
          "status"
        ]
      },
      "headers": {
        "host": "localhost:3333",
        "connection": "keep-alive",
        "x-actor": "superadmin-fallback@quetzaltic.local",
        "sec-ch-ua-platform": "\"Windows\"",
        "authorization": "Bearer eyJhbGciOiJIUzI1NiIsInR5cCI6IkpXVCJ9.eyJzdWIiOiIwMDAwLTAwMDAtMDAwMCIsImVtYWlsIjoic3VwZXJhZG1pbi1mYWxsYmFja0BxdWV0emFsdGljLmxvY2FsIiwicm9sZSI6IkFETUlOIiwiZXhwIjoxNzc0NjM0NDY4fQ.71bAuAgGefR9QsBusckXe9vf3-u3p2xGEvGAP2evfwo",
        "x-correlation-id": "ui_gov_1774553735683",
        "sec-ch-ua": "\"Chromium\";v=\"146\", \"Not-A.Brand\";v=\"24\", \"Brave\";v=\"146\"",
        "sec-ch-ua-mobile": "?0",
        "x-idempotency-key": "b31f19b3-8ce2-484e-a119-e34bfd18dc1e",
        "user-agent": "Mozilla/5.0 (Windows NT 10.0; Win64; x64) AppleWebKit/537.36 (KHTML, like Gecko) Chrome/146.0.0.0 Safari/537.36",
        "accept": "application/json, text/plain, */*",
        "content-type": "application/json",
        "sec-gpc": "1",
        "accept-language": "es-ES,es;q=0.7",
        "origin": "http://localhost:4200",
        "sec-fetch-site": "same-site",
        "sec-fetch-mode": "cors",
        "sec-fetch-dest": "empty",
        "referer": "http://localhost:4200/",
        "accept-encoding": "gzip, deflate, br, zstd",
        "if-none-match": "W/\"7f-s8OGlIVhOK5Zx8aeA8Ku+uO3vXI\""
      },
      "remoteAddress": "::1",
      "remotePort": 61112
    }
    [35mcorrelationId[39m: "ui_gov_1774553735683"
    [35mres[39m: {
      "statusCode": 200,
      "headers": {
        "x-powered-by": "Express",
        "access-control-allow-origin": "*",
        "access-control-allow-credentials": "true",
        "x-correlation-id": "ui_gov_1774553735683",
        "content-type": "application/json; charset=utf-8",
        "content-length": "127",
        "etag": "W/\"7f-d1ifxErEWWQKCReeB1LMlFZl4rs\""
      }
    }
    [35mresponseTime[39m: 67
[DEBUG] JWT Payload: {"sub":"0000-0000-0000","email":"superadmin-fallback@quetzaltic.local","role":"ADMIN","exp":1774634468}
[DEBUG] Authenticated Actor: superadmin-fallback@quetzaltic.local
[DEBUG] JWT Payload: {"sub":"0000-0000-0000","email":"superadmin-fallback@quetzaltic.local","role":"ADMIN","exp":1774634468}
[DEBUG] Authenticated Actor: superadmin-fallback@quetzaltic.local
[12:35:38.456] [32mINFO[39m (6280): [36mrequest completed[39m
    [35mreq[39m: {
      "id": 200,
      "method": "GET",
      "url": "/api/governance/stats",
      "query": {},
      "params": {
        "path": [
          "governance",
          "stats"
        ]
      },
      "headers": {
        "host": "localhost:3333",
        "connection": "keep-alive",
        "x-actor": "superadmin-fallback@quetzaltic.local",
        "sec-ch-ua-platform": "\"Windows\"",
        "authorization": "Bearer eyJhbGciOiJIUzI1NiIsInR5cCI6IkpXVCJ9.eyJzdWIiOiIwMDAwLTAwMDAtMDAwMCIsImVtYWlsIjoic3VwZXJhZG1pbi1mYWxsYmFja0BxdWV0emFsdGljLmxvY2FsIiwicm9sZSI6IkFETUlOIiwiZXhwIjoxNzc0NjM0NDY4fQ.71bAuAgGefR9QsBusckXe9vf3-u3p2xGEvGAP2evfwo",
        "x-correlation-id": "ui_gov_1774553736810",
        "sec-ch-ua": "\"Chromium\";v=\"146\", \"Not-A.Brand\";v=\"24\", \"Brave\";v=\"146\"",
        "sec-ch-ua-mobile": "?0",
        "x-idempotency-key": "63dff23c-13d9-4865-b769-e84e31747eca",
        "user-agent": "Mozilla/5.0 (Windows NT 10.0; Win64; x64) AppleWebKit/537.36 (KHTML, like Gecko) Chrome/146.0.0.0 Safari/537.36",
        "accept": "application/json, text/plain, */*",
        "content-type": "application/json",
        "sec-gpc": "1",
        "accept-language": "es-ES,es;q=0.7",
        "origin": "http://localhost:4200",
        "sec-fetch-site": "same-site",
        "sec-fetch-mode": "cors",
        "sec-fetch-dest": "empty",
        "referer": "http://localhost:4200/",
        "accept-encoding": "gzip, deflate, br, zstd",
        "if-none-match": "W/\"c4-ggcN7rBYqVI7UeymeBmwu+cUOL0\""
      },
      "remoteAddress": "::1",
      "remotePort": 61112
    }
    [35mcorrelationId[39m: "ui_gov_1774553736810"
    [35mres[39m: {
      "statusCode": 200,
      "headers": {
        "x-powered-by": "Express",
        "access-control-allow-origin": "*",
        "access-control-allow-credentials": "true",
        "x-correlation-id": "ui_gov_1774553736810",
        "content-type": "application/json; charset=utf-8",
        "content-length": "196",
        "etag": "W/\"c4-3KHsr2tisInxuW0kps69CwdgjDQ\""
      }
    }
    [35mresponseTime[39m: 74
[DEBUG] JWT Payload: {"sub":"0000-0000-0000","email":"superadmin-fallback@quetzaltic.local","role":"ADMIN","exp":1774634468}
[DEBUG] Authenticated Actor: superadmin-fallback@quetzaltic.local
[12:35:38.532] [32mINFO[39m (6280): [36mrequest completed[39m
    [35mreq[39m: {
      "id": 202,
      "method": "GET",
      "url": "/api/governance/stats",
      "query": {},
      "params": {
        "path": [
          "governance",
          "stats"
        ]
      },
      "headers": {
        "host": "localhost:3333",
        "connection": "keep-alive",
        "x-actor": "superadmin-fallback@quetzaltic.local",
        "sec-ch-ua-platform": "\"Windows\"",
        "authorization": "Bearer eyJhbGciOiJIUzI1NiIsInR5cCI6IkpXVCJ9.eyJzdWIiOiIwMDAwLTAwMDAtMDAwMCIsImVtYWlsIjoic3VwZXJhZG1pbi1mYWxsYmFja0BxdWV0emFsdGljLmxvY2FsIiwicm9sZSI6IkFETUlOIiwiZXhwIjoxNzc0NjM0NDY4fQ.71bAuAgGefR9QsBusckXe9vf3-u3p2xGEvGAP2evfwo",
        "x-correlation-id": "ui_gov_1774553736811",
        "sec-ch-ua": "\"Chromium\";v=\"146\", \"Not-A.Brand\";v=\"24\", \"Brave\";v=\"146\"",
        "sec-ch-ua-mobile": "?0",
        "x-idempotency-key": "1168a8c1-5b16-4a0e-83db-fa5c8c38fe12",
        "user-agent": "Mozilla/5.0 (Windows NT 10.0; Win64; x64) AppleWebKit/537.36 (KHTML, like Gecko) Chrome/146.0.0.0 Safari/537.36",
        "accept": "application/json, text/plain, */*",
        "content-type": "application/json",
        "sec-gpc": "1",
        "accept-language": "es-ES,es;q=0.7",
        "origin": "http://localhost:4200",
        "sec-fetch-site": "same-site",
        "sec-fetch-mode": "cors",
        "sec-fetch-dest": "empty",
        "referer": "http://localhost:4200/",
        "accept-encoding": "gzip, deflate, br, zstd",
        "if-none-match": "W/\"c4-3KHsr2tisInxuW0kps69CwdgjDQ\""
      },
      "remoteAddress": "::1",
      "remotePort": 61112
    }
    [35mcorrelationId[39m: "ui_gov_1774553736811"
    [35mres[39m: {
      "statusCode": 200,
      "headers": {
        "x-powered-by": "Express",
        "access-control-allow-origin": "*",
        "access-control-allow-credentials": "true",
        "x-correlation-id": "ui_gov_1774553736811",
        "content-type": "application/json; charset=utf-8",
        "content-length": "196",
        "etag": "W/\"c4-516DpCVX8pcpEs3pv3kZUKZ2cZ0\""
      }
    }
    [35mresponseTime[39m: 71
[12:35:39.232] [32mINFO[39m (6280): [36mrequest completed[39m
    [35mreq[39m: {
      "id": 201,
      "method": "GET",
      "url": "/api/governance/audit-logs?ticketId=&actor=&tableName=&correlationId=&startDate=&endDate=&page=1&limit=8&includeSnapshots=true&grouped=true",
      "query": {
        "ticketId": "",
        "actor": "",
        "tableName": "",
        "correlationId": "",
        "startDate": "",
        "endDate": "",
        "page": "1",
        "limit": "8",
        "includeSnapshots": "true",
        "grouped": "true"
      },
      "params": {
        "path": [
          "governance",
          "audit-logs"
        ]
      },
      "headers": {
        "host": "localhost:3333",
        "connection": "keep-alive",
        "x-actor": "superadmin-fallback@quetzaltic.local",
        "sec-ch-ua-platform": "\"Windows\"",
        "authorization": "Bearer eyJhbGciOiJIUzI1NiIsInR5cCI6IkpXVCJ9.eyJzdWIiOiIwMDAwLTAwMDAtMDAwMCIsImVtYWlsIjoic3VwZXJhZG1pbi1mYWxsYmFja0BxdWV0emFsdGljLmxvY2FsIiwicm9sZSI6IkFETUlOIiwiZXhwIjoxNzc0NjM0NDY4fQ.71bAuAgGefR9QsBusckXe9vf3-u3p2xGEvGAP2evfwo",
        "x-correlation-id": "ui_gov_1774553736812",
        "sec-ch-ua": "\"Chromium\";v=\"146\", \"Not-A.Brand\";v=\"24\", \"Brave\";v=\"146\"",
        "sec-ch-ua-mobile": "?0",
        "x-idempotency-key": "b67cdbbd-765f-46ce-9a22-a5124f7844c0",
        "user-agent": "Mozilla/5.0 (Windows NT 10.0; Win64; x64) AppleWebKit/537.36 (KHTML, like Gecko) Chrome/146.0.0.0 Safari/537.36",
        "accept": "application/json, text/plain, */*",
        "content-type": "application/json",
        "sec-gpc": "1",
        "accept-language": "es-ES,es;q=0.7",
        "origin": "http://localhost:4200",
        "sec-fetch-site": "same-site",
        "sec-fetch-mode": "cors",
        "sec-fetch-dest": "empty",
        "referer": "http://localhost:4200/",
        "accept-encoding": "gzip, deflate, br, zstd",
        "if-none-match": "W/\"139962-FKqkJf4Nvuud3gQcz8WWxAFTsv0\""
      },
      "remoteAddress": "::1",
      "remotePort": 50060
    }
    [35mcorrelationId[39m: "ui_gov_1774553736812"
    [35mres[39m: {
      "statusCode": 200,
      "headers": {
        "x-powered-by": "Express",
        "access-control-allow-origin": "*",
        "access-control-allow-credentials": "true",
        "x-correlation-id": "ui_gov_1774553736812",
        "content-type": "application/json; charset=utf-8",
        "content-length": "1284450",
        "etag": "W/\"139962-grSxqIx8dglQelixNnxB48hE54w\""
      }
    }
    [35mresponseTime[39m: 847
[DEBUG] JWT Payload: {"sub":"0000-0000-0000","email":"superadmin-fallback@quetzaltic.local","role":"ADMIN","exp":1774634468}
[DEBUG] Authenticated Actor: superadmin-fallback@quetzaltic.local
[12:35:40.755] [32mINFO[39m (6280): [36mrequest completed[39m
    [35mreq[39m: {
      "id": 203,
      "method": "GET",
      "url": "/api/governance/lockdown/status",
      "query": {},
      "params": {
        "path": [
          "governance",
          "lockdown",
          "status"
        ]
      },
      "headers": {
        "host": "localhost:3333",
        "connection": "keep-alive",
        "x-actor": "superadmin-fallback@quetzaltic.local",
        "sec-ch-ua-platform": "\"Windows\"",
        "authorization": "Bearer eyJhbGciOiJIUzI1NiIsInR5cCI6IkpXVCJ9.eyJzdWIiOiIwMDAwLTAwMDAtMDAwMCIsImVtYWlsIjoic3VwZXJhZG1pbi1mYWxsYmFja0BxdWV0emFsdGljLmxvY2FsIiwicm9sZSI6IkFETUlOIiwiZXhwIjoxNzc0NjM0NDY4fQ.71bAuAgGefR9QsBusckXe9vf3-u3p2xGEvGAP2evfwo",
        "x-correlation-id": "ui_gov_1774553740688",
        "sec-ch-ua": "\"Chromium\";v=\"146\", \"Not-A.Brand\";v=\"24\", \"Brave\";v=\"146\"",
        "sec-ch-ua-mobile": "?0",
        "x-idempotency-key": "16659143-684d-4604-b9fd-86c660a56605",
        "user-agent": "Mozilla/5.0 (Windows NT 10.0; Win64; x64) AppleWebKit/537.36 (KHTML, like Gecko) Chrome/146.0.0.0 Safari/537.36",
        "accept": "application/json, text/plain, */*",
        "content-type": "application/json",
        "sec-gpc": "1",
        "accept-language": "es-ES,es;q=0.7",
        "origin": "http://localhost:4200",
        "sec-fetch-site": "same-site",
        "sec-fetch-mode": "cors",
        "sec-fetch-dest": "empty",
        "referer": "http://localhost:4200/",
        "accept-encoding": "gzip, deflate, br, zstd",
        "if-none-match": "W/\"7f-d1ifxErEWWQKCReeB1LMlFZl4rs\""
      },
      "remoteAddress": "::1",
      "remotePort": 50060
    }
    [35mcorrelationId[39m: "ui_gov_1774553740688"
    [35mres[39m: {
      "statusCode": 200,
      "headers": {
        "x-powered-by": "Express",
        "access-control-allow-origin": "*",
        "access-control-allow-credentials": "true",
        "x-correlation-id": "ui_gov_1774553740688",
        "content-type": "application/json; charset=utf-8",
        "content-length": "127",
        "etag": "W/\"7f-bYZNcZRofbpXKY7Sbd8h6zARcxE\""
      }
    }
    [35mresponseTime[39m: 57
[DEBUG] JWT Payload: {"sub":"0000-0000-0000","email":"superadmin-fallback@quetzaltic.local","role":"ADMIN","exp":1774634468}
[DEBUG] Authenticated Actor: superadmin-fallback@quetzaltic.local
[12:35:45.793] [32mINFO[39m (6280): [36mrequest completed[39m
    [35mreq[39m: {
      "id": 204,
      "method": "GET",
      "url": "/api/governance/lockdown/status",
      "query": {},
      "params": {
        "path": [
          "governance",
          "lockdown",
          "status"
        ]
      },
      "headers": {
        "host": "localhost:3333",
        "connection": "keep-alive",
        "x-actor": "superadmin-fallback@quetzaltic.local",
        "sec-ch-ua-platform": "\"Windows\"",
        "authorization": "Bearer eyJhbGciOiJIUzI1NiIsInR5cCI6IkpXVCJ9.eyJzdWIiOiIwMDAwLTAwMDAtMDAwMCIsImVtYWlsIjoic3VwZXJhZG1pbi1mYWxsYmFja0BxdWV0emFsdGljLmxvY2FsIiwicm9sZSI6IkFETUlOIiwiZXhwIjoxNzc0NjM0NDY4fQ.71bAuAgGefR9QsBusckXe9vf3-u3p2xGEvGAP2evfwo",
        "x-correlation-id": "ui_gov_1774553745677",
        "sec-ch-ua": "\"Chromium\";v=\"146\", \"Not-A.Brand\";v=\"24\", \"Brave\";v=\"146\"",
        "sec-ch-ua-mobile": "?0",
        "x-idempotency-key": "58b67b61-3a45-417b-8ff4-1bcdf6f3b51b",
        "user-agent": "Mozilla/5.0 (Windows NT 10.0; Win64; x64) AppleWebKit/537.36 (KHTML, like Gecko) Chrome/146.0.0.0 Safari/537.36",
        "accept": "application/json, text/plain, */*",
        "content-type": "application/json",
        "sec-gpc": "1",
        "accept-language": "es-ES,es;q=0.7",
        "origin": "http://localhost:4200",
        "sec-fetch-site": "same-site",
        "sec-fetch-mode": "cors",
        "sec-fetch-dest": "empty",
        "referer": "http://localhost:4200/",
        "accept-encoding": "gzip, deflate, br, zstd",
        "if-none-match": "W/\"7f-bYZNcZRofbpXKY7Sbd8h6zARcxE\""
      },
      "remoteAddress": "::1",
      "remotePort": 50060
    }
    [35mcorrelationId[39m: "ui_gov_1774553745677"
    [35mres[39m: {
      "statusCode": 200,
      "headers": {
        "x-powered-by": "Express",
        "access-control-allow-origin": "*",
        "access-control-allow-credentials": "true",
        "x-correlation-id": "ui_gov_1774553745677",
        "content-type": "application/json; charset=utf-8",
        "content-length": "127",
        "etag": "W/\"7f-FfG9vEZ2t1HvXACyKo10bBM6XvM\""
      }
    }
    [35mresponseTime[39m: 112
[DEBUG] JWT Payload: {"sub":"0000-0000-0000","email":"superadmin-fallback@quetzaltic.local","role":"ADMIN","exp":1774634468}
[DEBUG] Authenticated Actor: superadmin-fallback@quetzaltic.local
[12:35:47.708] [32mINFO[39m (6280): [36mrequest completed[39m
    [35mreq[39m: {
      "id": 205,
      "method": "GET",
      "url": "/api/governance/audit-logs?ticketId=&actor=&tableName=&correlationId=&startDate=&endDate=&page=1&limit=8&includeSnapshots=true&grouped=true",
      "query": {
        "ticketId": "",
        "actor": "",
        "tableName": "",
        "correlationId": "",
        "startDate": "",
        "endDate": "",
        "page": "1",
        "limit": "8",
        "includeSnapshots": "true",
        "grouped": "true"
      },
      "params": {
        "path": [
          "governance",
          "audit-logs"
        ]
      },
      "headers": {
        "host": "localhost:3333",
        "connection": "keep-alive",
        "x-actor": "superadmin-fallback@quetzaltic.local",
        "sec-ch-ua-platform": "\"Windows\"",
        "authorization": "Bearer eyJhbGciOiJIUzI1NiIsInR5cCI6IkpXVCJ9.eyJzdWIiOiIwMDAwLTAwMDAtMDAwMCIsImVtYWlsIjoic3VwZXJhZG1pbi1mYWxsYmFja0BxdWV0emFsdGljLmxvY2FsIiwicm9sZSI6IkFETUlOIiwiZXhwIjoxNzc0NjM0NDY4fQ.71bAuAgGefR9QsBusckXe9vf3-u3p2xGEvGAP2evfwo",
        "x-correlation-id": "ui_gov_1774553746823",
        "sec-ch-ua": "\"Chromium\";v=\"146\", \"Not-A.Brand\";v=\"24\", \"Brave\";v=\"146\"",
        "sec-ch-ua-mobile": "?0",
        "x-idempotency-key": "9044133f-5b5b-48b4-a58a-77e06559a5b9",
        "user-agent": "Mozilla/5.0 (Windows NT 10.0; Win64; x64) AppleWebKit/537.36 (KHTML, like Gecko) Chrome/146.0.0.0 Safari/537.36",
        "accept": "application/json, text/plain, */*",
        "content-type": "application/json",
        "sec-gpc": "1",
        "accept-language": "es-ES,es;q=0.7",
        "origin": "http://localhost:4200",
        "sec-fetch-site": "same-site",
        "sec-fetch-mode": "cors",
        "sec-fetch-dest": "empty",
        "referer": "http://localhost:4200/",
        "accept-encoding": "gzip, deflate, br, zstd",
        "if-none-match": "W/\"139962-grSxqIx8dglQelixNnxB48hE54w\""
      },
      "remoteAddress": "::1",
      "remotePort": 50060
    }
    [35mcorrelationId[39m: "ui_gov_1774553746823"
    [35mres[39m: {
      "statusCode": 200,
      "headers": {
        "x-powered-by": "Express",
        "access-control-allow-origin": "*",
        "access-control-allow-credentials": "true",
        "x-correlation-id": "ui_gov_1774553746823",
        "content-type": "application/json; charset=utf-8",
        "content-length": "1284450",
        "etag": "W/\"139962-cnFkbb1OWio/J28pTbBruSPiowQ\""
      }
    }
    [35mresponseTime[39m: 879
[DEBUG] JWT Payload: {"sub":"323eac7b-615e-4bb2-b4da-1327cd63a13b","email":"oscar","role":"OPERATOR","exp":1774634503}
[DEBUG] Authenticated Actor: oscar
[DEBUG] JWT Payload: {"sub":"0000-0000-0000","email":"superadmin-fallback@quetzaltic.local","role":"ADMIN","exp":1774638639}
[DEBUG] Authenticated Actor: superadmin-fallback@quetzaltic.local
[12:35:47.901] [32mINFO[39m (6280): [36mrequest completed[39m
    [35mreq[39m: {
      "id": 206,
      "method": "GET",
      "url": "/api/governance/lockdown/status",
      "query": {},
      "params": {
        "path": [
          "governance",
          "lockdown",
          "status"
        ]
      },
      "headers": {
        "host": "localhost:3333",
        "connection": "keep-alive",
        "x-actor": "oscar",
        "sec-ch-ua-platform": "\"Windows\"",
        "authorization": "Bearer eyJhbGciOiJIUzI1NiIsInR5cCI6IkpXVCJ9.eyJzdWIiOiIzMjNlYWM3Yi02MTVlLTRiYjItYjRkYS0xMzI3Y2Q2M2ExM2IiLCJlbWFpbCI6Im9zY2FyIiwicm9sZSI6Ik9QRVJBVE9SIiwiZXhwIjoxNzc0NjM0NTAzfQ.J7klEKAA3C-Tm9Gl19iwGBgwv3ylSn9-YLxh_vQ7hXE",
        "x-correlation-id": "ui_gov_1774553747730",
        "sec-ch-ua": "\"Chromium\";v=\"146\", \"Not-A.Brand\";v=\"24\", \"Brave\";v=\"146\"",
        "sec-ch-ua-mobile": "?0",
        "x-idempotency-key": "9eb0857a-1339-4c69-942b-06b0a8a17a56",
        "user-agent": "Mozilla/5.0 (Windows NT 10.0; Win64; x64) AppleWebKit/537.36 (KHTML, like Gecko) Chrome/146.0.0.0 Safari/537.36",
        "accept": "application/json, text/plain, */*",
        "content-type": "application/json",
        "sec-gpc": "1",
        "accept-language": "es-ES,es;q=0.7",
        "origin": "http://localhost:4200",
        "sec-fetch-site": "same-site",
        "sec-fetch-mode": "cors",
        "sec-fetch-dest": "empty",
        "referer": "http://localhost:4200/",
        "accept-encoding": "gzip, deflate, br, zstd",
        "if-none-match": "W/\"7f-FfG9vEZ2t1HvXACyKo10bBM6XvM\""
      },
      "remoteAddress": "::1",
      "remotePort": 50060
    }
    [35mcorrelationId[39m: "ui_gov_1774553747730"
    [35mres[39m: {
      "statusCode": 200,
      "headers": {
        "x-powered-by": "Express",
        "access-control-allow-origin": "*",
        "access-control-allow-credentials": "true",
        "x-correlation-id": "ui_gov_1774553747730",
        "content-type": "application/json; charset=utf-8",
        "content-length": "127",
        "etag": "W/\"7f-S7GFWG9WBn9Ie6MPxxv+RIXeK3Y\""
      }
    }
    [35mresponseTime[39m: 62
[12:35:48.014] [32mINFO[39m (6280): [36mrequest completed[39m
    [35mreq[39m: {
      "id": 207,
      "method": "GET",
      "url": "/api/governance/lockdown/status",
      "query": {},
      "params": {
        "path": [
          "governance",
          "lockdown",
          "status"
        ]
      },
      "headers": {
        "host": "localhost:3333",
        "connection": "keep-alive",
        "x-actor": "superadmin-fallback@quetzaltic.local",
        "sec-ch-ua-platform": "\"Windows\"",
        "authorization": "Bearer eyJhbGciOiJIUzI1NiIsInR5cCI6IkpXVCJ9.eyJzdWIiOiIwMDAwLTAwMDAtMDAwMCIsImVtYWlsIjoic3VwZXJhZG1pbi1mYWxsYmFja0BxdWV0emFsdGljLmxvY2FsIiwicm9sZSI6IkFETUlOIiwiZXhwIjoxNzc0NjM4NjM5fQ.xmY4FNONhzuEoNvjkhYF1T2QZUS1fNN4eDVqBiZrNoI",
        "x-correlation-id": "ui_gov_1774553747782",
        "sec-ch-ua": "\"Chromium\";v=\"146\", \"Not-A.Brand\";v=\"24\", \"Google Chrome\";v=\"146\"",
        "sec-ch-ua-mobile": "?0",
        "x-idempotency-key": "3ec9306f-366c-4bd1-b895-f2bd1e68b25a",
        "user-agent": "Mozilla/5.0 (Windows NT 10.0; Win64; x64) AppleWebKit/537.36 (KHTML, like Gecko) Chrome/146.0.0.0 Safari/537.36",
        "accept": "application/json, text/plain, */*",
        "content-type": "application/json",
        "origin": "http://localhost:4200",
        "sec-fetch-site": "same-site",
        "sec-fetch-mode": "cors",
        "sec-fetch-dest": "empty",
        "referer": "http://localhost:4200/",
        "accept-encoding": "gzip, deflate, br, zstd",
        "accept-language": "es-ES,es;q=0.9",
        "if-none-match": "W/\"7f-dAdnZS9Klil5eCl5eV7ICnTtH5s\""
      },
      "remoteAddress": "::1",
      "remotePort": 62289
    }
    [35mcorrelationId[39m: "ui_gov_1774553747782"
    [35mres[39m: {
      "statusCode": 200,
      "headers": {
        "x-powered-by": "Express",
        "access-control-allow-origin": "*",
        "access-control-allow-credentials": "true",
        "x-correlation-id": "ui_gov_1774553747782",
        "content-type": "application/json; charset=utf-8",
        "content-length": "127",
        "etag": "W/\"7f-QyYvhvJamNaf9eebSUjU0m+vRKY\""
      }
    }
    [35mresponseTime[39m: 129
[12:35:48.133] [32mINFO[39m (6280): [36mrequest completed[39m
    [35mreq[39m: {
      "id": 208,
      "method": "GET",
      "url": "/api/test-oscar",
      "query": {},
      "params": {
        "path": [
          "test-oscar"
        ]
      },
      "headers": {
        "host": "localhost:3333",
        "connection": "keep-alive",
        "sec-ch-ua-platform": "\"Windows\"",
        "authorization": "Bearer eyJhbGciOiJIUzI1NiIsInR5cCI6IkpXVCJ9.eyJzdWIiOiIwMDAwLTAwMDAtMDAwMCIsImVtYWlsIjoic3VwZXJhZG1pbi1mYWxsYmFja0BxdWV0emFsdGljLmxvY2FsIiwicm9sZSI6IkFETUlOIiwiZXhwIjoxNzc0NjM4NjM5fQ.xmY4FNONhzuEoNvjkhYF1T2QZUS1fNN4eDVqBiZrNoI",
        "user-agent": "Mozilla/5.0 (Windows NT 10.0; Win64; x64) AppleWebKit/537.36 (KHTML, like Gecko) Chrome/146.0.0.0 Safari/537.36",
        "accept": "application/json, text/plain, */*",
        "sec-ch-ua": "\"Chromium\";v=\"146\", \"Not-A.Brand\";v=\"24\", \"Google Chrome\";v=\"146\"",
        "sec-ch-ua-mobile": "?0",
        "origin": "http://localhost:4200",
        "sec-fetch-site": "same-site",
        "sec-fetch-mode": "cors",
        "sec-fetch-dest": "empty",
        "referer": "http://localhost:4200/",
        "accept-encoding": "gzip, deflate, br, zstd",
        "accept-language": "es-ES,es;q=0.9",
        "if-none-match": "W/\"c56c-m55IHD5jWDNo761OyT1SvlkcyNc\""
      },
      "remoteAddress": "::1",
      "remotePort": 63325
    }
    [35mcorrelationId[39m: "1fe301f6-8392-4cdc-acb3-589954da018e"
    [35mres[39m: {
      "statusCode": 200,
      "headers": {
        "x-powered-by": "Express",
        "access-control-allow-origin": "*",
        "access-control-allow-credentials": "true",
        "x-correlation-id": "1fe301f6-8392-4cdc-acb3-589954da018e",
        "content-type": "application/json; charset=utf-8",
        "content-length": "50540",
        "etag": "W/\"c56c-f1z8dSgA04sKK9KSsdKZlN+KlvA\""
      }
    }
    [35mresponseTime[39m: 244
[DEBUG] JWT Payload: {"sub":"0000-0000-0000","email":"superadmin-fallback@quetzaltic.local","role":"ADMIN","exp":1774634468}
[DEBUG] Authenticated Actor: superadmin-fallback@quetzaltic.local
[12:35:50.743] [32mINFO[39m (6280): [36mrequest completed[39m
    [35mreq[39m: {
      "id": 209,
      "method": "GET",
      "url": "/api/governance/lockdown/status",
      "query": {},
      "params": {
        "path": [
          "governance",
          "lockdown",
          "status"
        ]
      },
      "headers": {
        "host": "localhost:3333",
        "connection": "keep-alive",
        "x-actor": "superadmin-fallback@quetzaltic.local",
        "sec-ch-ua-platform": "\"Windows\"",
        "authorization": "Bearer eyJhbGciOiJIUzI1NiIsInR5cCI6IkpXVCJ9.eyJzdWIiOiIwMDAwLTAwMDAtMDAwMCIsImVtYWlsIjoic3VwZXJhZG1pbi1mYWxsYmFja0BxdWV0emFsdGljLmxvY2FsIiwicm9sZSI6IkFETUlOIiwiZXhwIjoxNzc0NjM0NDY4fQ.71bAuAgGefR9QsBusckXe9vf3-u3p2xGEvGAP2evfwo",
        "x-correlation-id": "ui_gov_1774553750677",
        "sec-ch-ua": "\"Chromium\";v=\"146\", \"Not-A.Brand\";v=\"24\", \"Brave\";v=\"146\"",
        "sec-ch-ua-mobile": "?0",
        "x-idempotency-key": "af6379e0-dc64-4891-8ba6-4676bee14ef8",
        "user-agent": "Mozilla/5.0 (Windows NT 10.0; Win64; x64) AppleWebKit/537.36 (KHTML, like Gecko) Chrome/146.0.0.0 Safari/537.36",
        "accept": "application/json, text/plain, */*",
        "content-type": "application/json",
        "sec-gpc": "1",
        "accept-language": "es-ES,es;q=0.7",
        "origin": "http://localhost:4200",
        "sec-fetch-site": "same-site",
        "sec-fetch-mode": "cors",
        "sec-fetch-dest": "empty",
        "referer": "http://localhost:4200/",
        "accept-encoding": "gzip, deflate, br, zstd",
        "if-none-match": "W/\"7f-S7GFWG9WBn9Ie6MPxxv+RIXeK3Y\""
      },
      "remoteAddress": "::1",
      "remotePort": 50060
    }
    [35mcorrelationId[39m: "ui_gov_1774553750677"
    [35mres[39m: {
      "statusCode": 200,
      "headers": {
        "x-powered-by": "Express",
        "access-control-allow-origin": "*",
        "access-control-allow-credentials": "true",
        "x-correlation-id": "ui_gov_1774553750677",
        "content-type": "application/json; charset=utf-8",
        "content-length": "127",
        "etag": "W/\"7f-KWH6k9bpiHy4lsKsOdEf7ES+QZ8\""
      }
    }
    [35mresponseTime[39m: 62
[DEBUG] JWT Payload: {"sub":"0000-0000-0000","email":"superadmin-fallback@quetzaltic.local","role":"ADMIN","exp":1774634468}
[DEBUG] Authenticated Actor: superadmin-fallback@quetzaltic.local
[DEBUG] JWT Payload: {"sub":"0000-0000-0000","email":"superadmin-fallback@quetzaltic.local","role":"ADMIN","exp":1774634468}
[DEBUG] Authenticated Actor: superadmin-fallback@quetzaltic.local
[12:35:55.755] [32mINFO[39m (6280): [36mrequest completed[39m
    [35mreq[39m: {
      "id": 210,
      "method": "GET",
      "url": "/api/governance/stats",
      "query": {},
      "params": {
        "path": [
          "governance",
          "stats"
        ]
      },
      "headers": {
        "host": "localhost:3333",
        "connection": "keep-alive",
        "x-actor": "superadmin-fallback@quetzaltic.local",
        "sec-ch-ua-platform": "\"Windows\"",
        "authorization": "Bearer eyJhbGciOiJIUzI1NiIsInR5cCI6IkpXVCJ9.eyJzdWIiOiIwMDAwLTAwMDAtMDAwMCIsImVtYWlsIjoic3VwZXJhZG1pbi1mYWxsYmFja0BxdWV0emFsdGljLmxvY2FsIiwicm9sZSI6IkFETUlOIiwiZXhwIjoxNzc0NjM0NDY4fQ.71bAuAgGefR9QsBusckXe9vf3-u3p2xGEvGAP2evfwo",
        "x-correlation-id": "ui_gov_1774553755624",
        "sec-ch-ua": "\"Chromium\";v=\"146\", \"Not-A.Brand\";v=\"24\", \"Brave\";v=\"146\"",
        "sec-ch-ua-mobile": "?0",
        "x-idempotency-key": "0384954a-680b-4b60-9fd6-a25dda2a0239",
        "user-agent": "Mozilla/5.0 (Windows NT 10.0; Win64; x64) AppleWebKit/537.36 (KHTML, like Gecko) Chrome/146.0.0.0 Safari/537.36",
        "accept": "application/json, text/plain, */*",
        "content-type": "application/json",
        "sec-gpc": "1",
        "accept-language": "es-ES,es;q=0.7",
        "origin": "http://localhost:4200",
        "sec-fetch-site": "same-site",
        "sec-fetch-mode": "cors",
        "sec-fetch-dest": "empty",
        "referer": "http://localhost:4200/",
        "accept-encoding": "gzip, deflate, br, zstd",
        "if-none-match": "W/\"c4-516DpCVX8pcpEs3pv3kZUKZ2cZ0\""
      },
      "remoteAddress": "::1",
      "remotePort": 50060
    }
    [35mcorrelationId[39m: "ui_gov_1774553755624"
    [35mres[39m: {
      "statusCode": 200,
      "headers": {
        "x-powered-by": "Express",
        "access-control-allow-origin": "*",
        "access-control-allow-credentials": "true",
        "x-correlation-id": "ui_gov_1774553755624",
        "content-type": "application/json; charset=utf-8",
        "content-length": "196",
        "etag": "W/\"c4-ZNhgYxHwbKFSHfI6doqrda3rVrI\""
      }
    }
    [35mresponseTime[39m: 103
[12:35:55.837] [32mINFO[39m (6280): [36mrequest completed[39m
    [35mreq[39m: {
      "id": 211,
      "method": "GET",
      "url": "/api/governance/lockdown/status",
      "query": {},
      "params": {
        "path": [
          "governance",
          "lockdown",
          "status"
        ]
      },
      "headers": {
        "host": "localhost:3333",
        "connection": "keep-alive",
        "x-actor": "superadmin-fallback@quetzaltic.local",
        "sec-ch-ua-platform": "\"Windows\"",
        "authorization": "Bearer eyJhbGciOiJIUzI1NiIsInR5cCI6IkpXVCJ9.eyJzdWIiOiIwMDAwLTAwMDAtMDAwMCIsImVtYWlsIjoic3VwZXJhZG1pbi1mYWxsYmFja0BxdWV0emFsdGljLmxvY2FsIiwicm9sZSI6IkFETUlOIiwiZXhwIjoxNzc0NjM0NDY4fQ.71bAuAgGefR9QsBusckXe9vf3-u3p2xGEvGAP2evfwo",
        "x-correlation-id": "ui_gov_1774553755685",
        "sec-ch-ua": "\"Chromium\";v=\"146\", \"Not-A.Brand\";v=\"24\", \"Brave\";v=\"146\"",
        "sec-ch-ua-mobile": "?0",
        "x-idempotency-key": "3183a755-c0f4-4d99-b14a-eb05bb6f9b2d",
        "user-agent": "Mozilla/5.0 (Windows NT 10.0; Win64; x64) AppleWebKit/537.36 (KHTML, like Gecko) Chrome/146.0.0.0 Safari/537.36",
        "accept": "application/json, text/plain, */*",
        "content-type": "application/json",
        "sec-gpc": "1",
        "accept-language": "es-ES,es;q=0.7",
        "origin": "http://localhost:4200",
        "sec-fetch-site": "same-site",
        "sec-fetch-mode": "cors",
        "sec-fetch-dest": "empty",
        "referer": "http://localhost:4200/",
        "accept-encoding": "gzip, deflate, br, zstd",
        "if-none-match": "W/\"7f-KWH6k9bpiHy4lsKsOdEf7ES+QZ8\""
      },
      "remoteAddress": "::1",
      "remotePort": 53159
    }
    [35mcorrelationId[39m: "ui_gov_1774553755685"
    [35mres[39m: {
      "statusCode": 200,
      "headers": {
        "x-powered-by": "Express",
        "access-control-allow-origin": "*",
        "access-control-allow-credentials": "true",
        "x-correlation-id": "ui_gov_1774553755685",
        "content-type": "application/json; charset=utf-8",
        "content-length": "127",
        "etag": "W/\"7f-ULwWgkTeLMmhkcU4Ip696Qjra8Y\""
      }
    }
    [35mresponseTime[39m: 128
[DEBUG] JWT Payload: {"sub":"0000-0000-0000","email":"superadmin-fallback@quetzaltic.local","role":"ADMIN","exp":1774634468}
[DEBUG] Authenticated Actor: superadmin-fallback@quetzaltic.local
[12:35:57.657] [32mINFO[39m (6280): [36mrequest completed[39m
    [35mreq[39m: {
      "id": 212,
      "method": "GET",
      "url": "/api/governance/audit-logs?ticketId=&actor=&tableName=&correlationId=&startDate=&endDate=&page=1&limit=8&includeSnapshots=true&grouped=true",
      "query": {
        "ticketId": "",
        "actor": "",
        "tableName": "",
        "correlationId": "",
        "startDate": "",
        "endDate": "",
        "page": "1",
        "limit": "8",
        "includeSnapshots": "true",
        "grouped": "true"
      },
      "params": {
        "path": [
          "governance",
          "audit-logs"
        ]
      },
      "headers": {
        "host": "localhost:3333",
        "connection": "keep-alive",
        "x-actor": "superadmin-fallback@quetzaltic.local",
        "sec-ch-ua-platform": "\"Windows\"",
        "authorization": "Bearer eyJhbGciOiJIUzI1NiIsInR5cCI6IkpXVCJ9.eyJzdWIiOiIwMDAwLTAwMDAtMDAwMCIsImVtYWlsIjoic3VwZXJhZG1pbi1mYWxsYmFja0BxdWV0emFsdGljLmxvY2FsIiwicm9sZSI6IkFETUlOIiwiZXhwIjoxNzc0NjM0NDY4fQ.71bAuAgGefR9QsBusckXe9vf3-u3p2xGEvGAP2evfwo",
        "x-correlation-id": "ui_gov_1774553756809",
        "sec-ch-ua": "\"Chromium\";v=\"146\", \"Not-A.Brand\";v=\"24\", \"Brave\";v=\"146\"",
        "sec-ch-ua-mobile": "?0",
        "x-idempotency-key": "df2464ea-992e-40f5-afd3-0cd07c146f0e",
        "user-agent": "Mozilla/5.0 (Windows NT 10.0; Win64; x64) AppleWebKit/537.36 (KHTML, like Gecko) Chrome/146.0.0.0 Safari/537.36",
        "accept": "application/json, text/plain, */*",
        "content-type": "application/json",
        "sec-gpc": "1",
        "accept-language": "es-ES,es;q=0.7",
        "origin": "http://localhost:4200",
        "sec-fetch-site": "same-site",
        "sec-fetch-mode": "cors",
        "sec-fetch-dest": "empty",
        "referer": "http://localhost:4200/",
        "accept-encoding": "gzip, deflate, br, zstd",
        "if-none-match": "W/\"139962-cnFkbb1OWio/J28pTbBruSPiowQ\""
      },
      "remoteAddress": "::1",
      "remotePort": 53159
    }
    [35mcorrelationId[39m: "ui_gov_1774553756809"
    [35mres[39m: {
      "statusCode": 200,
      "headers": {
        "x-powered-by": "Express",
        "access-control-allow-origin": "*",
        "access-control-allow-credentials": "true",
        "x-correlation-id": "ui_gov_1774553756809",
        "content-type": "application/json; charset=utf-8",
        "content-length": "1284450",
        "etag": "W/\"139962-9LQZqHr/OxrOKT7hdHxM0lJjD+8\""
      }
    }
    [35mresponseTime[39m: 840
[DEBUG] JWT Payload: {"sub":"0000-0000-0000","email":"superadmin-fallback@quetzaltic.local","role":"ADMIN","exp":1774634468}
[DEBUG] Authenticated Actor: superadmin-fallback@quetzaltic.local
[12:36:00.742] [32mINFO[39m (6280): [36mrequest completed[39m
    [35mreq[39m: {
      "id": 213,
      "method": "GET",
      "url": "/api/governance/lockdown/status",
      "query": {},
      "params": {
        "path": [
          "governance",
          "lockdown",
          "status"
        ]
      },
      "headers": {
        "host": "localhost:3333",
        "connection": "keep-alive",
        "x-actor": "superadmin-fallback@quetzaltic.local",
        "sec-ch-ua-platform": "\"Windows\"",
        "authorization": "Bearer eyJhbGciOiJIUzI1NiIsInR5cCI6IkpXVCJ9.eyJzdWIiOiIwMDAwLTAwMDAtMDAwMCIsImVtYWlsIjoic3VwZXJhZG1pbi1mYWxsYmFja0BxdWV0emFsdGljLmxvY2FsIiwicm9sZSI6IkFETUlOIiwiZXhwIjoxNzc0NjM0NDY4fQ.71bAuAgGefR9QsBusckXe9vf3-u3p2xGEvGAP2evfwo",
        "x-correlation-id": "ui_gov_1774553760676",
        "sec-ch-ua": "\"Chromium\";v=\"146\", \"Not-A.Brand\";v=\"24\", \"Brave\";v=\"146\"",
        "sec-ch-ua-mobile": "?0",
        "x-idempotency-key": "6f3fccd1-d934-4238-ae84-59eb3ee84b81",
        "user-agent": "Mozilla/5.0 (Windows NT 10.0; Win64; x64) AppleWebKit/537.36 (KHTML, like Gecko) Chrome/146.0.0.0 Safari/537.36",
        "accept": "application/json, text/plain, */*",
        "content-type": "application/json",
        "sec-gpc": "1",
        "accept-language": "es-ES,es;q=0.7",
        "origin": "http://localhost:4200",
        "sec-fetch-site": "same-site",
        "sec-fetch-mode": "cors",
        "sec-fetch-dest": "empty",
        "referer": "http://localhost:4200/",
        "accept-encoding": "gzip, deflate, br, zstd",
        "if-none-match": "W/\"7f-ULwWgkTeLMmhkcU4Ip696Qjra8Y\""
      },
      "remoteAddress": "::1",
      "remotePort": 53159
    }
    [35mcorrelationId[39m: "ui_gov_1774553760676"
    [35mres[39m: {
      "statusCode": 200,
      "headers": {
        "x-powered-by": "Express",
        "access-control-allow-origin": "*",
        "access-control-allow-credentials": "true",
        "x-correlation-id": "ui_gov_1774553760676",
        "content-type": "application/json; charset=utf-8",
        "content-length": "127",
        "etag": "W/\"7f-fV4CfQcB/JPetLhc6vFNe7KJqVU\""
      }
    }
    [35mresponseTime[39m: 62
[DEBUG] JWT Payload: {"sub":"0000-0000-0000","email":"superadmin-fallback@quetzaltic.local","role":"ADMIN","exp":1774634468}
[DEBUG] Authenticated Actor: superadmin-fallback@quetzaltic.local
[12:36:05.751] [32mINFO[39m (6280): [36mrequest completed[39m
    [35mreq[39m: {
      "id": 214,
      "method": "GET",
      "url": "/api/governance/lockdown/status",
      "query": {},
      "params": {
        "path": [
          "governance",
          "lockdown",
          "status"
        ]
      },
      "headers": {
        "host": "localhost:3333",
        "connection": "keep-alive",
        "x-actor": "superadmin-fallback@quetzaltic.local",
        "sec-ch-ua-platform": "\"Windows\"",
        "authorization": "Bearer eyJhbGciOiJIUzI1NiIsInR5cCI6IkpXVCJ9.eyJzdWIiOiIwMDAwLTAwMDAtMDAwMCIsImVtYWlsIjoic3VwZXJhZG1pbi1mYWxsYmFja0BxdWV0emFsdGljLmxvY2FsIiwicm9sZSI6IkFETUlOIiwiZXhwIjoxNzc0NjM0NDY4fQ.71bAuAgGefR9QsBusckXe9vf3-u3p2xGEvGAP2evfwo",
        "x-correlation-id": "ui_gov_1774553765684",
        "sec-ch-ua": "\"Chromium\";v=\"146\", \"Not-A.Brand\";v=\"24\", \"Brave\";v=\"146\"",
        "sec-ch-ua-mobile": "?0",
        "x-idempotency-key": "4deafb53-8f86-4708-8008-edb1a630ba35",
        "user-agent": "Mozilla/5.0 (Windows NT 10.0; Win64; x64) AppleWebKit/537.36 (KHTML, like Gecko) Chrome/146.0.0.0 Safari/537.36",
        "accept": "application/json, text/plain, */*",
        "content-type": "application/json",
        "sec-gpc": "1",
        "accept-language": "es-ES,es;q=0.7",
        "origin": "http://localhost:4200",
        "sec-fetch-site": "same-site",
        "sec-fetch-mode": "cors",
        "sec-fetch-dest": "empty",
        "referer": "http://localhost:4200/",
        "accept-encoding": "gzip, deflate, br, zstd",
        "if-none-match": "W/\"7f-fV4CfQcB/JPetLhc6vFNe7KJqVU\""
      },
      "remoteAddress": "::1",
      "remotePort": 53159
    }
    [35mcorrelationId[39m: "ui_gov_1774553765684"
    [35mres[39m: {
      "statusCode": 200,
      "headers": {
        "x-powered-by": "Express",
        "access-control-allow-origin": "*",
        "access-control-allow-credentials": "true",
        "x-correlation-id": "ui_gov_1774553765684",
        "content-type": "application/json; charset=utf-8",
        "content-length": "127",
        "etag": "W/\"7f-zNrod3NvGGDz7aM1M3//jWh2FRk\""
      }
    }
    [35mresponseTime[39m: 60
[DEBUG] JWT Payload: {"sub":"0000-0000-0000","email":"superadmin-fallback@quetzaltic.local","role":"ADMIN","exp":1774634468}
[DEBUG] Authenticated Actor: superadmin-fallback@quetzaltic.local
[DEBUG] JWT Payload: {"sub":"0000-0000-0000","email":"superadmin-fallback@quetzaltic.local","role":"ADMIN","exp":1774634468}
[DEBUG] Authenticated Actor: superadmin-fallback@quetzaltic.local
[12:36:06.953] [32mINFO[39m (6280): [36mrequest completed[39m
    [35mreq[39m: {
      "id": 215,
      "method": "GET",
      "url": "/api/governance/stats",
      "query": {},
      "params": {
        "path": [
          "governance",
          "stats"
        ]
      },
      "headers": {
        "host": "localhost:3333",
        "connection": "keep-alive",
        "x-actor": "superadmin-fallback@quetzaltic.local",
        "sec-ch-ua-platform": "\"Windows\"",
        "authorization": "Bearer eyJhbGciOiJIUzI1NiIsInR5cCI6IkpXVCJ9.eyJzdWIiOiIwMDAwLTAwMDAtMDAwMCIsImVtYWlsIjoic3VwZXJhZG1pbi1mYWxsYmFja0BxdWV0emFsdGljLmxvY2FsIiwicm9sZSI6IkFETUlOIiwiZXhwIjoxNzc0NjM0NDY4fQ.71bAuAgGefR9QsBusckXe9vf3-u3p2xGEvGAP2evfwo",
        "x-correlation-id": "ui_gov_1774553766809",
        "sec-ch-ua": "\"Chromium\";v=\"146\", \"Not-A.Brand\";v=\"24\", \"Brave\";v=\"146\"",
        "sec-ch-ua-mobile": "?0",
        "x-idempotency-key": "377dcf11-0225-4c89-9c20-ff80a2a4f3c0",
        "user-agent": "Mozilla/5.0 (Windows NT 10.0; Win64; x64) AppleWebKit/537.36 (KHTML, like Gecko) Chrome/146.0.0.0 Safari/537.36",
        "accept": "application/json, text/plain, */*",
        "content-type": "application/json",
        "sec-gpc": "1",
        "accept-language": "es-ES,es;q=0.7",
        "origin": "http://localhost:4200",
        "sec-fetch-site": "same-site",
        "sec-fetch-mode": "cors",
        "sec-fetch-dest": "empty",
        "referer": "http://localhost:4200/",
        "accept-encoding": "gzip, deflate, br, zstd",
        "if-none-match": "W/\"c4-ZNhgYxHwbKFSHfI6doqrda3rVrI\""
      },
      "remoteAddress": "::1",
      "remotePort": 57682
    }
    [35mcorrelationId[39m: "ui_gov_1774553766809"
    [35mres[39m: {
      "statusCode": 200,
      "headers": {
        "x-powered-by": "Express",
        "access-control-allow-origin": "*",
        "access-control-allow-credentials": "true",
        "x-correlation-id": "ui_gov_1774553766809",
        "content-type": "application/json; charset=utf-8",
        "content-length": "196",
        "etag": "W/\"c4-znH5IaNEUB+D6WwNR7x8e9Iz/58\""
      }
    }
    [35mresponseTime[39m: 132
[DEBUG] JWT Payload: {"sub":"0000-0000-0000","email":"superadmin-fallback@quetzaltic.local","role":"ADMIN","exp":1774634468}
[DEBUG] Authenticated Actor: superadmin-fallback@quetzaltic.local
[12:36:07.035] [32mINFO[39m (6280): [36mrequest completed[39m
    [35mreq[39m: {
      "id": 217,
      "method": "GET",
      "url": "/api/governance/stats",
      "query": {},
      "params": {
        "path": [
          "governance",
          "stats"
        ]
      },
      "headers": {
        "host": "localhost:3333",
        "connection": "keep-alive",
        "x-actor": "superadmin-fallback@quetzaltic.local",
        "sec-ch-ua-platform": "\"Windows\"",
        "authorization": "Bearer eyJhbGciOiJIUzI1NiIsInR5cCI6IkpXVCJ9.eyJzdWIiOiIwMDAwLTAwMDAtMDAwMCIsImVtYWlsIjoic3VwZXJhZG1pbi1mYWxsYmFja0BxdWV0emFsdGljLmxvY2FsIiwicm9sZSI6IkFETUlOIiwiZXhwIjoxNzc0NjM0NDY4fQ.71bAuAgGefR9QsBusckXe9vf3-u3p2xGEvGAP2evfwo",
        "x-correlation-id": "ui_gov_1774553766810",
        "sec-ch-ua": "\"Chromium\";v=\"146\", \"Not-A.Brand\";v=\"24\", \"Brave\";v=\"146\"",
        "sec-ch-ua-mobile": "?0",
        "x-idempotency-key": "c4ef0013-2ac3-44f8-8d52-8fcdff3600cf",
        "user-agent": "Mozilla/5.0 (Windows NT 10.0; Win64; x64) AppleWebKit/537.36 (KHTML, like Gecko) Chrome/146.0.0.0 Safari/537.36",
        "accept": "application/json, text/plain, */*",
        "content-type": "application/json",
        "sec-gpc": "1",
        "accept-language": "es-ES,es;q=0.7",
        "origin": "http://localhost:4200",
        "sec-fetch-site": "same-site",
        "sec-fetch-mode": "cors",
        "sec-fetch-dest": "empty",
        "referer": "http://localhost:4200/",
        "accept-encoding": "gzip, deflate, br, zstd",
        "if-none-match": "W/\"c4-znH5IaNEUB+D6WwNR7x8e9Iz/58\""
      },
      "remoteAddress": "::1",
      "remotePort": 57682
    }
    [35mcorrelationId[39m: "ui_gov_1774553766810"
    [35mres[39m: {
      "statusCode": 200,
      "headers": {
        "x-powered-by": "Express",
        "access-control-allow-origin": "*",
        "access-control-allow-credentials": "true",
        "x-correlation-id": "ui_gov_1774553766810",
        "content-type": "application/json; charset=utf-8",
        "content-length": "196",
        "etag": "W/\"c4-VwV4FAppXlLSgQSq3OwYabXcUy8\""
      }
    }
    [35mresponseTime[39m: 77
[12:36:07.722] [32mINFO[39m (6280): [36mrequest completed[39m
    [35mreq[39m: {
      "id": 216,
      "method": "GET",
      "url": "/api/governance/audit-logs?ticketId=&actor=&tableName=&correlationId=&startDate=&endDate=&page=1&limit=8&includeSnapshots=true&grouped=true",
      "query": {
        "ticketId": "",
        "actor": "",
        "tableName": "",
        "correlationId": "",
        "startDate": "",
        "endDate": "",
        "page": "1",
        "limit": "8",
        "includeSnapshots": "true",
        "grouped": "true"
      },
      "params": {
        "path": [
          "governance",
          "audit-logs"
        ]
      },
      "headers": {
        "host": "localhost:3333",
        "connection": "keep-alive",
        "x-actor": "superadmin-fallback@quetzaltic.local",
        "sec-ch-ua-platform": "\"Windows\"",
        "authorization": "Bearer eyJhbGciOiJIUzI1NiIsInR5cCI6IkpXVCJ9.eyJzdWIiOiIwMDAwLTAwMDAtMDAwMCIsImVtYWlsIjoic3VwZXJhZG1pbi1mYWxsYmFja0BxdWV0emFsdGljLmxvY2FsIiwicm9sZSI6IkFETUlOIiwiZXhwIjoxNzc0NjM0NDY4fQ.71bAuAgGefR9QsBusckXe9vf3-u3p2xGEvGAP2evfwo",
        "x-correlation-id": "ui_gov_1774553766810",
        "sec-ch-ua": "\"Chromium\";v=\"146\", \"Not-A.Brand\";v=\"24\", \"Brave\";v=\"146\"",
        "sec-ch-ua-mobile": "?0",
        "x-idempotency-key": "e883ce99-3857-4207-b78f-a06380ae5169",
        "user-agent": "Mozilla/5.0 (Windows NT 10.0; Win64; x64) AppleWebKit/537.36 (KHTML, like Gecko) Chrome/146.0.0.0 Safari/537.36",
        "accept": "application/json, text/plain, */*",
        "content-type": "application/json",
        "sec-gpc": "1",
        "accept-language": "es-ES,es;q=0.7",
        "origin": "http://localhost:4200",
        "sec-fetch-site": "same-site",
        "sec-fetch-mode": "cors",
        "sec-fetch-dest": "empty",
        "referer": "http://localhost:4200/",
        "accept-encoding": "gzip, deflate, br, zstd",
        "if-none-match": "W/\"139962-9LQZqHr/OxrOKT7hdHxM0lJjD+8\""
      },
      "remoteAddress": "::1",
      "remotePort": 50276
    }
    [35mcorrelationId[39m: "ui_gov_1774553766810"
    [35mres[39m: {
      "statusCode": 200,
      "headers": {
        "x-powered-by": "Express",
        "access-control-allow-origin": "*",
        "access-control-allow-credentials": "true",
        "x-correlation-id": "ui_gov_1774553766810",
        "content-type": "application/json; charset=utf-8",
        "content-length": "1284450",
        "etag": "W/\"139962-msCsguCMCEHe/nP7EYX9jutrqtQ\""
      }
    }
    [35mresponseTime[39m: 895
[DEBUG] JWT Payload: {"sub":"0000-0000-0000","email":"superadmin-fallback@quetzaltic.local","role":"ADMIN","exp":1774634468}
[DEBUG] Authenticated Actor: superadmin-fallback@quetzaltic.local
[12:36:10.748] [32mINFO[39m (6280): [36mrequest completed[39m
    [35mreq[39m: {
      "id": 218,
      "method": "GET",
      "url": "/api/governance/lockdown/status",
      "query": {},
      "params": {
        "path": [
          "governance",
          "lockdown",
          "status"
        ]
      },
      "headers": {
        "host": "localhost:3333",
        "connection": "keep-alive",
        "x-actor": "superadmin-fallback@quetzaltic.local",
        "sec-ch-ua-platform": "\"Windows\"",
        "authorization": "Bearer eyJhbGciOiJIUzI1NiIsInR5cCI6IkpXVCJ9.eyJzdWIiOiIwMDAwLTAwMDAtMDAwMCIsImVtYWlsIjoic3VwZXJhZG1pbi1mYWxsYmFja0BxdWV0emFsdGljLmxvY2FsIiwicm9sZSI6IkFETUlOIiwiZXhwIjoxNzc0NjM0NDY4fQ.71bAuAgGefR9QsBusckXe9vf3-u3p2xGEvGAP2evfwo",
        "x-correlation-id": "ui_gov_1774553770681",
        "sec-ch-ua": "\"Chromium\";v=\"146\", \"Not-A.Brand\";v=\"24\", \"Brave\";v=\"146\"",
        "sec-ch-ua-mobile": "?0",
        "x-idempotency-key": "0ba0714d-6d8f-4073-9c65-e8ee817699b4",
        "user-agent": "Mozilla/5.0 (Windows NT 10.0; Win64; x64) AppleWebKit/537.36 (KHTML, like Gecko) Chrome/146.0.0.0 Safari/537.36",
        "accept": "application/json, text/plain, */*",
        "content-type": "application/json",
        "sec-gpc": "1",
        "accept-language": "es-ES,es;q=0.7",
        "origin": "http://localhost:4200",
        "sec-fetch-site": "same-site",
        "sec-fetch-mode": "cors",
        "sec-fetch-dest": "empty",
        "referer": "http://localhost:4200/",
        "accept-encoding": "gzip, deflate, br, zstd",
        "if-none-match": "W/\"7f-zNrod3NvGGDz7aM1M3//jWh2FRk\""
      },
      "remoteAddress": "::1",
      "remotePort": 50276
    }
    [35mcorrelationId[39m: "ui_gov_1774553770681"
    [35mres[39m: {
      "statusCode": 200,
      "headers": {
        "x-powered-by": "Express",
        "access-control-allow-origin": "*",
        "access-control-allow-credentials": "true",
        "x-correlation-id": "ui_gov_1774553770681",
        "content-type": "application/json; charset=utf-8",
        "content-length": "127",
        "etag": "W/\"7f-85Y9NB6XmSjwp/4atD/gN0b0JIM\""
      }
    }
    [35mresponseTime[39m: 64
[DEBUG] JWT Payload: {"sub":"0000-0000-0000","email":"superadmin-fallback@quetzaltic.local","role":"ADMIN","exp":1774634468}
[DEBUG] Authenticated Actor: superadmin-fallback@quetzaltic.local
[12:36:15.750] [32mINFO[39m (6280): [36mrequest completed[39m
    [35mreq[39m: {
      "id": 219,
      "method": "GET",
      "url": "/api/governance/lockdown/status",
      "query": {},
      "params": {
        "path": [
          "governance",
          "lockdown",
          "status"
        ]
      },
      "headers": {
        "host": "localhost:3333",
        "connection": "keep-alive",
        "x-actor": "superadmin-fallback@quetzaltic.local",
        "sec-ch-ua-platform": "\"Windows\"",
        "authorization": "Bearer eyJhbGciOiJIUzI1NiIsInR5cCI6IkpXVCJ9.eyJzdWIiOiIwMDAwLTAwMDAtMDAwMCIsImVtYWlsIjoic3VwZXJhZG1pbi1mYWxsYmFja0BxdWV0emFsdGljLmxvY2FsIiwicm9sZSI6IkFETUlOIiwiZXhwIjoxNzc0NjM0NDY4fQ.71bAuAgGefR9QsBusckXe9vf3-u3p2xGEvGAP2evfwo",
        "x-correlation-id": "ui_gov_1774553775679",
        "sec-ch-ua": "\"Chromium\";v=\"146\", \"Not-A.Brand\";v=\"24\", \"Brave\";v=\"146\"",
        "sec-ch-ua-mobile": "?0",
        "x-idempotency-key": "df7e52a3-8b4b-463f-a444-968281d2004a",
        "user-agent": "Mozilla/5.0 (Windows NT 10.0; Win64; x64) AppleWebKit/537.36 (KHTML, like Gecko) Chrome/146.0.0.0 Safari/537.36",
        "accept": "application/json, text/plain, */*",
        "content-type": "application/json",
        "sec-gpc": "1",
        "accept-language": "es-ES,es;q=0.7",
        "origin": "http://localhost:4200",
        "sec-fetch-site": "same-site",
        "sec-fetch-mode": "cors",
        "sec-fetch-dest": "empty",
        "referer": "http://localhost:4200/",
        "accept-encoding": "gzip, deflate, br, zstd",
        "if-none-match": "W/\"7f-85Y9NB6XmSjwp/4atD/gN0b0JIM\""
      },
      "remoteAddress": "::1",
      "remotePort": 50276
    }
    [35mcorrelationId[39m: "ui_gov_1774553775679"
    [35mres[39m: {
      "statusCode": 200,
      "headers": {
        "x-powered-by": "Express",
        "access-control-allow-origin": "*",
        "access-control-allow-credentials": "true",
        "x-correlation-id": "ui_gov_1774553775679",
        "content-type": "application/json; charset=utf-8",
        "content-length": "127",
        "etag": "W/\"7f-ZCqBXojdt7jD4mO/6/ThvBHZyI8\""
      }
    }
    [35mresponseTime[39m: 64
[DEBUG] JWT Payload: {"sub":"0000-0000-0000","email":"superadmin-fallback@quetzaltic.local","role":"ADMIN","exp":1774634468}
[DEBUG] Authenticated Actor: superadmin-fallback@quetzaltic.local
[12:36:17.771] [32mINFO[39m (6280): [36mrequest completed[39m
    [35mreq[39m: {
      "id": 220,
      "method": "GET",
      "url": "/api/governance/audit-logs?ticketId=&actor=&tableName=&correlationId=&startDate=&endDate=&page=1&limit=8&includeSnapshots=true&grouped=true",
      "query": {
        "ticketId": "",
        "actor": "",
        "tableName": "",
        "correlationId": "",
        "startDate": "",
        "endDate": "",
        "page": "1",
        "limit": "8",
        "includeSnapshots": "true",
        "grouped": "true"
      },
      "params": {
        "path": [
          "governance",
          "audit-logs"
        ]
      },
      "headers": {
        "host": "localhost:3333",
        "connection": "keep-alive",
        "x-actor": "superadmin-fallback@quetzaltic.local",
        "sec-ch-ua-platform": "\"Windows\"",
        "authorization": "Bearer eyJhbGciOiJIUzI1NiIsInR5cCI6IkpXVCJ9.eyJzdWIiOiIwMDAwLTAwMDAtMDAwMCIsImVtYWlsIjoic3VwZXJhZG1pbi1mYWxsYmFja0BxdWV0emFsdGljLmxvY2FsIiwicm9sZSI6IkFETUlOIiwiZXhwIjoxNzc0NjM0NDY4fQ.71bAuAgGefR9QsBusckXe9vf3-u3p2xGEvGAP2evfwo",
        "x-correlation-id": "ui_gov_1774553776815",
        "sec-ch-ua": "\"Chromium\";v=\"146\", \"Not-A.Brand\";v=\"24\", \"Brave\";v=\"146\"",
        "sec-ch-ua-mobile": "?0",
        "x-idempotency-key": "b6d435d1-7f64-4d7b-9730-4806212d447c",
        "user-agent": "Mozilla/5.0 (Windows NT 10.0; Win64; x64) AppleWebKit/537.36 (KHTML, like Gecko) Chrome/146.0.0.0 Safari/537.36",
        "accept": "application/json, text/plain, */*",
        "content-type": "application/json",
        "sec-gpc": "1",
        "accept-language": "es-ES,es;q=0.7",
        "origin": "http://localhost:4200",
        "sec-fetch-site": "same-site",
        "sec-fetch-mode": "cors",
        "sec-fetch-dest": "empty",
        "referer": "http://localhost:4200/",
        "accept-encoding": "gzip, deflate, br, zstd",
        "if-none-match": "W/\"139962-msCsguCMCEHe/nP7EYX9jutrqtQ\""
      },
      "remoteAddress": "::1",
      "remotePort": 50276
    }
    [35mcorrelationId[39m: "ui_gov_1774553776815"
    [35mres[39m: {
      "statusCode": 200,
      "headers": {
        "x-powered-by": "Express",
        "access-control-allow-origin": "*",
        "access-control-allow-credentials": "true",
        "x-correlation-id": "ui_gov_1774553776815",
        "content-type": "application/json; charset=utf-8",
        "content-length": "1284450",
        "etag": "W/\"139962-24xxIwspNSGifQu8xgDCYo0gNhQ\""
      }
    }
    [35mresponseTime[39m: 949
[DEBUG] JWT Payload: {"sub":"0000-0000-0000","email":"superadmin-fallback@quetzaltic.local","role":"ADMIN","exp":1774634468}
[DEBUG] Authenticated Actor: superadmin-fallback@quetzaltic.local
[12:36:20.754] [32mINFO[39m (6280): [36mrequest completed[39m
    [35mreq[39m: {
      "id": 221,
      "method": "GET",
      "url": "/api/governance/lockdown/status",
      "query": {},
      "params": {
        "path": [
          "governance",
          "lockdown",
          "status"
        ]
      },
      "headers": {
        "host": "localhost:3333",
        "connection": "keep-alive",
        "x-actor": "superadmin-fallback@quetzaltic.local",
        "sec-ch-ua-platform": "\"Windows\"",
        "authorization": "Bearer eyJhbGciOiJIUzI1NiIsInR5cCI6IkpXVCJ9.eyJzdWIiOiIwMDAwLTAwMDAtMDAwMCIsImVtYWlsIjoic3VwZXJhZG1pbi1mYWxsYmFja0BxdWV0emFsdGljLmxvY2FsIiwicm9sZSI6IkFETUlOIiwiZXhwIjoxNzc0NjM0NDY4fQ.71bAuAgGefR9QsBusckXe9vf3-u3p2xGEvGAP2evfwo",
        "x-correlation-id": "ui_gov_1774553780685",
        "sec-ch-ua": "\"Chromium\";v=\"146\", \"Not-A.Brand\";v=\"24\", \"Brave\";v=\"146\"",
        "sec-ch-ua-mobile": "?0",
        "x-idempotency-key": "4d37ae3c-dfe7-4641-aed0-178061bf222f",
        "user-agent": "Mozilla/5.0 (Windows NT 10.0; Win64; x64) AppleWebKit/537.36 (KHTML, like Gecko) Chrome/146.0.0.0 Safari/537.36",
        "accept": "application/json, text/plain, */*",
        "content-type": "application/json",
        "sec-gpc": "1",
        "accept-language": "es-ES,es;q=0.7",
        "origin": "http://localhost:4200",
        "sec-fetch-site": "same-site",
        "sec-fetch-mode": "cors",
        "sec-fetch-dest": "empty",
        "referer": "http://localhost:4200/",
        "accept-encoding": "gzip, deflate, br, zstd",
        "if-none-match": "W/\"7f-ZCqBXojdt7jD4mO/6/ThvBHZyI8\""
      },
      "remoteAddress": "::1",
      "remotePort": 50276
    }
    [35mcorrelationId[39m: "ui_gov_1774553780685"
    [35mres[39m: {
      "statusCode": 200,
      "headers": {
        "x-powered-by": "Express",
        "access-control-allow-origin": "*",
        "access-control-allow-credentials": "true",
        "x-correlation-id": "ui_gov_1774553780685",
        "content-type": "application/json; charset=utf-8",
        "content-length": "127",
        "etag": "W/\"7f-aSIDXFfjDfOtIMF0LaWOCWJzj5w\""
      }
    }
    [35mresponseTime[39m: 64
[DEBUG] JWT Payload: {"sub":"0000-0000-0000","email":"superadmin-fallback@quetzaltic.local","role":"ADMIN","exp":1774634468}
[DEBUG] Authenticated Actor: superadmin-fallback@quetzaltic.local
[DEBUG] JWT Payload: {"sub":"0000-0000-0000","email":"superadmin-fallback@quetzaltic.local","role":"ADMIN","exp":1774634468}
[DEBUG] Authenticated Actor: superadmin-fallback@quetzaltic.local
[12:36:25.765] [32mINFO[39m (6280): [36mrequest completed[39m
    [35mreq[39m: {
      "id": 222,
      "method": "GET",
      "url": "/api/governance/stats",
      "query": {},
      "params": {
        "path": [
          "governance",
          "stats"
        ]
      },
      "headers": {
        "host": "localhost:3333",
        "connection": "keep-alive",
        "x-actor": "superadmin-fallback@quetzaltic.local",
        "sec-ch-ua-platform": "\"Windows\"",
        "authorization": "Bearer eyJhbGciOiJIUzI1NiIsInR5cCI6IkpXVCJ9.eyJzdWIiOiIwMDAwLTAwMDAtMDAwMCIsImVtYWlsIjoic3VwZXJhZG1pbi1mYWxsYmFja0BxdWV0emFsdGljLmxvY2FsIiwicm9sZSI6IkFETUlOIiwiZXhwIjoxNzc0NjM0NDY4fQ.71bAuAgGefR9QsBusckXe9vf3-u3p2xGEvGAP2evfwo",
        "x-correlation-id": "ui_gov_1774553785627",
        "sec-ch-ua": "\"Chromium\";v=\"146\", \"Not-A.Brand\";v=\"24\", \"Brave\";v=\"146\"",
        "sec-ch-ua-mobile": "?0",
        "x-idempotency-key": "c0c6117f-0de3-48e6-bd54-296834820415",
        "user-agent": "Mozilla/5.0 (Windows NT 10.0; Win64; x64) AppleWebKit/537.36 (KHTML, like Gecko) Chrome/146.0.0.0 Safari/537.36",
        "accept": "application/json, text/plain, */*",
        "content-type": "application/json",
        "sec-gpc": "1",
        "accept-language": "es-ES,es;q=0.7",
        "origin": "http://localhost:4200",
        "sec-fetch-site": "same-site",
        "sec-fetch-mode": "cors",
        "sec-fetch-dest": "empty",
        "referer": "http://localhost:4200/",
        "accept-encoding": "gzip, deflate, br, zstd",
        "if-none-match": "W/\"c4-VwV4FAppXlLSgQSq3OwYabXcUy8\""
      },
      "remoteAddress": "::1",
      "remotePort": 50276
    }
    [35mcorrelationId[39m: "ui_gov_1774553785627"
    [35mres[39m: {
      "statusCode": 200,
      "headers": {
        "x-powered-by": "Express",
        "access-control-allow-origin": "*",
        "access-control-allow-credentials": "true",
        "x-correlation-id": "ui_gov_1774553785627",
        "content-type": "application/json; charset=utf-8",
        "content-length": "196",
        "etag": "W/\"c4-8UmmQapeGWyYe4AyUnK5t8IoOQc\""
      }
    }
    [35mresponseTime[39m: 131
[12:36:25.793] [32mINFO[39m (6280): [36mrequest completed[39m
    [35mreq[39m: {
      "id": 223,
      "method": "GET",
      "url": "/api/governance/lockdown/status",
      "query": {},
      "params": {
        "path": [
          "governance",
          "lockdown",
          "status"
        ]
      },
      "headers": {
        "host": "localhost:3333",
        "connection": "keep-alive",
        "x-actor": "superadmin-fallback@quetzaltic.local",
        "sec-ch-ua-platform": "\"Windows\"",
        "authorization": "Bearer eyJhbGciOiJIUzI1NiIsInR5cCI6IkpXVCJ9.eyJzdWIiOiIwMDAwLTAwMDAtMDAwMCIsImVtYWlsIjoic3VwZXJhZG1pbi1mYWxsYmFja0BxdWV0emFsdGljLmxvY2FsIiwicm9sZSI6IkFETUlOIiwiZXhwIjoxNzc0NjM0NDY4fQ.71bAuAgGefR9QsBusckXe9vf3-u3p2xGEvGAP2evfwo",
        "x-correlation-id": "ui_gov_1774553785677",
        "sec-ch-ua": "\"Chromium\";v=\"146\", \"Not-A.Brand\";v=\"24\", \"Brave\";v=\"146\"",
        "sec-ch-ua-mobile": "?0",
        "x-idempotency-key": "ad84a4b5-e6fb-4a64-9cd1-b9eb7f08323a",
        "user-agent": "Mozilla/5.0 (Windows NT 10.0; Win64; x64) AppleWebKit/537.36 (KHTML, like Gecko) Chrome/146.0.0.0 Safari/537.36",
        "accept": "application/json, text/plain, */*",
        "content-type": "application/json",
        "sec-gpc": "1",
        "accept-language": "es-ES,es;q=0.7",
        "origin": "http://localhost:4200",
        "sec-fetch-site": "same-site",
        "sec-fetch-mode": "cors",
        "sec-fetch-dest": "empty",
        "referer": "http://localhost:4200/",
        "accept-encoding": "gzip, deflate, br, zstd",
        "if-none-match": "W/\"7f-aSIDXFfjDfOtIMF0LaWOCWJzj5w\""
      },
      "remoteAddress": "::1",
      "remotePort": 64158
    }
    [35mcorrelationId[39m: "ui_gov_1774553785677"
    [35mres[39m: {
      "statusCode": 200,
      "headers": {
        "x-powered-by": "Express",
        "access-control-allow-origin": "*",
        "access-control-allow-credentials": "true",
        "x-correlation-id": "ui_gov_1774553785677",
        "content-type": "application/json; charset=utf-8",
        "content-length": "127",
        "etag": "W/\"7f-dlEABca2EgX01ldt+S1ygkhY6Lo\""
      }
    }
    [35mresponseTime[39m: 111
[DEBUG] JWT Payload: {"sub":"0000-0000-0000","email":"superadmin-fallback@quetzaltic.local","role":"ADMIN","exp":1774634468}
[DEBUG] Authenticated Actor: superadmin-fallback@quetzaltic.local
[12:36:27.996] [32mINFO[39m (6280): [36mrequest completed[39m
    [35mreq[39m: {
      "id": 224,
      "method": "GET",
      "url": "/api/governance/audit-logs?ticketId=&actor=&tableName=&correlationId=&startDate=&endDate=&page=1&limit=8&includeSnapshots=true&grouped=true",
      "query": {
        "ticketId": "",
        "actor": "",
        "tableName": "",
        "correlationId": "",
        "startDate": "",
        "endDate": "",
        "page": "1",
        "limit": "8",
        "includeSnapshots": "true",
        "grouped": "true"
      },
      "params": {
        "path": [
          "governance",
          "audit-logs"
        ]
      },
      "headers": {
        "host": "localhost:3333",
        "connection": "keep-alive",
        "x-actor": "superadmin-fallback@quetzaltic.local",
        "sec-ch-ua-platform": "\"Windows\"",
        "authorization": "Bearer eyJhbGciOiJIUzI1NiIsInR5cCI6IkpXVCJ9.eyJzdWIiOiIwMDAwLTAwMDAtMDAwMCIsImVtYWlsIjoic3VwZXJhZG1pbi1mYWxsYmFja0BxdWV0emFsdGljLmxvY2FsIiwicm9sZSI6IkFETUlOIiwiZXhwIjoxNzc0NjM0NDY4fQ.71bAuAgGefR9QsBusckXe9vf3-u3p2xGEvGAP2evfwo",
        "x-correlation-id": "ui_gov_1774553786807",
        "sec-ch-ua": "\"Chromium\";v=\"146\", \"Not-A.Brand\";v=\"24\", \"Brave\";v=\"146\"",
        "sec-ch-ua-mobile": "?0",
        "x-idempotency-key": "b0c76158-473c-4be4-a81f-a7a1affcb99d",
        "user-agent": "Mozilla/5.0 (Windows NT 10.0; Win64; x64) AppleWebKit/537.36 (KHTML, like Gecko) Chrome/146.0.0.0 Safari/537.36",
        "accept": "application/json, text/plain, */*",
        "content-type": "application/json",
        "sec-gpc": "1",
        "accept-language": "es-ES,es;q=0.7",
        "origin": "http://localhost:4200",
        "sec-fetch-site": "same-site",
        "sec-fetch-mode": "cors",
        "sec-fetch-dest": "empty",
        "referer": "http://localhost:4200/",
        "accept-encoding": "gzip, deflate, br, zstd",
        "if-none-match": "W/\"139962-24xxIwspNSGifQu8xgDCYo0gNhQ\""
      },
      "remoteAddress": "::1",
      "remotePort": 64158
    }
    [35mcorrelationId[39m: "ui_gov_1774553786807"
    [35mres[39m: {
      "statusCode": 200,
      "headers": {
        "x-powered-by": "Express",
        "access-control-allow-origin": "*",
        "access-control-allow-credentials": "true",
        "x-correlation-id": "ui_gov_1774553786807",
        "content-type": "application/json; charset=utf-8",
        "content-length": "1284450",
        "etag": "W/\"139962-9WMXztHuL/jiMkJiVDbeKGeZyEk\""
      }
    }
    [35mresponseTime[39m: 1179
[DEBUG] JWT Payload: {"sub":"0000-0000-0000","email":"superadmin-fallback@quetzaltic.local","role":"ADMIN","exp":1774634468}
[DEBUG] Authenticated Actor: superadmin-fallback@quetzaltic.local
[12:36:30.742] [32mINFO[39m (6280): [36mrequest completed[39m
    [35mreq[39m: {
      "id": 225,
      "method": "GET",
      "url": "/api/governance/lockdown/status",
      "query": {},
      "params": {
        "path": [
          "governance",
          "lockdown",
          "status"
        ]
      },
      "headers": {
        "host": "localhost:3333",
        "connection": "keep-alive",
        "x-actor": "superadmin-fallback@quetzaltic.local",
        "sec-ch-ua-platform": "\"Windows\"",
        "authorization": "Bearer eyJhbGciOiJIUzI1NiIsInR5cCI6IkpXVCJ9.eyJzdWIiOiIwMDAwLTAwMDAtMDAwMCIsImVtYWlsIjoic3VwZXJhZG1pbi1mYWxsYmFja0BxdWV0emFsdGljLmxvY2FsIiwicm9sZSI6IkFETUlOIiwiZXhwIjoxNzc0NjM0NDY4fQ.71bAuAgGefR9QsBusckXe9vf3-u3p2xGEvGAP2evfwo",
        "x-correlation-id": "ui_gov_1774553790675",
        "sec-ch-ua": "\"Chromium\";v=\"146\", \"Not-A.Brand\";v=\"24\", \"Brave\";v=\"146\"",
        "sec-ch-ua-mobile": "?0",
        "x-idempotency-key": "ece24292-e031-4d9b-b1aa-83ee42e7251c",
        "user-agent": "Mozilla/5.0 (Windows NT 10.0; Win64; x64) AppleWebKit/537.36 (KHTML, like Gecko) Chrome/146.0.0.0 Safari/537.36",
        "accept": "application/json, text/plain, */*",
        "content-type": "application/json",
        "sec-gpc": "1",
        "accept-language": "es-ES,es;q=0.7",
        "origin": "http://localhost:4200",
        "sec-fetch-site": "same-site",
        "sec-fetch-mode": "cors",
        "sec-fetch-dest": "empty",
        "referer": "http://localhost:4200/",
        "accept-encoding": "gzip, deflate, br, zstd",
        "if-none-match": "W/\"7f-dlEABca2EgX01ldt+S1ygkhY6Lo\""
      },
      "remoteAddress": "::1",
      "remotePort": 64158
    }
    [35mcorrelationId[39m: "ui_gov_1774553790675"
    [35mres[39m: {
      "statusCode": 200,
      "headers": {
        "x-powered-by": "Express",
        "access-control-allow-origin": "*",
        "access-control-allow-credentials": "true",
        "x-correlation-id": "ui_gov_1774553790675",
        "content-type": "application/json; charset=utf-8",
        "content-length": "127",
        "etag": "W/\"7f-mexsbaqRA52Ok54qOsMyumWfY9E\""
      }
    }
    [35mresponseTime[39m: 60
[DEBUG] JWT Payload: {"sub":"0000-0000-0000","email":"superadmin-fallback@quetzaltic.local","role":"ADMIN","exp":1774634468}
[DEBUG] Authenticated Actor: superadmin-fallback@quetzaltic.local
[12:36:35.739] [32mINFO[39m (6280): [36mrequest completed[39m
    [35mreq[39m: {
      "id": 226,
      "method": "GET",
      "url": "/api/governance/lockdown/status",
      "query": {},
      "params": {
        "path": [
          "governance",
          "lockdown",
          "status"
        ]
      },
      "headers": {
        "host": "localhost:3333",
        "connection": "keep-alive",
        "x-actor": "superadmin-fallback@quetzaltic.local",
        "sec-ch-ua-platform": "\"Windows\"",
        "authorization": "Bearer eyJhbGciOiJIUzI1NiIsInR5cCI6IkpXVCJ9.eyJzdWIiOiIwMDAwLTAwMDAtMDAwMCIsImVtYWlsIjoic3VwZXJhZG1pbi1mYWxsYmFja0BxdWV0emFsdGljLmxvY2FsIiwicm9sZSI6IkFETUlOIiwiZXhwIjoxNzc0NjM0NDY4fQ.71bAuAgGefR9QsBusckXe9vf3-u3p2xGEvGAP2evfwo",
        "x-correlation-id": "ui_gov_1774553795675",
        "sec-ch-ua": "\"Chromium\";v=\"146\", \"Not-A.Brand\";v=\"24\", \"Brave\";v=\"146\"",
        "sec-ch-ua-mobile": "?0",
        "x-idempotency-key": "6db284a3-e541-4dff-a51c-5b2126c67e02",
        "user-agent": "Mozilla/5.0 (Windows NT 10.0; Win64; x64) AppleWebKit/537.36 (KHTML, like Gecko) Chrome/146.0.0.0 Safari/537.36",
        "accept": "application/json, text/plain, */*",
        "content-type": "application/json",
        "sec-gpc": "1",
        "accept-language": "es-ES,es;q=0.7",
        "origin": "http://localhost:4200",
        "sec-fetch-site": "same-site",
        "sec-fetch-mode": "cors",
        "sec-fetch-dest": "empty",
        "referer": "http://localhost:4200/",
        "accept-encoding": "gzip, deflate, br, zstd",
        "if-none-match": "W/\"7f-mexsbaqRA52Ok54qOsMyumWfY9E\""
      },
      "remoteAddress": "::1",
      "remotePort": 64158
    }
    [35mcorrelationId[39m: "ui_gov_1774553795675"
    [35mres[39m: {
      "statusCode": 200,
      "headers": {
        "x-powered-by": "Express",
        "access-control-allow-origin": "*",
        "access-control-allow-credentials": "true",
        "x-correlation-id": "ui_gov_1774553795675",
        "content-type": "application/json; charset=utf-8",
        "content-length": "127",
        "etag": "W/\"7f-G8UGRAdrXc4Z2JvrkrTXPbTmY5g\""
      }
    }
    [35mresponseTime[39m: 61
[DEBUG] JWT Payload: {"sub":"0000-0000-0000","email":"superadmin-fallback@quetzaltic.local","role":"ADMIN","exp":1774634468}
[DEBUG] Authenticated Actor: superadmin-fallback@quetzaltic.local
[DEBUG] JWT Payload: {"sub":"0000-0000-0000","email":"superadmin-fallback@quetzaltic.local","role":"ADMIN","exp":1774634468}
[DEBUG] Authenticated Actor: superadmin-fallback@quetzaltic.local
[12:36:36.891] [32mINFO[39m (6280): [36mrequest completed[39m
    [35mreq[39m: {
      "id": 227,
      "method": "GET",
      "url": "/api/governance/stats",
      "query": {},
      "params": {
        "path": [
          "governance",
          "stats"
        ]
      },
      "headers": {
        "host": "localhost:3333",
        "connection": "keep-alive",
        "x-actor": "superadmin-fallback@quetzaltic.local",
        "sec-ch-ua-platform": "\"Windows\"",
        "authorization": "Bearer eyJhbGciOiJIUzI1NiIsInR5cCI6IkpXVCJ9.eyJzdWIiOiIwMDAwLTAwMDAtMDAwMCIsImVtYWlsIjoic3VwZXJhZG1pbi1mYWxsYmFja0BxdWV0emFsdGljLmxvY2FsIiwicm9sZSI6IkFETUlOIiwiZXhwIjoxNzc0NjM0NDY4fQ.71bAuAgGefR9QsBusckXe9vf3-u3p2xGEvGAP2evfwo",
        "x-correlation-id": "ui_gov_1774553796809",
        "sec-ch-ua": "\"Chromium\";v=\"146\", \"Not-A.Brand\";v=\"24\", \"Brave\";v=\"146\"",
        "sec-ch-ua-mobile": "?0",
        "x-idempotency-key": "9c827a22-223f-4c81-8d25-243a5702f229",
        "user-agent": "Mozilla/5.0 (Windows NT 10.0; Win64; x64) AppleWebKit/537.36 (KHTML, like Gecko) Chrome/146.0.0.0 Safari/537.36",
        "accept": "application/json, text/plain, */*",
        "content-type": "application/json",
        "sec-gpc": "1",
        "accept-language": "es-ES,es;q=0.7",
        "origin": "http://localhost:4200",
        "sec-fetch-site": "same-site",
        "sec-fetch-mode": "cors",
        "sec-fetch-dest": "empty",
        "referer": "http://localhost:4200/",
        "accept-encoding": "gzip, deflate, br, zstd",
        "if-none-match": "W/\"c4-8UmmQapeGWyYe4AyUnK5t8IoOQc\""
      },
      "remoteAddress": "::1",
      "remotePort": 62870
    }
    [35mcorrelationId[39m: "ui_gov_1774553796809"
    [35mres[39m: {
      "statusCode": 200,
      "headers": {
        "x-powered-by": "Express",
        "access-control-allow-origin": "*",
        "access-control-allow-credentials": "true",
        "x-correlation-id": "ui_gov_1774553796809",
        "content-type": "application/json; charset=utf-8",
        "content-length": "196",
        "etag": "W/\"c4-TJNWu+5QL3rn2+VmzzWsLcTwOCw\""
      }
    }
    [35mresponseTime[39m: 75
[DEBUG] JWT Payload: {"sub":"0000-0000-0000","email":"superadmin-fallback@quetzaltic.local","role":"ADMIN","exp":1774634468}
[DEBUG] Authenticated Actor: superadmin-fallback@quetzaltic.local
[12:36:36.964] [32mINFO[39m (6280): [36mrequest completed[39m
    [35mreq[39m: {
      "id": 229,
      "method": "GET",
      "url": "/api/governance/stats",
      "query": {},
      "params": {
        "path": [
          "governance",
          "stats"
        ]
      },
      "headers": {
        "host": "localhost:3333",
        "connection": "keep-alive",
        "x-actor": "superadmin-fallback@quetzaltic.local",
        "sec-ch-ua-platform": "\"Windows\"",
        "authorization": "Bearer eyJhbGciOiJIUzI1NiIsInR5cCI6IkpXVCJ9.eyJzdWIiOiIwMDAwLTAwMDAtMDAwMCIsImVtYWlsIjoic3VwZXJhZG1pbi1mYWxsYmFja0BxdWV0emFsdGljLmxvY2FsIiwicm9sZSI6IkFETUlOIiwiZXhwIjoxNzc0NjM0NDY4fQ.71bAuAgGefR9QsBusckXe9vf3-u3p2xGEvGAP2evfwo",
        "x-correlation-id": "ui_gov_1774553796810",
        "sec-ch-ua": "\"Chromium\";v=\"146\", \"Not-A.Brand\";v=\"24\", \"Brave\";v=\"146\"",
        "sec-ch-ua-mobile": "?0",
        "x-idempotency-key": "69df3b12-39b4-4f3e-8cdd-26a91765a35d",
        "user-agent": "Mozilla/5.0 (Windows NT 10.0; Win64; x64) AppleWebKit/537.36 (KHTML, like Gecko) Chrome/146.0.0.0 Safari/537.36",
        "accept": "application/json, text/plain, */*",
        "content-type": "application/json",
        "sec-gpc": "1",
        "accept-language": "es-ES,es;q=0.7",
        "origin": "http://localhost:4200",
        "sec-fetch-site": "same-site",
        "sec-fetch-mode": "cors",
        "sec-fetch-dest": "empty",
        "referer": "http://localhost:4200/",
        "accept-encoding": "gzip, deflate, br, zstd",
        "if-none-match": "W/\"c4-TJNWu+5QL3rn2+VmzzWsLcTwOCw\""
      },
      "remoteAddress": "::1",
      "remotePort": 62870
    }
    [35mcorrelationId[39m: "ui_gov_1774553796810"
    [35mres[39m: {
      "statusCode": 200,
      "headers": {
        "x-powered-by": "Express",
        "access-control-allow-origin": "*",
        "access-control-allow-credentials": "true",
        "x-correlation-id": "ui_gov_1774553796810",
        "content-type": "application/json; charset=utf-8",
        "content-length": "196",
        "etag": "W/\"c4-UJluqTEBHW2uMUkONamNzdyUzco\""
      }
    }
    [35mresponseTime[39m: 67
[12:36:37.626] [32mINFO[39m (6280): [36mrequest completed[39m
    [35mreq[39m: {
      "id": 228,
      "method": "GET",
      "url": "/api/governance/audit-logs?ticketId=&actor=&tableName=&correlationId=&startDate=&endDate=&page=1&limit=8&includeSnapshots=true&grouped=true",
      "query": {
        "ticketId": "",
        "actor": "",
        "tableName": "",
        "correlationId": "",
        "startDate": "",
        "endDate": "",
        "page": "1",
        "limit": "8",
        "includeSnapshots": "true",
        "grouped": "true"
      },
      "params": {
        "path": [
          "governance",
          "audit-logs"
        ]
      },
      "headers": {
        "host": "localhost:3333",
        "connection": "keep-alive",
        "x-actor": "superadmin-fallback@quetzaltic.local",
        "sec-ch-ua-platform": "\"Windows\"",
        "authorization": "Bearer eyJhbGciOiJIUzI1NiIsInR5cCI6IkpXVCJ9.eyJzdWIiOiIwMDAwLTAwMDAtMDAwMCIsImVtYWlsIjoic3VwZXJhZG1pbi1mYWxsYmFja0BxdWV0emFsdGljLmxvY2FsIiwicm9sZSI6IkFETUlOIiwiZXhwIjoxNzc0NjM0NDY4fQ.71bAuAgGefR9QsBusckXe9vf3-u3p2xGEvGAP2evfwo",
        "x-correlation-id": "ui_gov_1774553796811",
        "sec-ch-ua": "\"Chromium\";v=\"146\", \"Not-A.Brand\";v=\"24\", \"Brave\";v=\"146\"",
        "sec-ch-ua-mobile": "?0",
        "x-idempotency-key": "217ca853-2e65-437d-be40-8cc45ea31563",
        "user-agent": "Mozilla/5.0 (Windows NT 10.0; Win64; x64) AppleWebKit/537.36 (KHTML, like Gecko) Chrome/146.0.0.0 Safari/537.36",
        "accept": "application/json, text/plain, */*",
        "content-type": "application/json",
        "sec-gpc": "1",
        "accept-language": "es-ES,es;q=0.7",
        "origin": "http://localhost:4200",
        "sec-fetch-site": "same-site",
        "sec-fetch-mode": "cors",
        "sec-fetch-dest": "empty",
        "referer": "http://localhost:4200/",
        "accept-encoding": "gzip, deflate, br, zstd",
        "if-none-match": "W/\"139962-9WMXztHuL/jiMkJiVDbeKGeZyEk\""
      },
      "remoteAddress": "::1",
      "remotePort": 64158
    }
    [35mcorrelationId[39m: "ui_gov_1774553796811"
    [35mres[39m: {
      "statusCode": 200,
      "headers": {
        "x-powered-by": "Express",
        "access-control-allow-origin": "*",
        "access-control-allow-credentials": "true",
        "x-correlation-id": "ui_gov_1774553796811",
        "content-type": "application/json; charset=utf-8",
        "content-length": "1284450",
        "etag": "W/\"139962-thwp2PsD9ALyrQg2XeMvLonNk70\""
      }
    }
    [35mresponseTime[39m: 809
[DEBUG] JWT Payload: {"sub":"0000-0000-0000","email":"superadmin-fallback@quetzaltic.local","role":"ADMIN","exp":1774634468}
[DEBUG] Authenticated Actor: superadmin-fallback@quetzaltic.local
[12:36:40.741] [32mINFO[39m (6280): [36mrequest completed[39m
    [35mreq[39m: {
      "id": 230,
      "method": "GET",
      "url": "/api/governance/lockdown/status",
      "query": {},
      "params": {
        "path": [
          "governance",
          "lockdown",
          "status"
        ]
      },
      "headers": {
        "host": "localhost:3333",
        "connection": "keep-alive",
        "x-actor": "superadmin-fallback@quetzaltic.local",
        "sec-ch-ua-platform": "\"Windows\"",
        "authorization": "Bearer eyJhbGciOiJIUzI1NiIsInR5cCI6IkpXVCJ9.eyJzdWIiOiIwMDAwLTAwMDAtMDAwMCIsImVtYWlsIjoic3VwZXJhZG1pbi1mYWxsYmFja0BxdWV0emFsdGljLmxvY2FsIiwicm9sZSI6IkFETUlOIiwiZXhwIjoxNzc0NjM0NDY4fQ.71bAuAgGefR9QsBusckXe9vf3-u3p2xGEvGAP2evfwo",
        "x-correlation-id": "ui_gov_1774553800681",
        "sec-ch-ua": "\"Chromium\";v=\"146\", \"Not-A.Brand\";v=\"24\", \"Brave\";v=\"146\"",
        "sec-ch-ua-mobile": "?0",
        "x-idempotency-key": "23755e6b-d68c-414b-b8c7-5d1fa1fce546",
        "user-agent": "Mozilla/5.0 (Windows NT 10.0; Win64; x64) AppleWebKit/537.36 (KHTML, like Gecko) Chrome/146.0.0.0 Safari/537.36",
        "accept": "application/json, text/plain, */*",
        "content-type": "application/json",
        "sec-gpc": "1",
        "accept-language": "es-ES,es;q=0.7",
        "origin": "http://localhost:4200",
        "sec-fetch-site": "same-site",
        "sec-fetch-mode": "cors",
        "sec-fetch-dest": "empty",
        "referer": "http://localhost:4200/",
        "accept-encoding": "gzip, deflate, br, zstd",
        "if-none-match": "W/\"7f-G8UGRAdrXc4Z2JvrkrTXPbTmY5g\""
      },
      "remoteAddress": "::1",
      "remotePort": 64158
    }
    [35mcorrelationId[39m: "ui_gov_1774553800681"
    [35mres[39m: {
      "statusCode": 200,
      "headers": {
        "x-powered-by": "Express",
        "access-control-allow-origin": "*",
        "access-control-allow-credentials": "true",
        "x-correlation-id": "ui_gov_1774553800681",
        "content-type": "application/json; charset=utf-8",
        "content-length": "127",
        "etag": "W/\"7f-+vMxlldB18RjqQ/prx+rSfxSYhg\""
      }
    }
    [35mresponseTime[39m: 56
[DEBUG] JWT Payload: {"sub":"0000-0000-0000","email":"superadmin-fallback@quetzaltic.local","role":"ADMIN","exp":1774634468}
[DEBUG] Authenticated Actor: superadmin-fallback@quetzaltic.local
[12:36:45.814] [32mINFO[39m (6280): [36mrequest completed[39m
    [35mreq[39m: {
      "id": 231,
      "method": "GET",
      "url": "/api/governance/lockdown/status",
      "query": {},
      "params": {
        "path": [
          "governance",
          "lockdown",
          "status"
        ]
      },
      "headers": {
        "host": "localhost:3333",
        "connection": "keep-alive",
        "x-actor": "superadmin-fallback@quetzaltic.local",
        "sec-ch-ua-platform": "\"Windows\"",
        "authorization": "Bearer eyJhbGciOiJIUzI1NiIsInR5cCI6IkpXVCJ9.eyJzdWIiOiIwMDAwLTAwMDAtMDAwMCIsImVtYWlsIjoic3VwZXJhZG1pbi1mYWxsYmFja0BxdWV0emFsdGljLmxvY2FsIiwicm9sZSI6IkFETUlOIiwiZXhwIjoxNzc0NjM0NDY4fQ.71bAuAgGefR9QsBusckXe9vf3-u3p2xGEvGAP2evfwo",
        "x-correlation-id": "ui_gov_1774553805689",
        "sec-ch-ua": "\"Chromium\";v=\"146\", \"Not-A.Brand\";v=\"24\", \"Brave\";v=\"146\"",
        "sec-ch-ua-mobile": "?0",
        "x-idempotency-key": "291b4e42-d278-4152-8541-8f9fb3eb3f0d",
        "user-agent": "Mozilla/5.0 (Windows NT 10.0; Win64; x64) AppleWebKit/537.36 (KHTML, like Gecko) Chrome/146.0.0.0 Safari/537.36",
        "accept": "application/json, text/plain, */*",
        "content-type": "application/json",
        "sec-gpc": "1",
        "accept-language": "es-ES,es;q=0.7",
        "origin": "http://localhost:4200",
        "sec-fetch-site": "same-site",
        "sec-fetch-mode": "cors",
        "sec-fetch-dest": "empty",
        "referer": "http://localhost:4200/",
        "accept-encoding": "gzip, deflate, br, zstd",
        "if-none-match": "W/\"7f-+vMxlldB18RjqQ/prx+rSfxSYhg\""
      },
      "remoteAddress": "::1",
      "remotePort": 64158
    }
    [35mcorrelationId[39m: "ui_gov_1774553805689"
    [35mres[39m: {
      "statusCode": 200,
      "headers": {
        "x-powered-by": "Express",
        "access-control-allow-origin": "*",
        "access-control-allow-credentials": "true",
        "x-correlation-id": "ui_gov_1774553805689",
        "content-type": "application/json; charset=utf-8",
        "content-length": "127",
        "etag": "W/\"7f-/BCI2qLPglGO3aO7yu5onHJCPzE\""
      }
    }
    [35mresponseTime[39m: 119
[DEBUG] JWT Payload: {"sub":"0000-0000-0000","email":"superadmin-fallback@quetzaltic.local","role":"ADMIN","exp":1774634468}
[DEBUG] Authenticated Actor: superadmin-fallback@quetzaltic.local
[DEBUG] JWT Payload: {"sub":"0000-0000-0000","email":"superadmin-fallback@quetzaltic.local","role":"ADMIN","exp":1774638639}
[DEBUG] Authenticated Actor: superadmin-fallback@quetzaltic.local
[DEBUG] JWT Payload: {"sub":"323eac7b-615e-4bb2-b4da-1327cd63a13b","email":"oscar","role":"OPERATOR","exp":1774634503}
[DEBUG] Authenticated Actor: oscar
[12:36:47.859] [32mINFO[39m (6280): [36mrequest completed[39m
    [35mreq[39m: {
      "id": 233,
      "method": "GET",
      "url": "/api/governance/lockdown/status",
      "query": {},
      "params": {
        "path": [
          "governance",
          "lockdown",
          "status"
        ]
      },
      "headers": {
        "host": "localhost:3333",
        "connection": "keep-alive",
        "x-actor": "superadmin-fallback@quetzaltic.local",
        "sec-ch-ua-platform": "\"Windows\"",
        "authorization": "Bearer eyJhbGciOiJIUzI1NiIsInR5cCI6IkpXVCJ9.eyJzdWIiOiIwMDAwLTAwMDAtMDAwMCIsImVtYWlsIjoic3VwZXJhZG1pbi1mYWxsYmFja0BxdWV0emFsdGljLmxvY2FsIiwicm9sZSI6IkFETUlOIiwiZXhwIjoxNzc0NjM4NjM5fQ.xmY4FNONhzuEoNvjkhYF1T2QZUS1fNN4eDVqBiZrNoI",
        "x-correlation-id": "ui_gov_1774553807726",
        "sec-ch-ua": "\"Chromium\";v=\"146\", \"Not-A.Brand\";v=\"24\", \"Google Chrome\";v=\"146\"",
        "sec-ch-ua-mobile": "?0",
        "x-idempotency-key": "36b1d9fe-b337-4108-95d7-41e48f166b7d",
        "user-agent": "Mozilla/5.0 (Windows NT 10.0; Win64; x64) AppleWebKit/537.36 (KHTML, like Gecko) Chrome/146.0.0.0 Safari/537.36",
        "accept": "application/json, text/plain, */*",
        "content-type": "application/json",
        "origin": "http://localhost:4200",
        "sec-fetch-site": "same-site",
        "sec-fetch-mode": "cors",
        "sec-fetch-dest": "empty",
        "referer": "http://localhost:4200/",
        "accept-encoding": "gzip, deflate, br, zstd",
        "accept-language": "es-ES,es;q=0.9",
        "if-none-match": "W/\"7f-QyYvhvJamNaf9eebSUjU0m+vRKY\""
      },
      "remoteAddress": "::1",
      "remotePort": 50519
    }
    [35mcorrelationId[39m: "ui_gov_1774553807726"
    [35mres[39m: {
      "statusCode": 200,
      "headers": {
        "x-powered-by": "Express",
        "access-control-allow-origin": "*",
        "access-control-allow-credentials": "true",
        "x-correlation-id": "ui_gov_1774553807726",
        "content-type": "application/json; charset=utf-8",
        "content-length": "127",
        "etag": "W/\"7f-PFfea7qLrCwWl1Jw2Mrd+QFwPM8\""
      }
    }
    [35mresponseTime[39m: 117
[12:36:47.876] [32mINFO[39m (6280): [36mrequest completed[39m
    [35mreq[39m: {
      "id": 235,
      "method": "GET",
      "url": "/api/governance/lockdown/status",
      "query": {},
      "params": {
        "path": [
          "governance",
          "lockdown",
          "status"
        ]
      },
      "headers": {
        "host": "localhost:3333",
        "connection": "keep-alive",
        "x-actor": "oscar",
        "sec-ch-ua-platform": "\"Windows\"",
        "authorization": "Bearer eyJhbGciOiJIUzI1NiIsInR5cCI6IkpXVCJ9.eyJzdWIiOiIzMjNlYWM3Yi02MTVlLTRiYjItYjRkYS0xMzI3Y2Q2M2ExM2IiLCJlbWFpbCI6Im9zY2FyIiwicm9sZSI6Ik9QRVJBVE9SIiwiZXhwIjoxNzc0NjM0NTAzfQ.J7klEKAA3C-Tm9Gl19iwGBgwv3ylSn9-YLxh_vQ7hXE",
        "x-correlation-id": "ui_gov_1774553807727",
        "sec-ch-ua": "\"Chromium\";v=\"146\", \"Not-A.Brand\";v=\"24\", \"Brave\";v=\"146\"",
        "sec-ch-ua-mobile": "?0",
        "x-idempotency-key": "19cbbd20-4ef5-4cf6-9e23-6041e28d678d",
        "user-agent": "Mozilla/5.0 (Windows NT 10.0; Win64; x64) AppleWebKit/537.36 (KHTML, like Gecko) Chrome/146.0.0.0 Safari/537.36",
        "accept": "application/json, text/plain, */*",
        "content-type": "application/json",
        "sec-gpc": "1",
        "accept-language": "es-ES,es;q=0.7",
        "origin": "http://localhost:4200",
        "sec-fetch-site": "same-site",
        "sec-fetch-mode": "cors",
        "sec-fetch-dest": "empty",
        "referer": "http://localhost:4200/",
        "accept-encoding": "gzip, deflate, br, zstd",
        "if-none-match": "W/\"7f-/BCI2qLPglGO3aO7yu5onHJCPzE\""
      },
      "remoteAddress": "::1",
      "remotePort": 60058
    }
    [35mcorrelationId[39m: "ui_gov_1774553807727"
    [35mres[39m: {
      "statusCode": 200,
      "headers": {
        "x-powered-by": "Express",
        "access-control-allow-origin": "*",
        "access-control-allow-credentials": "true",
        "x-correlation-id": "ui_gov_1774553807727",
        "content-type": "application/json; charset=utf-8",
        "content-length": "127",
        "etag": "W/\"7f-GXhSdfjXxDKNLxwpHU+nlwAt3M0\""
      }
    }
    [35mresponseTime[39m: 118
[12:36:48.029] [32mINFO[39m (6280): [36mrequest completed[39m
    [35mreq[39m: {
      "id": 234,
      "method": "GET",
      "url": "/api/test-oscar",
      "query": {},
      "params": {
        "path": [
          "test-oscar"
        ]
      },
      "headers": {
        "host": "localhost:3333",
        "connection": "keep-alive",
        "sec-ch-ua-platform": "\"Windows\"",
        "authorization": "Bearer eyJhbGciOiJIUzI1NiIsInR5cCI6IkpXVCJ9.eyJzdWIiOiIwMDAwLTAwMDAtMDAwMCIsImVtYWlsIjoic3VwZXJhZG1pbi1mYWxsYmFja0BxdWV0emFsdGljLmxvY2FsIiwicm9sZSI6IkFETUlOIiwiZXhwIjoxNzc0NjM4NjM5fQ.xmY4FNONhzuEoNvjkhYF1T2QZUS1fNN4eDVqBiZrNoI",
        "user-agent": "Mozilla/5.0 (Windows NT 10.0; Win64; x64) AppleWebKit/537.36 (KHTML, like Gecko) Chrome/146.0.0.0 Safari/537.36",
        "accept": "application/json, text/plain, */*",
        "sec-ch-ua": "\"Chromium\";v=\"146\", \"Not-A.Brand\";v=\"24\", \"Google Chrome\";v=\"146\"",
        "sec-ch-ua-mobile": "?0",
        "origin": "http://localhost:4200",
        "sec-fetch-site": "same-site",
        "sec-fetch-mode": "cors",
        "sec-fetch-dest": "empty",
        "referer": "http://localhost:4200/",
        "accept-encoding": "gzip, deflate, br, zstd",
        "accept-language": "es-ES,es;q=0.9",
        "if-none-match": "W/\"c56c-f1z8dSgA04sKK9KSsdKZlN+KlvA\""
      },
      "remoteAddress": "::1",
      "remotePort": 58610
    }
    [35mcorrelationId[39m: "c16660d0-f531-4bec-8fc7-2059f6645513"
    [35mres[39m: {
      "statusCode": 200,
      "headers": {
        "x-powered-by": "Express",
        "access-control-allow-origin": "*",
        "access-control-allow-credentials": "true",
        "x-correlation-id": "c16660d0-f531-4bec-8fc7-2059f6645513",
        "content-type": "application/json; charset=utf-8",
        "content-length": "50540",
        "etag": "W/\"c56c-LwC9fBZA7ylJU6mssP/xV9l9i2A\""
      }
    }
    [35mresponseTime[39m: 281
[12:36:49.175] [32mINFO[39m (6280): [36mrequest completed[39m
    [35mreq[39m: {
      "id": 232,
      "method": "GET",
      "url": "/api/governance/audit-logs?ticketId=&actor=&tableName=&correlationId=&startDate=&endDate=&page=1&limit=8&includeSnapshots=true&grouped=true",
      "query": {
        "ticketId": "",
        "actor": "",
        "tableName": "",
        "correlationId": "",
        "startDate": "",
        "endDate": "",
        "page": "1",
        "limit": "8",
        "includeSnapshots": "true",
        "grouped": "true"
      },
      "params": {
        "path": [
          "governance",
          "audit-logs"
        ]
      },
      "headers": {
        "host": "localhost:3333",
        "connection": "keep-alive",
        "x-actor": "superadmin-fallback@quetzaltic.local",
        "sec-ch-ua-platform": "\"Windows\"",
        "authorization": "Bearer eyJhbGciOiJIUzI1NiIsInR5cCI6IkpXVCJ9.eyJzdWIiOiIwMDAwLTAwMDAtMDAwMCIsImVtYWlsIjoic3VwZXJhZG1pbi1mYWxsYmFja0BxdWV0emFsdGljLmxvY2FsIiwicm9sZSI6IkFETUlOIiwiZXhwIjoxNzc0NjM0NDY4fQ.71bAuAgGefR9QsBusckXe9vf3-u3p2xGEvGAP2evfwo",
        "x-correlation-id": "ui_gov_1774553807724",
        "sec-ch-ua": "\"Chromium\";v=\"146\", \"Not-A.Brand\";v=\"24\", \"Brave\";v=\"146\"",
        "sec-ch-ua-mobile": "?0",
        "x-idempotency-key": "87236032-c834-4c42-a77e-145d0b28c928",
        "user-agent": "Mozilla/5.0 (Windows NT 10.0; Win64; x64) AppleWebKit/537.36 (KHTML, like Gecko) Chrome/146.0.0.0 Safari/537.36",
        "accept": "application/json, text/plain, */*",
        "content-type": "application/json",
        "sec-gpc": "1",
        "accept-language": "es-ES,es;q=0.7",
        "origin": "http://localhost:4200",
        "sec-fetch-site": "same-site",
        "sec-fetch-mode": "cors",
        "sec-fetch-dest": "empty",
        "referer": "http://localhost:4200/",
        "accept-encoding": "gzip, deflate, br, zstd",
        "if-none-match": "W/\"139962-thwp2PsD9ALyrQg2XeMvLonNk70\""
      },
      "remoteAddress": "::1",
      "remotePort": 64158
    }
    [35mcorrelationId[39m: "ui_gov_1774553807724"
    [35mres[39m: {
      "statusCode": 200,
      "headers": {
        "x-powered-by": "Express",
        "access-control-allow-origin": "*",
        "access-control-allow-credentials": "true",
        "x-correlation-id": "ui_gov_1774553807724",
        "content-type": "application/json; charset=utf-8",
        "content-length": "1284450",
        "etag": "W/\"139962-Q2iXEun/TdGa+oFv/LqUwclx0Vs\""
      }
    }
    [35mresponseTime[39m: 1444
[DEBUG] JWT Payload: {"sub":"0000-0000-0000","email":"superadmin-fallback@quetzaltic.local","role":"ADMIN","exp":1774634468}
[DEBUG] Authenticated Actor: superadmin-fallback@quetzaltic.local
[12:36:50.797] [32mINFO[39m (6280): [36mrequest completed[39m
    [35mreq[39m: {
      "id": 236,
      "method": "GET",
      "url": "/api/governance/lockdown/status",
      "query": {},
      "params": {
        "path": [
          "governance",
          "lockdown",
          "status"
        ]
      },
      "headers": {
        "host": "localhost:3333",
        "connection": "keep-alive",
        "x-actor": "superadmin-fallback@quetzaltic.local",
        "sec-ch-ua-platform": "\"Windows\"",
        "authorization": "Bearer eyJhbGciOiJIUzI1NiIsInR5cCI6IkpXVCJ9.eyJzdWIiOiIwMDAwLTAwMDAtMDAwMCIsImVtYWlsIjoic3VwZXJhZG1pbi1mYWxsYmFja0BxdWV0emFsdGljLmxvY2FsIiwicm9sZSI6IkFETUlOIiwiZXhwIjoxNzc0NjM0NDY4fQ.71bAuAgGefR9QsBusckXe9vf3-u3p2xGEvGAP2evfwo",
        "x-correlation-id": "ui_gov_1774553810719",
        "sec-ch-ua": "\"Chromium\";v=\"146\", \"Not-A.Brand\";v=\"24\", \"Brave\";v=\"146\"",
        "sec-ch-ua-mobile": "?0",
        "x-idempotency-key": "ceea91b6-bf55-4828-aaa2-321b850711ff",
        "user-agent": "Mozilla/5.0 (Windows NT 10.0; Win64; x64) AppleWebKit/537.36 (KHTML, like Gecko) Chrome/146.0.0.0 Safari/537.36",
        "accept": "application/json, text/plain, */*",
        "content-type": "application/json",
        "sec-gpc": "1",
        "accept-language": "es-ES,es;q=0.7",
        "origin": "http://localhost:4200",
        "sec-fetch-site": "same-site",
        "sec-fetch-mode": "cors",
        "sec-fetch-dest": "empty",
        "referer": "http://localhost:4200/",
        "accept-encoding": "gzip, deflate, br, zstd",
        "if-none-match": "W/\"7f-GXhSdfjXxDKNLxwpHU+nlwAt3M0\""
      },
      "remoteAddress": "::1",
      "remotePort": 64158
    }
    [35mcorrelationId[39m: "ui_gov_1774553810719"
    [35mres[39m: {
      "statusCode": 200,
      "headers": {
        "x-powered-by": "Express",
        "access-control-allow-origin": "*",
        "access-control-allow-credentials": "true",
        "x-correlation-id": "ui_gov_1774553810719",
        "content-type": "application/json; charset=utf-8",
        "content-length": "127",
        "etag": "W/\"7f-K6OPYShniz7om/tQp//zNK+eYjo\""
      }
    }
    [35mresponseTime[39m: 62
[DEBUG] JWT Payload: {"sub":"0000-0000-0000","email":"superadmin-fallback@quetzaltic.local","role":"ADMIN","exp":1774634468}
[DEBUG] Authenticated Actor: superadmin-fallback@quetzaltic.local
[DEBUG] JWT Payload: {"sub":"0000-0000-0000","email":"superadmin-fallback@quetzaltic.local","role":"ADMIN","exp":1774634468}
[DEBUG] Authenticated Actor: superadmin-fallback@quetzaltic.local
[12:36:55.700] [32mINFO[39m (6280): [36mrequest completed[39m
    [35mreq[39m: {
      "id": 237,
      "method": "GET",
      "url": "/api/governance/stats",
      "query": {},
      "params": {
        "path": [
          "governance",
          "stats"
        ]
      },
      "headers": {
        "host": "localhost:3333",
        "connection": "keep-alive",
        "x-actor": "superadmin-fallback@quetzaltic.local",
        "sec-ch-ua-platform": "\"Windows\"",
        "authorization": "Bearer eyJhbGciOiJIUzI1NiIsInR5cCI6IkpXVCJ9.eyJzdWIiOiIwMDAwLTAwMDAtMDAwMCIsImVtYWlsIjoic3VwZXJhZG1pbi1mYWxsYmFja0BxdWV0emFsdGljLmxvY2FsIiwicm9sZSI6IkFETUlOIiwiZXhwIjoxNzc0NjM0NDY4fQ.71bAuAgGefR9QsBusckXe9vf3-u3p2xGEvGAP2evfwo",
        "x-correlation-id": "ui_gov_1774553815619",
        "sec-ch-ua": "\"Chromium\";v=\"146\", \"Not-A.Brand\";v=\"24\", \"Brave\";v=\"146\"",
        "sec-ch-ua-mobile": "?0",
        "x-idempotency-key": "1060174f-b002-4e09-b6ee-a2ed960c8c47",
        "user-agent": "Mozilla/5.0 (Windows NT 10.0; Win64; x64) AppleWebKit/537.36 (KHTML, like Gecko) Chrome/146.0.0.0 Safari/537.36",
        "accept": "application/json, text/plain, */*",
        "content-type": "application/json",
        "sec-gpc": "1",
        "accept-language": "es-ES,es;q=0.7",
        "origin": "http://localhost:4200",
        "sec-fetch-site": "same-site",
        "sec-fetch-mode": "cors",
        "sec-fetch-dest": "empty",
        "referer": "http://localhost:4200/",
        "accept-encoding": "gzip, deflate, br, zstd",
        "if-none-match": "W/\"c4-UJluqTEBHW2uMUkONamNzdyUzco\""
      },
      "remoteAddress": "::1",
      "remotePort": 64158
    }
    [35mcorrelationId[39m: "ui_gov_1774553815619"
    [35mres[39m: {
      "statusCode": 200,
      "headers": {
        "x-powered-by": "Express",
        "access-control-allow-origin": "*",
        "access-control-allow-credentials": "true",
        "x-correlation-id": "ui_gov_1774553815619",
        "content-type": "application/json; charset=utf-8",
        "content-length": "196",
        "etag": "W/\"c4-463BLTrkI1ax/daj/SyJj7NQqpo\""
      }
    }
    [35mresponseTime[39m: 70
[12:36:55.779] [32mINFO[39m (6280): [36mrequest completed[39m
    [35mreq[39m: {
      "id": 238,
      "method": "GET",
      "url": "/api/governance/lockdown/status",
      "query": {},
      "params": {
        "path": [
          "governance",
          "lockdown",
          "status"
        ]
      },
      "headers": {
        "host": "localhost:3333",
        "connection": "keep-alive",
        "x-actor": "superadmin-fallback@quetzaltic.local",
        "sec-ch-ua-platform": "\"Windows\"",
        "authorization": "Bearer eyJhbGciOiJIUzI1NiIsInR5cCI6IkpXVCJ9.eyJzdWIiOiIwMDAwLTAwMDAtMDAwMCIsImVtYWlsIjoic3VwZXJhZG1pbi1mYWxsYmFja0BxdWV0emFsdGljLmxvY2FsIiwicm9sZSI6IkFETUlOIiwiZXhwIjoxNzc0NjM0NDY4fQ.71bAuAgGefR9QsBusckXe9vf3-u3p2xGEvGAP2evfwo",
        "x-correlation-id": "ui_gov_1774553815682",
        "sec-ch-ua": "\"Chromium\";v=\"146\", \"Not-A.Brand\";v=\"24\", \"Brave\";v=\"146\"",
        "sec-ch-ua-mobile": "?0",
        "x-idempotency-key": "e662b51b-bba2-4872-a104-80ca163ca4b9",
        "user-agent": "Mozilla/5.0 (Windows NT 10.0; Win64; x64) AppleWebKit/537.36 (KHTML, like Gecko) Chrome/146.0.0.0 Safari/537.36",
        "accept": "application/json, text/plain, */*",
        "content-type": "application/json",
        "sec-gpc": "1",
        "accept-language": "es-ES,es;q=0.7",
        "origin": "http://localhost:4200",
        "sec-fetch-site": "same-site",
        "sec-fetch-mode": "cors",
        "sec-fetch-dest": "empty",
        "referer": "http://localhost:4200/",
        "accept-encoding": "gzip, deflate, br, zstd",
        "if-none-match": "W/\"7f-K6OPYShniz7om/tQp//zNK+eYjo\""
      },
      "remoteAddress": "::1",
      "remotePort": 58043
    }
    [35mcorrelationId[39m: "ui_gov_1774553815682"
    [35mres[39m: {
      "statusCode": 200,
      "headers": {
        "x-powered-by": "Express",
        "access-control-allow-origin": "*",
        "access-control-allow-credentials": "true",
        "x-correlation-id": "ui_gov_1774553815682",
        "content-type": "application/json; charset=utf-8",
        "content-length": "127",
        "etag": "W/\"7f-Kg8xXMA2/UBrTFq/It2DP2bK+u8\""
      }
    }
    [35mresponseTime[39m: 82
[DEBUG] JWT Payload: {"sub":"0000-0000-0000","email":"superadmin-fallback@quetzaltic.local","role":"ADMIN","exp":1774634468}
[DEBUG] Authenticated Actor: superadmin-fallback@quetzaltic.local
[12:36:57.673] [32mINFO[39m (6280): [36mrequest completed[39m
    [35mreq[39m: {
      "id": 239,
      "method": "GET",
      "url": "/api/governance/audit-logs?ticketId=&actor=&tableName=&correlationId=&startDate=&endDate=&page=1&limit=8&includeSnapshots=true&grouped=true",
      "query": {
        "ticketId": "",
        "actor": "",
        "tableName": "",
        "correlationId": "",
        "startDate": "",
        "endDate": "",
        "page": "1",
        "limit": "8",
        "includeSnapshots": "true",
        "grouped": "true"
      },
      "params": {
        "path": [
          "governance",
          "audit-logs"
        ]
      },
      "headers": {
        "host": "localhost:3333",
        "connection": "keep-alive",
        "x-actor": "superadmin-fallback@quetzaltic.local",
        "sec-ch-ua-platform": "\"Windows\"",
        "authorization": "Bearer eyJhbGciOiJIUzI1NiIsInR5cCI6IkpXVCJ9.eyJzdWIiOiIwMDAwLTAwMDAtMDAwMCIsImVtYWlsIjoic3VwZXJhZG1pbi1mYWxsYmFja0BxdWV0emFsdGljLmxvY2FsIiwicm9sZSI6IkFETUlOIiwiZXhwIjoxNzc0NjM0NDY4fQ.71bAuAgGefR9QsBusckXe9vf3-u3p2xGEvGAP2evfwo",
        "x-correlation-id": "ui_gov_1774553816808",
        "sec-ch-ua": "\"Chromium\";v=\"146\", \"Not-A.Brand\";v=\"24\", \"Brave\";v=\"146\"",
        "sec-ch-ua-mobile": "?0",
        "x-idempotency-key": "ef459f53-757e-4bf7-8533-b949a04fb0db",
        "user-agent": "Mozilla/5.0 (Windows NT 10.0; Win64; x64) AppleWebKit/537.36 (KHTML, like Gecko) Chrome/146.0.0.0 Safari/537.36",
        "accept": "application/json, text/plain, */*",
        "content-type": "application/json",
        "sec-gpc": "1",
        "accept-language": "es-ES,es;q=0.7",
        "origin": "http://localhost:4200",
        "sec-fetch-site": "same-site",
        "sec-fetch-mode": "cors",
        "sec-fetch-dest": "empty",
        "referer": "http://localhost:4200/",
        "accept-encoding": "gzip, deflate, br, zstd",
        "if-none-match": "W/\"139962-Q2iXEun/TdGa+oFv/LqUwclx0Vs\""
      },
      "remoteAddress": "::1",
      "remotePort": 58043
    }
    [35mcorrelationId[39m: "ui_gov_1774553816808"
    [35mres[39m: {
      "statusCode": 200,
      "headers": {
        "x-powered-by": "Express",
        "access-control-allow-origin": "*",
        "access-control-allow-credentials": "true",
        "x-correlation-id": "ui_gov_1774553816808",
        "content-type": "application/json; charset=utf-8",
        "content-length": "1284450",
        "etag": "W/\"139962-NOuvxhFFdvDfXyr1BOm/uUMFFEo\""
      }
    }
    [35mresponseTime[39m: 858
[DEBUG] JWT Payload: {"sub":"0000-0000-0000","email":"superadmin-fallback@quetzaltic.local","role":"ADMIN","exp":1774634468}
[DEBUG] Authenticated Actor: superadmin-fallback@quetzaltic.local
[12:37:00.745] [32mINFO[39m (6280): [36mrequest completed[39m
    [35mreq[39m: {
      "id": 240,
      "method": "GET",
      "url": "/api/governance/lockdown/status",
      "query": {},
      "params": {
        "path": [
          "governance",
          "lockdown",
          "status"
        ]
      },
      "headers": {
        "host": "localhost:3333",
        "connection": "keep-alive",
        "x-actor": "superadmin-fallback@quetzaltic.local",
        "sec-ch-ua-platform": "\"Windows\"",
        "authorization": "Bearer eyJhbGciOiJIUzI1NiIsInR5cCI6IkpXVCJ9.eyJzdWIiOiIwMDAwLTAwMDAtMDAwMCIsImVtYWlsIjoic3VwZXJhZG1pbi1mYWxsYmFja0BxdWV0emFsdGljLmxvY2FsIiwicm9sZSI6IkFETUlOIiwiZXhwIjoxNzc0NjM0NDY4fQ.71bAuAgGefR9QsBusckXe9vf3-u3p2xGEvGAP2evfwo",
        "x-correlation-id": "ui_gov_1774553820675",
        "sec-ch-ua": "\"Chromium\";v=\"146\", \"Not-A.Brand\";v=\"24\", \"Brave\";v=\"146\"",
        "sec-ch-ua-mobile": "?0",
        "x-idempotency-key": "34215052-e6db-42ea-96be-0db75195f618",
        "user-agent": "Mozilla/5.0 (Windows NT 10.0; Win64; x64) AppleWebKit/537.36 (KHTML, like Gecko) Chrome/146.0.0.0 Safari/537.36",
        "accept": "application/json, text/plain, */*",
        "content-type": "application/json",
        "sec-gpc": "1",
        "accept-language": "es-ES,es;q=0.7",
        "origin": "http://localhost:4200",
        "sec-fetch-site": "same-site",
        "sec-fetch-mode": "cors",
        "sec-fetch-dest": "empty",
        "referer": "http://localhost:4200/",
        "accept-encoding": "gzip, deflate, br, zstd",
        "if-none-match": "W/\"7f-Kg8xXMA2/UBrTFq/It2DP2bK+u8\""
      },
      "remoteAddress": "::1",
      "remotePort": 58043
    }
    [35mcorrelationId[39m: "ui_gov_1774553820675"
    [35mres[39m: {
      "statusCode": 200,
      "headers": {
        "x-powered-by": "Express",
        "access-control-allow-origin": "*",
        "access-control-allow-credentials": "true",
        "x-correlation-id": "ui_gov_1774553820675",
        "content-type": "application/json; charset=utf-8",
        "content-length": "127",
        "etag": "W/\"7f-ZD2SQEranjvJghvH7O2/Pr0XOWM\""
      }
    }
    [35mresponseTime[39m: 61
[DEBUG] JWT Payload: {"sub":"0000-0000-0000","email":"superadmin-fallback@quetzaltic.local","role":"ADMIN","exp":1774634468}
[DEBUG] Authenticated Actor: superadmin-fallback@quetzaltic.local
[12:37:05.807] [32mINFO[39m (6280): [36mrequest completed[39m
    [35mreq[39m: {
      "id": 241,
      "method": "GET",
      "url": "/api/governance/lockdown/status",
      "query": {},
      "params": {
        "path": [
          "governance",
          "lockdown",
          "status"
        ]
      },
      "headers": {
        "host": "localhost:3333",
        "connection": "keep-alive",
        "x-actor": "superadmin-fallback@quetzaltic.local",
        "sec-ch-ua-platform": "\"Windows\"",
        "authorization": "Bearer eyJhbGciOiJIUzI1NiIsInR5cCI6IkpXVCJ9.eyJzdWIiOiIwMDAwLTAwMDAtMDAwMCIsImVtYWlsIjoic3VwZXJhZG1pbi1mYWxsYmFja0BxdWV0emFsdGljLmxvY2FsIiwicm9sZSI6IkFETUlOIiwiZXhwIjoxNzc0NjM0NDY4fQ.71bAuAgGefR9QsBusckXe9vf3-u3p2xGEvGAP2evfwo",
        "x-correlation-id": "ui_gov_1774553825677",
        "sec-ch-ua": "\"Chromium\";v=\"146\", \"Not-A.Brand\";v=\"24\", \"Brave\";v=\"146\"",
        "sec-ch-ua-mobile": "?0",
        "x-idempotency-key": "1fe6bd17-a13f-485c-af67-05e5c9784633",
        "user-agent": "Mozilla/5.0 (Windows NT 10.0; Win64; x64) AppleWebKit/537.36 (KHTML, like Gecko) Chrome/146.0.0.0 Safari/537.36",
        "accept": "application/json, text/plain, */*",
        "content-type": "application/json",
        "sec-gpc": "1",
        "accept-language": "es-ES,es;q=0.7",
        "origin": "http://localhost:4200",
        "sec-fetch-site": "same-site",
        "sec-fetch-mode": "cors",
        "sec-fetch-dest": "empty",
        "referer": "http://localhost:4200/",
        "accept-encoding": "gzip, deflate, br, zstd",
        "if-none-match": "W/\"7f-ZD2SQEranjvJghvH7O2/Pr0XOWM\""
      },
      "remoteAddress": "::1",
      "remotePort": 58043
    }
    [35mcorrelationId[39m: "ui_gov_1774553825677"
    [35mres[39m: {
      "statusCode": 200,
      "headers": {
        "x-powered-by": "Express",
        "access-control-allow-origin": "*",
        "access-control-allow-credentials": "true",
        "x-correlation-id": "ui_gov_1774553825677",
        "content-type": "application/json; charset=utf-8",
        "content-length": "127",
        "etag": "W/\"7f-PSCJ2lg4gK8bU4A/2GRbpWHBWAM\""
      }
    }
    [35mresponseTime[39m: 118
[DEBUG] JWT Payload: {"sub":"0000-0000-0000","email":"superadmin-fallback@quetzaltic.local","role":"ADMIN","exp":1774634468}
[DEBUG] Authenticated Actor: superadmin-fallback@quetzaltic.local
[DEBUG] JWT Payload: {"sub":"0000-0000-0000","email":"superadmin-fallback@quetzaltic.local","role":"ADMIN","exp":1774634468}
[DEBUG] Authenticated Actor: superadmin-fallback@quetzaltic.local
[12:37:08.123] [32mINFO[39m (6280): [36mrequest completed[39m
    [35mreq[39m: {
      "id": 242,
      "method": "GET",
      "url": "/api/governance/stats",
      "query": {},
      "params": {
        "path": [
          "governance",
          "stats"
        ]
      },
      "headers": {
        "host": "localhost:3333",
        "connection": "keep-alive",
        "x-actor": "superadmin-fallback@quetzaltic.local",
        "sec-ch-ua-platform": "\"Windows\"",
        "authorization": "Bearer eyJhbGciOiJIUzI1NiIsInR5cCI6IkpXVCJ9.eyJzdWIiOiIwMDAwLTAwMDAtMDAwMCIsImVtYWlsIjoic3VwZXJhZG1pbi1mYWxsYmFja0BxdWV0emFsdGljLmxvY2FsIiwicm9sZSI6IkFETUlOIiwiZXhwIjoxNzc0NjM0NDY4fQ.71bAuAgGefR9QsBusckXe9vf3-u3p2xGEvGAP2evfwo",
        "x-correlation-id": "ui_gov_1774553827781",
        "sec-ch-ua": "\"Chromium\";v=\"146\", \"Not-A.Brand\";v=\"24\", \"Brave\";v=\"146\"",
        "sec-ch-ua-mobile": "?0",
        "x-idempotency-key": "59539cdc-dfb7-4a99-9b71-aed2b4a552d2",
        "user-agent": "Mozilla/5.0 (Windows NT 10.0; Win64; x64) AppleWebKit/537.36 (KHTML, like Gecko) Chrome/146.0.0.0 Safari/537.36",
        "accept": "application/json, text/plain, */*",
        "content-type": "application/json",
        "sec-gpc": "1",
        "accept-language": "es-ES,es;q=0.7",
        "origin": "http://localhost:4200",
        "sec-fetch-site": "same-site",
        "sec-fetch-mode": "cors",
        "sec-fetch-dest": "empty",
        "referer": "http://localhost:4200/",
        "accept-encoding": "gzip, deflate, br, zstd",
        "if-none-match": "W/\"c4-463BLTrkI1ax/daj/SyJj7NQqpo\""
      },
      "remoteAddress": "::1",
      "remotePort": 58043
    }
    [35mcorrelationId[39m: "ui_gov_1774553827781"
    [35mres[39m: {
      "statusCode": 200,
      "headers": {
        "x-powered-by": "Express",
        "access-control-allow-origin": "*",
        "access-control-allow-credentials": "true",
        "x-correlation-id": "ui_gov_1774553827781",
        "content-type": "application/json; charset=utf-8",
        "content-length": "196",
        "etag": "W/\"c4-cVJR0nZjjNGw8bNhwR9gpsi1pp0\""
      }
    }
    [35mresponseTime[39m: 131
[DEBUG] JWT Payload: {"sub":"0000-0000-0000","email":"superadmin-fallback@quetzaltic.local","role":"ADMIN","exp":1774634468}
[DEBUG] Authenticated Actor: superadmin-fallback@quetzaltic.local
[12:37:08.205] [32mINFO[39m (6280): [36mrequest completed[39m
    [35mreq[39m: {
      "id": 244,
      "method": "GET",
      "url": "/api/governance/stats",
      "query": {},
      "params": {
        "path": [
          "governance",
          "stats"
        ]
      },
      "headers": {
        "host": "localhost:3333",
        "connection": "keep-alive",
        "x-actor": "superadmin-fallback@quetzaltic.local",
        "sec-ch-ua-platform": "\"Windows\"",
        "authorization": "Bearer eyJhbGciOiJIUzI1NiIsInR5cCI6IkpXVCJ9.eyJzdWIiOiIwMDAwLTAwMDAtMDAwMCIsImVtYWlsIjoic3VwZXJhZG1pbi1mYWxsYmFja0BxdWV0emFsdGljLmxvY2FsIiwicm9sZSI6IkFETUlOIiwiZXhwIjoxNzc0NjM0NDY4fQ.71bAuAgGefR9QsBusckXe9vf3-u3p2xGEvGAP2evfwo",
        "x-correlation-id": "ui_gov_1774553827786",
        "sec-ch-ua": "\"Chromium\";v=\"146\", \"Not-A.Brand\";v=\"24\", \"Brave\";v=\"146\"",
        "sec-ch-ua-mobile": "?0",
        "x-idempotency-key": "7c2826bd-0b1d-4488-9d51-b94b0266735c",
        "user-agent": "Mozilla/5.0 (Windows NT 10.0; Win64; x64) AppleWebKit/537.36 (KHTML, like Gecko) Chrome/146.0.0.0 Safari/537.36",
        "accept": "application/json, text/plain, */*",
        "content-type": "application/json",
        "sec-gpc": "1",
        "accept-language": "es-ES,es;q=0.7",
        "origin": "http://localhost:4200",
        "sec-fetch-site": "same-site",
        "sec-fetch-mode": "cors",
        "sec-fetch-dest": "empty",
        "referer": "http://localhost:4200/",
        "accept-encoding": "gzip, deflate, br, zstd",
        "if-none-match": "W/\"c4-cVJR0nZjjNGw8bNhwR9gpsi1pp0\""
      },
      "remoteAddress": "::1",
      "remotePort": 58043
    }
    [35mcorrelationId[39m: "ui_gov_1774553827786"
    [35mres[39m: {
      "statusCode": 200,
      "headers": {
        "x-powered-by": "Express",
        "access-control-allow-origin": "*",
        "access-control-allow-credentials": "true",
        "x-correlation-id": "ui_gov_1774553827786",
        "content-type": "application/json; charset=utf-8",
        "content-length": "196",
        "etag": "W/\"c4-NeDhi99r4dI51BcD4NbIwaC0euE\""
      }
    }
    [35mresponseTime[39m: 73
[12:37:08.967] [32mINFO[39m (6280): [36mrequest completed[39m
    [35mreq[39m: {
      "id": 243,
      "method": "GET",
      "url": "/api/governance/audit-logs?ticketId=&actor=&tableName=&correlationId=&startDate=&endDate=&page=1&limit=8&includeSnapshots=true&grouped=true",
      "query": {
        "ticketId": "",
        "actor": "",
        "tableName": "",
        "correlationId": "",
        "startDate": "",
        "endDate": "",
        "page": "1",
        "limit": "8",
        "includeSnapshots": "true",
        "grouped": "true"
      },
      "params": {
        "path": [
          "governance",
          "audit-logs"
        ]
      },
      "headers": {
        "host": "localhost:3333",
        "connection": "keep-alive",
        "x-actor": "superadmin-fallback@quetzaltic.local",
        "sec-ch-ua-platform": "\"Windows\"",
        "authorization": "Bearer eyJhbGciOiJIUzI1NiIsInR5cCI6IkpXVCJ9.eyJzdWIiOiIwMDAwLTAwMDAtMDAwMCIsImVtYWlsIjoic3VwZXJhZG1pbi1mYWxsYmFja0BxdWV0emFsdGljLmxvY2FsIiwicm9sZSI6IkFETUlOIiwiZXhwIjoxNzc0NjM0NDY4fQ.71bAuAgGefR9QsBusckXe9vf3-u3p2xGEvGAP2evfwo",
        "x-correlation-id": "ui_gov_1774553827828",
        "sec-ch-ua": "\"Chromium\";v=\"146\", \"Not-A.Brand\";v=\"24\", \"Brave\";v=\"146\"",
        "sec-ch-ua-mobile": "?0",
        "x-idempotency-key": "63af4645-d8bc-45ca-a43d-644df266fc76",
        "user-agent": "Mozilla/5.0 (Windows NT 10.0; Win64; x64) AppleWebKit/537.36 (KHTML, like Gecko) Chrome/146.0.0.0 Safari/537.36",
        "accept": "application/json, text/plain, */*",
        "content-type": "application/json",
        "sec-gpc": "1",
        "accept-language": "es-ES,es;q=0.7",
        "origin": "http://localhost:4200",
        "sec-fetch-site": "same-site",
        "sec-fetch-mode": "cors",
        "sec-fetch-dest": "empty",
        "referer": "http://localhost:4200/",
        "accept-encoding": "gzip, deflate, br, zstd",
        "if-none-match": "W/\"139962-NOuvxhFFdvDfXyr1BOm/uUMFFEo\""
      },
      "remoteAddress": "::1",
      "remotePort": 57775
    }
    [35mcorrelationId[39m: "ui_gov_1774553827828"
    [35mres[39m: {
      "statusCode": 200,
      "headers": {
        "x-powered-by": "Express",
        "access-control-allow-origin": "*",
        "access-control-allow-credentials": "true",
        "x-correlation-id": "ui_gov_1774553827828",
        "content-type": "application/json; charset=utf-8",
        "content-length": "1284450",
        "etag": "W/\"139962-gJ3A4CfBgX+b8Y7xsr/RLD3T65Y\""
      }
    }
    [35mresponseTime[39m: 972
[DEBUG] JWT Payload: {"sub":"0000-0000-0000","email":"superadmin-fallback@quetzaltic.local","role":"ADMIN","exp":1774634468}
[DEBUG] Authenticated Actor: superadmin-fallback@quetzaltic.local
[12:37:10.828] [32mINFO[39m (6280): [36mrequest completed[39m
    [35mreq[39m: {
      "id": 245,
      "method": "GET",
      "url": "/api/governance/lockdown/status",
      "query": {},
      "params": {
        "path": [
          "governance",
          "lockdown",
          "status"
        ]
      },
      "headers": {
        "host": "localhost:3333",
        "connection": "keep-alive",
        "x-actor": "superadmin-fallback@quetzaltic.local",
        "sec-ch-ua-platform": "\"Windows\"",
        "authorization": "Bearer eyJhbGciOiJIUzI1NiIsInR5cCI6IkpXVCJ9.eyJzdWIiOiIwMDAwLTAwMDAtMDAwMCIsImVtYWlsIjoic3VwZXJhZG1pbi1mYWxsYmFja0BxdWV0emFsdGljLmxvY2FsIiwicm9sZSI6IkFETUlOIiwiZXhwIjoxNzc0NjM0NDY4fQ.71bAuAgGefR9QsBusckXe9vf3-u3p2xGEvGAP2evfwo",
        "x-correlation-id": "ui_gov_1774553830731",
        "sec-ch-ua": "\"Chromium\";v=\"146\", \"Not-A.Brand\";v=\"24\", \"Brave\";v=\"146\"",
        "sec-ch-ua-mobile": "?0",
        "x-idempotency-key": "313c7216-5aeb-4dce-adb4-03c261a8c165",
        "user-agent": "Mozilla/5.0 (Windows NT 10.0; Win64; x64) AppleWebKit/537.36 (KHTML, like Gecko) Chrome/146.0.0.0 Safari/537.36",
        "accept": "application/json, text/plain, */*",
        "content-type": "application/json",
        "sec-gpc": "1",
        "accept-language": "es-ES,es;q=0.7",
        "origin": "http://localhost:4200",
        "sec-fetch-site": "same-site",
        "sec-fetch-mode": "cors",
        "sec-fetch-dest": "empty",
        "referer": "http://localhost:4200/",
        "accept-encoding": "gzip, deflate, br, zstd",
        "if-none-match": "W/\"7f-PSCJ2lg4gK8bU4A/2GRbpWHBWAM\""
      },
      "remoteAddress": "::1",
      "remotePort": 57775
    }
    [35mcorrelationId[39m: "ui_gov_1774553830731"
    [35mres[39m: {
      "statusCode": 200,
      "headers": {
        "x-powered-by": "Express",
        "access-control-allow-origin": "*",
        "access-control-allow-credentials": "true",
        "x-correlation-id": "ui_gov_1774553830731",
        "content-type": "application/json; charset=utf-8",
        "content-length": "127",
        "etag": "W/\"7f-n1KGcYL8rjvci6oJHJW1zBSuigQ\""
      }
    }
    [35mresponseTime[39m: 61
[DEBUG] JWT Payload: {"sub":"0000-0000-0000","email":"superadmin-fallback@quetzaltic.local","role":"ADMIN","exp":1774634468}
[DEBUG] Authenticated Actor: superadmin-fallback@quetzaltic.local
[12:37:15.798] [32mINFO[39m (6280): [36mrequest completed[39m
    [35mreq[39m: {
      "id": 246,
      "method": "GET",
      "url": "/api/governance/lockdown/status",
      "query": {},
      "params": {
        "path": [
          "governance",
          "lockdown",
          "status"
        ]
      },
      "headers": {
        "host": "localhost:3333",
        "connection": "keep-alive",
        "x-actor": "superadmin-fallback@quetzaltic.local",
        "sec-ch-ua-platform": "\"Windows\"",
        "authorization": "Bearer eyJhbGciOiJIUzI1NiIsInR5cCI6IkpXVCJ9.eyJzdWIiOiIwMDAwLTAwMDAtMDAwMCIsImVtYWlsIjoic3VwZXJhZG1pbi1mYWxsYmFja0BxdWV0emFsdGljLmxvY2FsIiwicm9sZSI6IkFETUlOIiwiZXhwIjoxNzc0NjM0NDY4fQ.71bAuAgGefR9QsBusckXe9vf3-u3p2xGEvGAP2evfwo",
        "x-correlation-id": "ui_gov_1774553835724",
        "sec-ch-ua": "\"Chromium\";v=\"146\", \"Not-A.Brand\";v=\"24\", \"Brave\";v=\"146\"",
        "sec-ch-ua-mobile": "?0",
        "x-idempotency-key": "f15d6a60-071f-4335-ac23-c1b681029c82",
        "user-agent": "Mozilla/5.0 (Windows NT 10.0; Win64; x64) AppleWebKit/537.36 (KHTML, like Gecko) Chrome/146.0.0.0 Safari/537.36",
        "accept": "application/json, text/plain, */*",
        "content-type": "application/json",
        "sec-gpc": "1",
        "accept-language": "es-ES,es;q=0.7",
        "origin": "http://localhost:4200",
        "sec-fetch-site": "same-site",
        "sec-fetch-mode": "cors",
        "sec-fetch-dest": "empty",
        "referer": "http://localhost:4200/",
        "accept-encoding": "gzip, deflate, br, zstd",
        "if-none-match": "W/\"7f-n1KGcYL8rjvci6oJHJW1zBSuigQ\""
      },
      "remoteAddress": "::1",
      "remotePort": 57775
    }
    [35mcorrelationId[39m: "ui_gov_1774553835724"
    [35mres[39m: {
      "statusCode": 200,
      "headers": {
        "x-powered-by": "Express",
        "access-control-allow-origin": "*",
        "access-control-allow-credentials": "true",
        "x-correlation-id": "ui_gov_1774553835724",
        "content-type": "application/json; charset=utf-8",
        "content-length": "127",
        "etag": "W/\"7f-doAjMhlS9gVyZmdU2TdydS3E0h4\""
      }
    }
    [35mresponseTime[39m: 63
[DEBUG] JWT Payload: {"sub":"0000-0000-0000","email":"superadmin-fallback@quetzaltic.local","role":"ADMIN","exp":1774634468}
[DEBUG] Authenticated Actor: superadmin-fallback@quetzaltic.local
[12:37:18.933] [32mINFO[39m (6280): [36mrequest completed[39m
    [35mreq[39m: {
      "id": 247,
      "method": "GET",
      "url": "/api/governance/audit-logs?ticketId=&actor=&tableName=&correlationId=&startDate=&endDate=&page=1&limit=8&includeSnapshots=true&grouped=true",
      "query": {
        "ticketId": "",
        "actor": "",
        "tableName": "",
        "correlationId": "",
        "startDate": "",
        "endDate": "",
        "page": "1",
        "limit": "8",
        "includeSnapshots": "true",
        "grouped": "true"
      },
      "params": {
        "path": [
          "governance",
          "audit-logs"
        ]
      },
      "headers": {
        "host": "localhost:3333",
        "connection": "keep-alive",
        "x-actor": "superadmin-fallback@quetzaltic.local",
        "sec-ch-ua-platform": "\"Windows\"",
        "authorization": "Bearer eyJhbGciOiJIUzI1NiIsInR5cCI6IkpXVCJ9.eyJzdWIiOiIwMDAwLTAwMDAtMDAwMCIsImVtYWlsIjoic3VwZXJhZG1pbi1mYWxsYmFja0BxdWV0emFsdGljLmxvY2FsIiwicm9sZSI6IkFETUlOIiwiZXhwIjoxNzc0NjM0NDY4fQ.71bAuAgGefR9QsBusckXe9vf3-u3p2xGEvGAP2evfwo",
        "x-correlation-id": "ui_gov_1774553837719",
        "sec-ch-ua": "\"Chromium\";v=\"146\", \"Not-A.Brand\";v=\"24\", \"Brave\";v=\"146\"",
        "sec-ch-ua-mobile": "?0",
        "x-idempotency-key": "cea2f623-7336-4ef5-bd68-c0903f7c2b30",
        "user-agent": "Mozilla/5.0 (Windows NT 10.0; Win64; x64) AppleWebKit/537.36 (KHTML, like Gecko) Chrome/146.0.0.0 Safari/537.36",
        "accept": "application/json, text/plain, */*",
        "content-type": "application/json",
        "sec-gpc": "1",
        "accept-language": "es-ES,es;q=0.7",
        "origin": "http://localhost:4200",
        "sec-fetch-site": "same-site",
        "sec-fetch-mode": "cors",
        "sec-fetch-dest": "empty",
        "referer": "http://localhost:4200/",
        "accept-encoding": "gzip, deflate, br, zstd",
        "if-none-match": "W/\"139962-gJ3A4CfBgX+b8Y7xsr/RLD3T65Y\""
      },
      "remoteAddress": "::1",
      "remotePort": 57775
    }
    [35mcorrelationId[39m: "ui_gov_1774553837719"
    [35mres[39m: {
      "statusCode": 200,
      "headers": {
        "x-powered-by": "Express",
        "access-control-allow-origin": "*",
        "access-control-allow-credentials": "true",
        "x-correlation-id": "ui_gov_1774553837719",
        "content-type": "application/json; charset=utf-8",
        "content-length": "1284450",
        "etag": "W/\"139962-p0cek4218ay+nmHZ4KsdJ+a2TGQ\""
      }
    }
    [35mresponseTime[39m: 1206
[DEBUG] JWT Payload: {"sub":"0000-0000-0000","email":"superadmin-fallback@quetzaltic.local","role":"ADMIN","exp":1774634468}
[DEBUG] Authenticated Actor: superadmin-fallback@quetzaltic.local
[12:37:20.795] [32mINFO[39m (6280): [36mrequest completed[39m
    [35mreq[39m: {
      "id": 248,
      "method": "GET",
      "url": "/api/governance/lockdown/status",
      "query": {},
      "params": {
        "path": [
          "governance",
          "lockdown",
          "status"
        ]
      },
      "headers": {
        "host": "localhost:3333",
        "connection": "keep-alive",
        "x-actor": "superadmin-fallback@quetzaltic.local",
        "sec-ch-ua-platform": "\"Windows\"",
        "authorization": "Bearer eyJhbGciOiJIUzI1NiIsInR5cCI6IkpXVCJ9.eyJzdWIiOiIwMDAwLTAwMDAtMDAwMCIsImVtYWlsIjoic3VwZXJhZG1pbi1mYWxsYmFja0BxdWV0emFsdGljLmxvY2FsIiwicm9sZSI6IkFETUlOIiwiZXhwIjoxNzc0NjM0NDY4fQ.71bAuAgGefR9QsBusckXe9vf3-u3p2xGEvGAP2evfwo",
        "x-correlation-id": "ui_gov_1774553840722",
        "sec-ch-ua": "\"Chromium\";v=\"146\", \"Not-A.Brand\";v=\"24\", \"Brave\";v=\"146\"",
        "sec-ch-ua-mobile": "?0",
        "x-idempotency-key": "865ff444-1f7a-4999-a6e9-bbde3e63a162",
        "user-agent": "Mozilla/5.0 (Windows NT 10.0; Win64; x64) AppleWebKit/537.36 (KHTML, like Gecko) Chrome/146.0.0.0 Safari/537.36",
        "accept": "application/json, text/plain, */*",
        "content-type": "application/json",
        "sec-gpc": "1",
        "accept-language": "es-ES,es;q=0.7",
        "origin": "http://localhost:4200",
        "sec-fetch-site": "same-site",
        "sec-fetch-mode": "cors",
        "sec-fetch-dest": "empty",
        "referer": "http://localhost:4200/",
        "accept-encoding": "gzip, deflate, br, zstd",
        "if-none-match": "W/\"7f-doAjMhlS9gVyZmdU2TdydS3E0h4\""
      },
      "remoteAddress": "::1",
      "remotePort": 57775
    }
    [35mcorrelationId[39m: "ui_gov_1774553840722"
    [35mres[39m: {
      "statusCode": 200,
      "headers": {
        "x-powered-by": "Express",
        "access-control-allow-origin": "*",
        "access-control-allow-credentials": "true",
        "x-correlation-id": "ui_gov_1774553840722",
        "content-type": "application/json; charset=utf-8",
        "content-length": "127",
        "etag": "W/\"7f-cFBiZTArK+lR6BslpTth4R2aisk\""
      }
    }
    [35mresponseTime[39m: 62
[DEBUG] JWT Payload: {"sub":"0000-0000-0000","email":"superadmin-fallback@quetzaltic.local","role":"ADMIN","exp":1774634468}
[DEBUG] Authenticated Actor: superadmin-fallback@quetzaltic.local
[DEBUG] JWT Payload: {"sub":"0000-0000-0000","email":"superadmin-fallback@quetzaltic.local","role":"ADMIN","exp":1774634468}
[DEBUG] Authenticated Actor: superadmin-fallback@quetzaltic.local
[12:37:26.395] [32mINFO[39m (6280): [36mrequest completed[39m
    [35mreq[39m: {
      "id": 249,
      "method": "GET",
      "url": "/api/governance/stats",
      "query": {},
      "params": {
        "path": [
          "governance",
          "stats"
        ]
      },
      "headers": {
        "host": "localhost:3333",
        "connection": "keep-alive",
        "x-actor": "superadmin-fallback@quetzaltic.local",
        "sec-ch-ua-platform": "\"Windows\"",
        "authorization": "Bearer eyJhbGciOiJIUzI1NiIsInR5cCI6IkpXVCJ9.eyJzdWIiOiIwMDAwLTAwMDAtMDAwMCIsImVtYWlsIjoic3VwZXJhZG1pbi1mYWxsYmFja0BxdWV0emFsdGljLmxvY2FsIiwicm9sZSI6IkFETUlOIiwiZXhwIjoxNzc0NjM0NDY4fQ.71bAuAgGefR9QsBusckXe9vf3-u3p2xGEvGAP2evfwo",
        "x-correlation-id": "ui_gov_1774553845723",
        "sec-ch-ua": "\"Chromium\";v=\"146\", \"Not-A.Brand\";v=\"24\", \"Brave\";v=\"146\"",
        "sec-ch-ua-mobile": "?0",
        "x-idempotency-key": "448bdea0-e32a-4930-8aba-95b21e2425a8",
        "user-agent": "Mozilla/5.0 (Windows NT 10.0; Win64; x64) AppleWebKit/537.36 (KHTML, like Gecko) Chrome/146.0.0.0 Safari/537.36",
        "accept": "application/json, text/plain, */*",
        "content-type": "application/json",
        "sec-gpc": "1",
        "accept-language": "es-ES,es;q=0.7",
        "origin": "http://localhost:4200",
        "sec-fetch-site": "same-site",
        "sec-fetch-mode": "cors",
        "sec-fetch-dest": "empty",
        "referer": "http://localhost:4200/",
        "accept-encoding": "gzip, deflate, br, zstd",
        "if-none-match": "W/\"c4-NeDhi99r4dI51BcD4NbIwaC0euE\""
      },
      "remoteAddress": "::1",
      "remotePort": 57958
    }
    [35mcorrelationId[39m: "ui_gov_1774553845723"
    [35mres[39m: {
      "statusCode": 200,
      "headers": {
        "x-powered-by": "Express",
        "access-control-allow-origin": "*",
        "access-control-allow-credentials": "true",
        "x-correlation-id": "ui_gov_1774553845723",
        "content-type": "application/json; charset=utf-8",
        "content-length": "196",
        "etag": "W/\"c4-pBnQlUDMwGOPpRqBeXreA2RX8fA\""
      }
    }
    [35mresponseTime[39m: 138
[12:37:26.402] [32mINFO[39m (6280): [36mrequest completed[39m
    [35mreq[39m: {
      "id": 250,
      "method": "GET",
      "url": "/api/governance/lockdown/status",
      "query": {},
      "params": {
        "path": [
          "governance",
          "lockdown",
          "status"
        ]
      },
      "headers": {
        "host": "localhost:3333",
        "connection": "keep-alive",
        "x-actor": "superadmin-fallback@quetzaltic.local",
        "sec-ch-ua-platform": "\"Windows\"",
        "authorization": "Bearer eyJhbGciOiJIUzI1NiIsInR5cCI6IkpXVCJ9.eyJzdWIiOiIwMDAwLTAwMDAtMDAwMCIsImVtYWlsIjoic3VwZXJhZG1pbi1mYWxsYmFja0BxdWV0emFsdGljLmxvY2FsIiwicm9sZSI6IkFETUlOIiwiZXhwIjoxNzc0NjM0NDY4fQ.71bAuAgGefR9QsBusckXe9vf3-u3p2xGEvGAP2evfwo",
        "x-correlation-id": "ui_gov_1774553845727",
        "sec-ch-ua": "\"Chromium\";v=\"146\", \"Not-A.Brand\";v=\"24\", \"Brave\";v=\"146\"",
        "sec-ch-ua-mobile": "?0",
        "x-idempotency-key": "2c9ab875-23e7-4cc0-a7f1-924489d48f77",
        "user-agent": "Mozilla/5.0 (Windows NT 10.0; Win64; x64) AppleWebKit/537.36 (KHTML, like Gecko) Chrome/146.0.0.0 Safari/537.36",
        "accept": "application/json, text/plain, */*",
        "content-type": "application/json",
        "sec-gpc": "1",
        "accept-language": "es-ES,es;q=0.7",
        "origin": "http://localhost:4200",
        "sec-fetch-site": "same-site",
        "sec-fetch-mode": "cors",
        "sec-fetch-dest": "empty",
        "referer": "http://localhost:4200/",
        "accept-encoding": "gzip, deflate, br, zstd",
        "if-none-match": "W/\"7f-cFBiZTArK+lR6BslpTth4R2aisk\""
      },
      "remoteAddress": "::1",
      "remotePort": 57775
    }
    [35mcorrelationId[39m: "ui_gov_1774553845727"
    [35mres[39m: {
      "statusCode": 200,
      "headers": {
        "x-powered-by": "Express",
        "access-control-allow-origin": "*",
        "access-control-allow-credentials": "true",
        "x-correlation-id": "ui_gov_1774553845727",
        "content-type": "application/json; charset=utf-8",
        "content-length": "127",
        "etag": "W/\"7f-3hQmfjr3t6w/yWaoBPEvUSDFP5k\""
      }
    }
    [35mresponseTime[39m: 141
[DEBUG] JWT Payload: {"sub":"0000-0000-0000","email":"superadmin-fallback@quetzaltic.local","role":"ADMIN","exp":1774634468}
[DEBUG] Authenticated Actor: superadmin-fallback@quetzaltic.local
[12:37:28.790] [32mINFO[39m (6280): [36mrequest completed[39m
    [35mreq[39m: {
      "id": 251,
      "method": "GET",
      "url": "/api/governance/audit-logs?ticketId=&actor=&tableName=&correlationId=&startDate=&endDate=&page=1&limit=8&includeSnapshots=true&grouped=true",
      "query": {
        "ticketId": "",
        "actor": "",
        "tableName": "",
        "correlationId": "",
        "startDate": "",
        "endDate": "",
        "page": "1",
        "limit": "8",
        "includeSnapshots": "true",
        "grouped": "true"
      },
      "params": {
        "path": [
          "governance",
          "audit-logs"
        ]
      },
      "headers": {
        "host": "localhost:3333",
        "connection": "keep-alive",
        "x-actor": "superadmin-fallback@quetzaltic.local",
        "sec-ch-ua-platform": "\"Windows\"",
        "authorization": "Bearer eyJhbGciOiJIUzI1NiIsInR5cCI6IkpXVCJ9.eyJzdWIiOiIwMDAwLTAwMDAtMDAwMCIsImVtYWlsIjoic3VwZXJhZG1pbi1mYWxsYmFja0BxdWV0emFsdGljLmxvY2FsIiwicm9sZSI6IkFETUlOIiwiZXhwIjoxNzc0NjM0NDY4fQ.71bAuAgGefR9QsBusckXe9vf3-u3p2xGEvGAP2evfwo",
        "x-correlation-id": "ui_gov_1774553847731",
        "sec-ch-ua": "\"Chromium\";v=\"146\", \"Not-A.Brand\";v=\"24\", \"Brave\";v=\"146\"",
        "sec-ch-ua-mobile": "?0",
        "x-idempotency-key": "4d07f2ae-6507-4ed8-b915-141831184a4d",
        "user-agent": "Mozilla/5.0 (Windows NT 10.0; Win64; x64) AppleWebKit/537.36 (KHTML, like Gecko) Chrome/146.0.0.0 Safari/537.36",
        "accept": "application/json, text/plain, */*",
        "content-type": "application/json",
        "sec-gpc": "1",
        "accept-language": "es-ES,es;q=0.7",
        "origin": "http://localhost:4200",
        "sec-fetch-site": "same-site",
        "sec-fetch-mode": "cors",
        "sec-fetch-dest": "empty",
        "referer": "http://localhost:4200/",
        "accept-encoding": "gzip, deflate, br, zstd",
        "if-none-match": "W/\"139962-p0cek4218ay+nmHZ4KsdJ+a2TGQ\""
      },
      "remoteAddress": "::1",
      "remotePort": 57775
    }
    [35mcorrelationId[39m: "ui_gov_1774553847731"
    [35mres[39m: {
      "statusCode": 200,
      "headers": {
        "x-powered-by": "Express",
        "access-control-allow-origin": "*",
        "access-control-allow-credentials": "true",
        "x-correlation-id": "ui_gov_1774553847731",
        "content-type": "application/json; charset=utf-8",
        "content-length": "1284450",
        "etag": "W/\"139962-0RgNGW1+fnEE/m6mz3vuENJdCZY\""
      }
    }
    [35mresponseTime[39m: 1049
[DEBUG] JWT Payload: {"sub":"0000-0000-0000","email":"superadmin-fallback@quetzaltic.local","role":"ADMIN","exp":1774634468}
[DEBUG] Authenticated Actor: superadmin-fallback@quetzaltic.local
[12:37:30.798] [32mINFO[39m (6280): [36mrequest completed[39m
    [35mreq[39m: {
      "id": 252,
      "method": "GET",
      "url": "/api/governance/lockdown/status",
      "query": {},
      "params": {
        "path": [
          "governance",
          "lockdown",
          "status"
        ]
      },
      "headers": {
        "host": "localhost:3333",
        "connection": "keep-alive",
        "x-actor": "superadmin-fallback@quetzaltic.local",
        "sec-ch-ua-platform": "\"Windows\"",
        "authorization": "Bearer eyJhbGciOiJIUzI1NiIsInR5cCI6IkpXVCJ9.eyJzdWIiOiIwMDAwLTAwMDAtMDAwMCIsImVtYWlsIjoic3VwZXJhZG1pbi1mYWxsYmFja0BxdWV0emFsdGljLmxvY2FsIiwicm9sZSI6IkFETUlOIiwiZXhwIjoxNzc0NjM0NDY4fQ.71bAuAgGefR9QsBusckXe9vf3-u3p2xGEvGAP2evfwo",
        "x-correlation-id": "ui_gov_1774553850732",
        "sec-ch-ua": "\"Chromium\";v=\"146\", \"Not-A.Brand\";v=\"24\", \"Brave\";v=\"146\"",
        "sec-ch-ua-mobile": "?0",
        "x-idempotency-key": "f288e2a0-5164-47ed-9add-67ee9839d87b",
        "user-agent": "Mozilla/5.0 (Windows NT 10.0; Win64; x64) AppleWebKit/537.36 (KHTML, like Gecko) Chrome/146.0.0.0 Safari/537.36",
        "accept": "application/json, text/plain, */*",
        "content-type": "application/json",
        "sec-gpc": "1",
        "accept-language": "es-ES,es;q=0.7",
        "origin": "http://localhost:4200",
        "sec-fetch-site": "same-site",
        "sec-fetch-mode": "cors",
        "sec-fetch-dest": "empty",
        "referer": "http://localhost:4200/",
        "accept-encoding": "gzip, deflate, br, zstd",
        "if-none-match": "W/\"7f-3hQmfjr3t6w/yWaoBPEvUSDFP5k\""
      },
      "remoteAddress": "::1",
      "remotePort": 57775
    }
    [35mcorrelationId[39m: "ui_gov_1774553850732"
    [35mres[39m: {
      "statusCode": 200,
      "headers": {
        "x-powered-by": "Express",
        "access-control-allow-origin": "*",
        "access-control-allow-credentials": "true",
        "x-correlation-id": "ui_gov_1774553850732",
        "content-type": "application/json; charset=utf-8",
        "content-length": "127",
        "etag": "W/\"7f-FxiR3Yh/wS5ZiWh6EfmOKhtusYU\""
      }
    }
    [35mresponseTime[39m: 61
[DEBUG] JWT Payload: {"sub":"0000-0000-0000","email":"superadmin-fallback@quetzaltic.local","role":"ADMIN","exp":1774634468}
[DEBUG] Authenticated Actor: superadmin-fallback@quetzaltic.local
[12:37:35.785] [32mINFO[39m (6280): [36mrequest completed[39m
    [35mreq[39m: {
      "id": 253,
      "method": "GET",
      "url": "/api/governance/lockdown/status",
      "query": {},
      "params": {
        "path": [
          "governance",
          "lockdown",
          "status"
        ]
      },
      "headers": {
        "host": "localhost:3333",
        "connection": "keep-alive",
        "x-actor": "superadmin-fallback@quetzaltic.local",
        "sec-ch-ua-platform": "\"Windows\"",
        "authorization": "Bearer eyJhbGciOiJIUzI1NiIsInR5cCI6IkpXVCJ9.eyJzdWIiOiIwMDAwLTAwMDAtMDAwMCIsImVtYWlsIjoic3VwZXJhZG1pbi1mYWxsYmFja0BxdWV0emFsdGljLmxvY2FsIiwicm9sZSI6IkFETUlOIiwiZXhwIjoxNzc0NjM0NDY4fQ.71bAuAgGefR9QsBusckXe9vf3-u3p2xGEvGAP2evfwo",
        "x-correlation-id": "ui_gov_1774553855722",
        "sec-ch-ua": "\"Chromium\";v=\"146\", \"Not-A.Brand\";v=\"24\", \"Brave\";v=\"146\"",
        "sec-ch-ua-mobile": "?0",
        "x-idempotency-key": "daefb517-1374-4ecd-b0e9-a5f54afdddde",
        "user-agent": "Mozilla/5.0 (Windows NT 10.0; Win64; x64) AppleWebKit/537.36 (KHTML, like Gecko) Chrome/146.0.0.0 Safari/537.36",
        "accept": "application/json, text/plain, */*",
        "content-type": "application/json",
        "sec-gpc": "1",
        "accept-language": "es-ES,es;q=0.7",
        "origin": "http://localhost:4200",
        "sec-fetch-site": "same-site",
        "sec-fetch-mode": "cors",
        "sec-fetch-dest": "empty",
        "referer": "http://localhost:4200/",
        "accept-encoding": "gzip, deflate, br, zstd",
        "if-none-match": "W/\"7f-FxiR3Yh/wS5ZiWh6EfmOKhtusYU\""
      },
      "remoteAddress": "::1",
      "remotePort": 57775
    }
    [35mcorrelationId[39m: "ui_gov_1774553855722"
    [35mres[39m: {
      "statusCode": 200,
      "headers": {
        "x-powered-by": "Express",
        "access-control-allow-origin": "*",
        "access-control-allow-credentials": "true",
        "x-correlation-id": "ui_gov_1774553855722",
        "content-type": "application/json; charset=utf-8",
        "content-length": "127",
        "etag": "W/\"7f-ftMxPtq534IYzBlIm8fnQhngGJ8\""
      }
    }
    [35mresponseTime[39m: 56
[DEBUG] JWT Payload: {"sub":"0000-0000-0000","email":"superadmin-fallback@quetzaltic.local","role":"ADMIN","exp":1774634468}
[DEBUG] Authenticated Actor: superadmin-fallback@quetzaltic.local
[DEBUG] JWT Payload: {"sub":"0000-0000-0000","email":"superadmin-fallback@quetzaltic.local","role":"ADMIN","exp":1774634468}
[DEBUG] Authenticated Actor: superadmin-fallback@quetzaltic.local
[12:37:37.822] [32mINFO[39m (6280): [36mrequest completed[39m
    [35mreq[39m: {
      "id": 254,
      "method": "GET",
      "url": "/api/governance/stats",
      "query": {},
      "params": {
        "path": [
          "governance",
          "stats"
        ]
      },
      "headers": {
        "host": "localhost:3333",
        "connection": "keep-alive",
        "x-actor": "superadmin-fallback@quetzaltic.local",
        "sec-ch-ua-platform": "\"Windows\"",
        "authorization": "Bearer eyJhbGciOiJIUzI1NiIsInR5cCI6IkpXVCJ9.eyJzdWIiOiIwMDAwLTAwMDAtMDAwMCIsImVtYWlsIjoic3VwZXJhZG1pbi1mYWxsYmFja0BxdWV0emFsdGljLmxvY2FsIiwicm9sZSI6IkFETUlOIiwiZXhwIjoxNzc0NjM0NDY4fQ.71bAuAgGefR9QsBusckXe9vf3-u3p2xGEvGAP2evfwo",
        "x-correlation-id": "ui_gov_1774553857729",
        "sec-ch-ua": "\"Chromium\";v=\"146\", \"Not-A.Brand\";v=\"24\", \"Brave\";v=\"146\"",
        "sec-ch-ua-mobile": "?0",
        "x-idempotency-key": "4827a7c9-f5d0-4723-a550-259f1242c077",
        "user-agent": "Mozilla/5.0 (Windows NT 10.0; Win64; x64) AppleWebKit/537.36 (KHTML, like Gecko) Chrome/146.0.0.0 Safari/537.36",
        "accept": "application/json, text/plain, */*",
        "content-type": "application/json",
        "sec-gpc": "1",
        "accept-language": "es-ES,es;q=0.7",
        "origin": "http://localhost:4200",
        "sec-fetch-site": "same-site",
        "sec-fetch-mode": "cors",
        "sec-fetch-dest": "empty",
        "referer": "http://localhost:4200/",
        "accept-encoding": "gzip, deflate, br, zstd",
        "if-none-match": "W/\"c4-pBnQlUDMwGOPpRqBeXreA2RX8fA\""
      },
      "remoteAddress": "::1",
      "remotePort": 51086
    }
    [35mcorrelationId[39m: "ui_gov_1774553857729"
    [35mres[39m: {
      "statusCode": 200,
      "headers": {
        "x-powered-by": "Express",
        "access-control-allow-origin": "*",
        "access-control-allow-credentials": "true",
        "x-correlation-id": "ui_gov_1774553857729",
        "content-type": "application/json; charset=utf-8",
        "content-length": "196",
        "etag": "W/\"c4-JFvciAI0ZIqHSFOxHjyecDy/3w8\""
      }
    }
    [35mresponseTime[39m: 85
[DEBUG] JWT Payload: {"sub":"0000-0000-0000","email":"superadmin-fallback@quetzaltic.local","role":"ADMIN","exp":1774634468}
[DEBUG] Authenticated Actor: superadmin-fallback@quetzaltic.local
[12:37:37.978] [32mINFO[39m (6280): [36mrequest completed[39m
    [35mreq[39m: {
      "id": 256,
      "method": "GET",
      "url": "/api/governance/stats",
      "query": {},
      "params": {
        "path": [
          "governance",
          "stats"
        ]
      },
      "headers": {
        "host": "localhost:3333",
        "connection": "keep-alive",
        "x-actor": "superadmin-fallback@quetzaltic.local",
        "sec-ch-ua-platform": "\"Windows\"",
        "authorization": "Bearer eyJhbGciOiJIUzI1NiIsInR5cCI6IkpXVCJ9.eyJzdWIiOiIwMDAwLTAwMDAtMDAwMCIsImVtYWlsIjoic3VwZXJhZG1pbi1mYWxsYmFja0BxdWV0emFsdGljLmxvY2FsIiwicm9sZSI6IkFETUlOIiwiZXhwIjoxNzc0NjM0NDY4fQ.71bAuAgGefR9QsBusckXe9vf3-u3p2xGEvGAP2evfwo",
        "x-correlation-id": "ui_gov_1774553857730",
        "sec-ch-ua": "\"Chromium\";v=\"146\", \"Not-A.Brand\";v=\"24\", \"Brave\";v=\"146\"",
        "sec-ch-ua-mobile": "?0",
        "x-idempotency-key": "3ffc3e29-bd69-4da4-8556-7051f4c78e61",
        "user-agent": "Mozilla/5.0 (Windows NT 10.0; Win64; x64) AppleWebKit/537.36 (KHTML, like Gecko) Chrome/146.0.0.0 Safari/537.36",
        "accept": "application/json, text/plain, */*",
        "content-type": "application/json",
        "sec-gpc": "1",
        "accept-language": "es-ES,es;q=0.7",
        "origin": "http://localhost:4200",
        "sec-fetch-site": "same-site",
        "sec-fetch-mode": "cors",
        "sec-fetch-dest": "empty",
        "referer": "http://localhost:4200/",
        "accept-encoding": "gzip, deflate, br, zstd",
        "if-none-match": "W/\"c4-JFvciAI0ZIqHSFOxHjyecDy/3w8\""
      },
      "remoteAddress": "::1",
      "remotePort": 51086
    }
    [35mcorrelationId[39m: "ui_gov_1774553857730"
    [35mres[39m: {
      "statusCode": 200,
      "headers": {
        "x-powered-by": "Express",
        "access-control-allow-origin": "*",
        "access-control-allow-credentials": "true",
        "x-correlation-id": "ui_gov_1774553857730",
        "content-type": "application/json; charset=utf-8",
        "content-length": "196",
        "etag": "W/\"c4-LcG8ZTpAks9qu+vPkDSE6SZH6oM\""
      }
    }
    [35mresponseTime[39m: 78
[12:37:38.612] [32mINFO[39m (6280): [36mrequest completed[39m
    [35mreq[39m: {
      "id": 255,
      "method": "GET",
      "url": "/api/governance/audit-logs?ticketId=&actor=&tableName=&correlationId=&startDate=&endDate=&page=1&limit=8&includeSnapshots=true&grouped=true",
      "query": {
        "ticketId": "",
        "actor": "",
        "tableName": "",
        "correlationId": "",
        "startDate": "",
        "endDate": "",
        "page": "1",
        "limit": "8",
        "includeSnapshots": "true",
        "grouped": "true"
      },
      "params": {
        "path": [
          "governance",
          "audit-logs"
        ]
      },
      "headers": {
        "host": "localhost:3333",
        "connection": "keep-alive",
        "x-actor": "superadmin-fallback@quetzaltic.local",
        "sec-ch-ua-platform": "\"Windows\"",
        "authorization": "Bearer eyJhbGciOiJIUzI1NiIsInR5cCI6IkpXVCJ9.eyJzdWIiOiIwMDAwLTAwMDAtMDAwMCIsImVtYWlsIjoic3VwZXJhZG1pbi1mYWxsYmFja0BxdWV0emFsdGljLmxvY2FsIiwicm9sZSI6IkFETUlOIiwiZXhwIjoxNzc0NjM0NDY4fQ.71bAuAgGefR9QsBusckXe9vf3-u3p2xGEvGAP2evfwo",
        "x-correlation-id": "ui_gov_1774553857731",
        "sec-ch-ua": "\"Chromium\";v=\"146\", \"Not-A.Brand\";v=\"24\", \"Brave\";v=\"146\"",
        "sec-ch-ua-mobile": "?0",
        "x-idempotency-key": "af47d3a3-4b2e-48d1-ad3b-964250e8c5e1",
        "user-agent": "Mozilla/5.0 (Windows NT 10.0; Win64; x64) AppleWebKit/537.36 (KHTML, like Gecko) Chrome/146.0.0.0 Safari/537.36",
        "accept": "application/json, text/plain, */*",
        "content-type": "application/json",
        "sec-gpc": "1",
        "accept-language": "es-ES,es;q=0.7",
        "origin": "http://localhost:4200",
        "sec-fetch-site": "same-site",
        "sec-fetch-mode": "cors",
        "sec-fetch-dest": "empty",
        "referer": "http://localhost:4200/",
        "accept-encoding": "gzip, deflate, br, zstd",
        "if-none-match": "W/\"139962-0RgNGW1+fnEE/m6mz3vuENJdCZY\""
      },
      "remoteAddress": "::1",
      "remotePort": 57775
    }
    [35mcorrelationId[39m: "ui_gov_1774553857731"
    [35mres[39m: {
      "statusCode": 200,
      "headers": {
        "x-powered-by": "Express",
        "access-control-allow-origin": "*",
        "access-control-allow-credentials": "true",
        "x-correlation-id": "ui_gov_1774553857731",
        "content-type": "application/json; charset=utf-8",
        "content-length": "1284450",
        "etag": "W/\"139962-vpWegBs2UGrUtw2/uLgl9xHclbQ\""
      }
    }
    [35mresponseTime[39m: 873
[DEBUG] JWT Payload: {"sub":"0000-0000-0000","email":"superadmin-fallback@quetzaltic.local","role":"ADMIN","exp":1774634468}
[DEBUG] Authenticated Actor: superadmin-fallback@quetzaltic.local
[12:37:40.819] [32mINFO[39m (6280): [36mrequest completed[39m
    [35mreq[39m: {
      "id": 257,
      "method": "GET",
      "url": "/api/governance/lockdown/status",
      "query": {},
      "params": {
        "path": [
          "governance",
          "lockdown",
          "status"
        ]
      },
      "headers": {
        "host": "localhost:3333",
        "connection": "keep-alive",
        "x-actor": "superadmin-fallback@quetzaltic.local",
        "sec-ch-ua-platform": "\"Windows\"",
        "authorization": "Bearer eyJhbGciOiJIUzI1NiIsInR5cCI6IkpXVCJ9.eyJzdWIiOiIwMDAwLTAwMDAtMDAwMCIsImVtYWlsIjoic3VwZXJhZG1pbi1mYWxsYmFja0BxdWV0emFsdGljLmxvY2FsIiwicm9sZSI6IkFETUlOIiwiZXhwIjoxNzc0NjM0NDY4fQ.71bAuAgGefR9QsBusckXe9vf3-u3p2xGEvGAP2evfwo",
        "x-correlation-id": "ui_gov_1774553860718",
        "sec-ch-ua": "\"Chromium\";v=\"146\", \"Not-A.Brand\";v=\"24\", \"Brave\";v=\"146\"",
        "sec-ch-ua-mobile": "?0",
        "x-idempotency-key": "5515f17d-0a5f-43e6-86cc-c5df0a0328d2",
        "user-agent": "Mozilla/5.0 (Windows NT 10.0; Win64; x64) AppleWebKit/537.36 (KHTML, like Gecko) Chrome/146.0.0.0 Safari/537.36",
        "accept": "application/json, text/plain, */*",
        "content-type": "application/json",
        "sec-gpc": "1",
        "accept-language": "es-ES,es;q=0.7",
        "origin": "http://localhost:4200",
        "sec-fetch-site": "same-site",
        "sec-fetch-mode": "cors",
        "sec-fetch-dest": "empty",
        "referer": "http://localhost:4200/",
        "accept-encoding": "gzip, deflate, br, zstd",
        "if-none-match": "W/\"7f-ftMxPtq534IYzBlIm8fnQhngGJ8\""
      },
      "remoteAddress": "::1",
      "remotePort": 57775
    }
    [35mcorrelationId[39m: "ui_gov_1774553860718"
    [35mres[39m: {
      "statusCode": 200,
      "headers": {
        "x-powered-by": "Express",
        "access-control-allow-origin": "*",
        "access-control-allow-credentials": "true",
        "x-correlation-id": "ui_gov_1774553860718",
        "content-type": "application/json; charset=utf-8",
        "content-length": "127",
        "etag": "W/\"7f-Lj5U3NumhtGv+62eUSd5WbLzty0\""
      }
    }
    [35mresponseTime[39m: 77
[DEBUG] JWT Payload: {"sub":"0000-0000-0000","email":"superadmin-fallback@quetzaltic.local","role":"ADMIN","exp":1774634468}
[DEBUG] Authenticated Actor: superadmin-fallback@quetzaltic.local
[12:37:45.853] [32mINFO[39m (6280): [36mrequest completed[39m
    [35mreq[39m: {
      "id": 258,
      "method": "GET",
      "url": "/api/governance/lockdown/status",
      "query": {},
      "params": {
        "path": [
          "governance",
          "lockdown",
          "status"
        ]
      },
      "headers": {
        "host": "localhost:3333",
        "connection": "keep-alive",
        "x-actor": "superadmin-fallback@quetzaltic.local",
        "sec-ch-ua-platform": "\"Windows\"",
        "authorization": "Bearer eyJhbGciOiJIUzI1NiIsInR5cCI6IkpXVCJ9.eyJzdWIiOiIwMDAwLTAwMDAtMDAwMCIsImVtYWlsIjoic3VwZXJhZG1pbi1mYWxsYmFja0BxdWV0emFsdGljLmxvY2FsIiwicm9sZSI6IkFETUlOIiwiZXhwIjoxNzc0NjM0NDY4fQ.71bAuAgGefR9QsBusckXe9vf3-u3p2xGEvGAP2evfwo",
        "x-correlation-id": "ui_gov_1774553865720",
        "sec-ch-ua": "\"Chromium\";v=\"146\", \"Not-A.Brand\";v=\"24\", \"Brave\";v=\"146\"",
        "sec-ch-ua-mobile": "?0",
        "x-idempotency-key": "93d79a9e-bae2-49d6-b38d-e60dcb662edc",
        "user-agent": "Mozilla/5.0 (Windows NT 10.0; Win64; x64) AppleWebKit/537.36 (KHTML, like Gecko) Chrome/146.0.0.0 Safari/537.36",
        "accept": "application/json, text/plain, */*",
        "content-type": "application/json",
        "sec-gpc": "1",
        "accept-language": "es-ES,es;q=0.7",
        "origin": "http://localhost:4200",
        "sec-fetch-site": "same-site",
        "sec-fetch-mode": "cors",
        "sec-fetch-dest": "empty",
        "referer": "http://localhost:4200/",
        "accept-encoding": "gzip, deflate, br, zstd",
        "if-none-match": "W/\"7f-Lj5U3NumhtGv+62eUSd5WbLzty0\""
      },
      "remoteAddress": "::1",
      "remotePort": 57775
    }
    [35mcorrelationId[39m: "ui_gov_1774553865720"
    [35mres[39m: {
      "statusCode": 200,
      "headers": {
        "x-powered-by": "Express",
        "access-control-allow-origin": "*",
        "access-control-allow-credentials": "true",
        "x-correlation-id": "ui_gov_1774553865720",
        "content-type": "application/json; charset=utf-8",
        "content-length": "127",
        "etag": "W/\"7f-vtu5JEoY2eg5+bv4hj+sZjdE1eo\""
      }
    }
    [35mresponseTime[39m: 120
[DEBUG] JWT Payload: {"sub":"0000-0000-0000","email":"superadmin-fallback@quetzaltic.local","role":"ADMIN","exp":1774634468}
[DEBUG] Authenticated Actor: superadmin-fallback@quetzaltic.local
[DEBUG] JWT Payload: {"sub":"323eac7b-615e-4bb2-b4da-1327cd63a13b","email":"oscar","role":"OPERATOR","exp":1774634503}
[DEBUG] Authenticated Actor: oscar
[DEBUG] JWT Payload: {"sub":"0000-0000-0000","email":"superadmin-fallback@quetzaltic.local","role":"ADMIN","exp":1774638639}
[DEBUG] Authenticated Actor: superadmin-fallback@quetzaltic.local
[12:37:47.903] [32mINFO[39m (6280): [36mrequest completed[39m
    [35mreq[39m: {
      "id": 260,
      "method": "GET",
      "url": "/api/governance/lockdown/status",
      "query": {},
      "params": {
        "path": [
          "governance",
          "lockdown",
          "status"
        ]
      },
      "headers": {
        "host": "localhost:3333",
        "connection": "keep-alive",
        "x-actor": "oscar",
        "sec-ch-ua-platform": "\"Windows\"",
        "authorization": "Bearer eyJhbGciOiJIUzI1NiIsInR5cCI6IkpXVCJ9.eyJzdWIiOiIzMjNlYWM3Yi02MTVlLTRiYjItYjRkYS0xMzI3Y2Q2M2ExM2IiLCJlbWFpbCI6Im9zY2FyIiwicm9sZSI6Ik9QRVJBVE9SIiwiZXhwIjoxNzc0NjM0NTAzfQ.J7klEKAA3C-Tm9Gl19iwGBgwv3ylSn9-YLxh_vQ7hXE",
        "x-correlation-id": "ui_gov_1774553867736",
        "sec-ch-ua": "\"Chromium\";v=\"146\", \"Not-A.Brand\";v=\"24\", \"Brave\";v=\"146\"",
        "sec-ch-ua-mobile": "?0",
        "x-idempotency-key": "70072e86-059a-45fd-8baf-0d27f1c3b609",
        "user-agent": "Mozilla/5.0 (Windows NT 10.0; Win64; x64) AppleWebKit/537.36 (KHTML, like Gecko) Chrome/146.0.0.0 Safari/537.36",
        "accept": "application/json, text/plain, */*",
        "content-type": "application/json",
        "sec-gpc": "1",
        "accept-language": "es-ES,es;q=0.7",
        "origin": "http://localhost:4200",
        "sec-fetch-site": "same-site",
        "sec-fetch-mode": "cors",
        "sec-fetch-dest": "empty",
        "referer": "http://localhost:4200/",
        "accept-encoding": "gzip, deflate, br, zstd",
        "if-none-match": "W/\"7f-vtu5JEoY2eg5+bv4hj+sZjdE1eo\""
      },
      "remoteAddress": "::1",
      "remotePort": 59119
    }
    [35mcorrelationId[39m: "ui_gov_1774553867736"
    [35mres[39m: {
      "statusCode": 200,
      "headers": {
        "x-powered-by": "Express",
        "access-control-allow-origin": "*",
        "access-control-allow-credentials": "true",
        "x-correlation-id": "ui_gov_1774553867736",
        "content-type": "application/json; charset=utf-8",
        "content-length": "127",
        "etag": "W/\"7f-qx3kn8msf7nWYTSDzsBSgaYSXFA\""
      }
    }
    [35mresponseTime[39m: 126
[12:37:47.925] [32mINFO[39m (6280): [36mrequest completed[39m
    [35mreq[39m: {
      "id": 261,
      "method": "GET",
      "url": "/api/governance/lockdown/status",
      "query": {},
      "params": {
        "path": [
          "governance",
          "lockdown",
          "status"
        ]
      },
      "headers": {
        "host": "localhost:3333",
        "connection": "keep-alive",
        "x-actor": "superadmin-fallback@quetzaltic.local",
        "sec-ch-ua-platform": "\"Windows\"",
        "authorization": "Bearer eyJhbGciOiJIUzI1NiIsInR5cCI6IkpXVCJ9.eyJzdWIiOiIwMDAwLTAwMDAtMDAwMCIsImVtYWlsIjoic3VwZXJhZG1pbi1mYWxsYmFja0BxdWV0emFsdGljLmxvY2FsIiwicm9sZSI6IkFETUlOIiwiZXhwIjoxNzc0NjM4NjM5fQ.xmY4FNONhzuEoNvjkhYF1T2QZUS1fNN4eDVqBiZrNoI",
        "x-correlation-id": "ui_gov_1774553867738",
        "sec-ch-ua": "\"Chromium\";v=\"146\", \"Not-A.Brand\";v=\"24\", \"Google Chrome\";v=\"146\"",
        "sec-ch-ua-mobile": "?0",
        "x-idempotency-key": "d4c54aad-674a-44f0-a7c3-ead49a9f8800",
        "user-agent": "Mozilla/5.0 (Windows NT 10.0; Win64; x64) AppleWebKit/537.36 (KHTML, like Gecko) Chrome/146.0.0.0 Safari/537.36",
        "accept": "application/json, text/plain, */*",
        "content-type": "application/json",
        "origin": "http://localhost:4200",
        "sec-fetch-site": "same-site",
        "sec-fetch-mode": "cors",
        "sec-fetch-dest": "empty",
        "referer": "http://localhost:4200/",
        "accept-encoding": "gzip, deflate, br, zstd",
        "accept-language": "es-ES,es;q=0.9",
        "if-none-match": "W/\"7f-PFfea7qLrCwWl1Jw2Mrd+QFwPM8\""
      },
      "remoteAddress": "::1",
      "remotePort": 62545
    }
    [35mcorrelationId[39m: "ui_gov_1774553867738"
    [35mres[39m: {
      "statusCode": 200,
      "headers": {
        "x-powered-by": "Express",
        "access-control-allow-origin": "*",
        "access-control-allow-credentials": "true",
        "x-correlation-id": "ui_gov_1774553867738",
        "content-type": "application/json; charset=utf-8",
        "content-length": "127",
        "etag": "W/\"7f-HZ5HQEscPiWV5XgGTJ0ddATiVxU\""
      }
    }
    [35mresponseTime[39m: 121
[12:37:48.045] [32mINFO[39m (6280): [36mrequest completed[39m
    [35mreq[39m: {
      "id": 262,
      "method": "GET",
      "url": "/api/test-oscar",
      "query": {},
      "params": {
        "path": [
          "test-oscar"
        ]
      },
      "headers": {
        "host": "localhost:3333",
        "connection": "keep-alive",
        "sec-ch-ua-platform": "\"Windows\"",
        "authorization": "Bearer eyJhbGciOiJIUzI1NiIsInR5cCI6IkpXVCJ9.eyJzdWIiOiIwMDAwLTAwMDAtMDAwMCIsImVtYWlsIjoic3VwZXJhZG1pbi1mYWxsYmFja0BxdWV0emFsdGljLmxvY2FsIiwicm9sZSI6IkFETUlOIiwiZXhwIjoxNzc0NjM4NjM5fQ.xmY4FNONhzuEoNvjkhYF1T2QZUS1fNN4eDVqBiZrNoI",
        "user-agent": "Mozilla/5.0 (Windows NT 10.0; Win64; x64) AppleWebKit/537.36 (KHTML, like Gecko) Chrome/146.0.0.0 Safari/537.36",
        "accept": "application/json, text/plain, */*",
        "sec-ch-ua": "\"Chromium\";v=\"146\", \"Not-A.Brand\";v=\"24\", \"Google Chrome\";v=\"146\"",
        "sec-ch-ua-mobile": "?0",
        "origin": "http://localhost:4200",
        "sec-fetch-site": "same-site",
        "sec-fetch-mode": "cors",
        "sec-fetch-dest": "empty",
        "referer": "http://localhost:4200/",
        "accept-encoding": "gzip, deflate, br, zstd",
        "accept-language": "es-ES,es;q=0.9",
        "if-none-match": "W/\"c56c-LwC9fBZA7ylJU6mssP/xV9l9i2A\""
      },
      "remoteAddress": "::1",
      "remotePort": 53334
    }
    [35mcorrelationId[39m: "6499ccb6-7fb8-45a4-8339-1b1374618865"
    [35mres[39m: {
      "statusCode": 200,
      "headers": {
        "x-powered-by": "Express",
        "access-control-allow-origin": "*",
        "access-control-allow-credentials": "true",
        "x-correlation-id": "6499ccb6-7fb8-45a4-8339-1b1374618865",
        "content-type": "application/json; charset=utf-8",
        "content-length": "50540",
        "etag": "W/\"c56c-WxAcIrvHW9lw0WILLXyK00uBWdw\""
      }
    }
    [35mresponseTime[39m: 240
[12:37:48.920] [32mINFO[39m (6280): [36mrequest completed[39m
    [35mreq[39m: {
      "id": 259,
      "method": "GET",
      "url": "/api/governance/audit-logs?ticketId=&actor=&tableName=&correlationId=&startDate=&endDate=&page=1&limit=8&includeSnapshots=true&grouped=true",
      "query": {
        "ticketId": "",
        "actor": "",
        "tableName": "",
        "correlationId": "",
        "startDate": "",
        "endDate": "",
        "page": "1",
        "limit": "8",
        "includeSnapshots": "true",
        "grouped": "true"
      },
      "params": {
        "path": [
          "governance",
          "audit-logs"
        ]
      },
      "headers": {
        "host": "localhost:3333",
        "connection": "keep-alive",
        "x-actor": "superadmin-fallback@quetzaltic.local",
        "sec-ch-ua-platform": "\"Windows\"",
        "authorization": "Bearer eyJhbGciOiJIUzI1NiIsInR5cCI6IkpXVCJ9.eyJzdWIiOiIwMDAwLTAwMDAtMDAwMCIsImVtYWlsIjoic3VwZXJhZG1pbi1mYWxsYmFja0BxdWV0emFsdGljLmxvY2FsIiwicm9sZSI6IkFETUlOIiwiZXhwIjoxNzc0NjM0NDY4fQ.71bAuAgGefR9QsBusckXe9vf3-u3p2xGEvGAP2evfwo",
        "x-correlation-id": "ui_gov_1774553867729",
        "sec-ch-ua": "\"Chromium\";v=\"146\", \"Not-A.Brand\";v=\"24\", \"Brave\";v=\"146\"",
        "sec-ch-ua-mobile": "?0",
        "x-idempotency-key": "25c42964-04c1-4727-bf12-4781683b1a47",
        "user-agent": "Mozilla/5.0 (Windows NT 10.0; Win64; x64) AppleWebKit/537.36 (KHTML, like Gecko) Chrome/146.0.0.0 Safari/537.36",
        "accept": "application/json, text/plain, */*",
        "content-type": "application/json",
        "sec-gpc": "1",
        "accept-language": "es-ES,es;q=0.7",
        "origin": "http://localhost:4200",
        "sec-fetch-site": "same-site",
        "sec-fetch-mode": "cors",
        "sec-fetch-dest": "empty",
        "referer": "http://localhost:4200/",
        "accept-encoding": "gzip, deflate, br, zstd",
        "if-none-match": "W/\"139962-vpWegBs2UGrUtw2/uLgl9xHclbQ\""
      },
      "remoteAddress": "::1",
      "remotePort": 57775
    }
    [35mcorrelationId[39m: "ui_gov_1774553867729"
    [35mres[39m: {
      "statusCode": 200,
      "headers": {
        "x-powered-by": "Express",
        "access-control-allow-origin": "*",
        "access-control-allow-credentials": "true",
        "x-correlation-id": "ui_gov_1774553867729",
        "content-type": "application/json; charset=utf-8",
        "content-length": "1284450",
        "etag": "W/\"139962-wFT0QwmnUckpf48YfEVNSIAYzzw\""
      }
    }
    [35mresponseTime[39m: 1184
[DEBUG] JWT Payload: {"sub":"0000-0000-0000","email":"superadmin-fallback@quetzaltic.local","role":"ADMIN","exp":1774634468}
[DEBUG] Authenticated Actor: superadmin-fallback@quetzaltic.local
[12:37:50.795] [32mINFO[39m (6280): [36mrequest completed[39m
    [35mreq[39m: {
      "id": 263,
      "method": "GET",
      "url": "/api/governance/lockdown/status",
      "query": {},
      "params": {
        "path": [
          "governance",
          "lockdown",
          "status"
        ]
      },
      "headers": {
        "host": "localhost:3333",
        "connection": "keep-alive",
        "x-actor": "superadmin-fallback@quetzaltic.local",
        "sec-ch-ua-platform": "\"Windows\"",
        "authorization": "Bearer eyJhbGciOiJIUzI1NiIsInR5cCI6IkpXVCJ9.eyJzdWIiOiIwMDAwLTAwMDAtMDAwMCIsImVtYWlsIjoic3VwZXJhZG1pbi1mYWxsYmFja0BxdWV0emFsdGljLmxvY2FsIiwicm9sZSI6IkFETUlOIiwiZXhwIjoxNzc0NjM0NDY4fQ.71bAuAgGefR9QsBusckXe9vf3-u3p2xGEvGAP2evfwo",
        "x-correlation-id": "ui_gov_1774553870727",
        "sec-ch-ua": "\"Chromium\";v=\"146\", \"Not-A.Brand\";v=\"24\", \"Brave\";v=\"146\"",
        "sec-ch-ua-mobile": "?0",
        "x-idempotency-key": "c5b5fb50-ba84-4130-9830-8af7c1af7611",
        "user-agent": "Mozilla/5.0 (Windows NT 10.0; Win64; x64) AppleWebKit/537.36 (KHTML, like Gecko) Chrome/146.0.0.0 Safari/537.36",
        "accept": "application/json, text/plain, */*",
        "content-type": "application/json",
        "sec-gpc": "1",
        "accept-language": "es-ES,es;q=0.7",
        "origin": "http://localhost:4200",
        "sec-fetch-site": "same-site",
        "sec-fetch-mode": "cors",
        "sec-fetch-dest": "empty",
        "referer": "http://localhost:4200/",
        "accept-encoding": "gzip, deflate, br, zstd",
        "if-none-match": "W/\"7f-qx3kn8msf7nWYTSDzsBSgaYSXFA\""
      },
      "remoteAddress": "::1",
      "remotePort": 57775
    }
    [35mcorrelationId[39m: "ui_gov_1774553870727"
    [35mres[39m: {
      "statusCode": 200,
      "headers": {
        "x-powered-by": "Express",
        "access-control-allow-origin": "*",
        "access-control-allow-credentials": "true",
        "x-correlation-id": "ui_gov_1774553870727",
        "content-type": "application/json; charset=utf-8",
        "content-length": "127",
        "etag": "W/\"7f-wAjLenN3U8WZ8z+M8ijo8slm/Ww\""
      }
    }
    [35mresponseTime[39m: 59
[DEBUG] JWT Payload: {"sub":"0000-0000-0000","email":"superadmin-fallback@quetzaltic.local","role":"ADMIN","exp":1774634468}
[DEBUG] Authenticated Actor: superadmin-fallback@quetzaltic.local
[DEBUG] JWT Payload: {"sub":"0000-0000-0000","email":"superadmin-fallback@quetzaltic.local","role":"ADMIN","exp":1774634468}
[DEBUG] Authenticated Actor: superadmin-fallback@quetzaltic.local
[12:37:55.947] [32mINFO[39m (6280): [36mrequest completed[39m
    [35mreq[39m: {
      "id": 265,
      "method": "GET",
      "url": "/api/governance/lockdown/status",
      "query": {},
      "params": {
        "path": [
          "governance",
          "lockdown",
          "status"
        ]
      },
      "headers": {
        "host": "localhost:3333",
        "connection": "keep-alive",
        "x-actor": "superadmin-fallback@quetzaltic.local",
        "sec-ch-ua-platform": "\"Windows\"",
        "authorization": "Bearer eyJhbGciOiJIUzI1NiIsInR5cCI6IkpXVCJ9.eyJzdWIiOiIwMDAwLTAwMDAtMDAwMCIsImVtYWlsIjoic3VwZXJhZG1pbi1mYWxsYmFja0BxdWV0emFsdGljLmxvY2FsIiwicm9sZSI6IkFETUlOIiwiZXhwIjoxNzc0NjM0NDY4fQ.71bAuAgGefR9QsBusckXe9vf3-u3p2xGEvGAP2evfwo",
        "x-correlation-id": "ui_gov_1774553875727",
        "sec-ch-ua": "\"Chromium\";v=\"146\", \"Not-A.Brand\";v=\"24\", \"Brave\";v=\"146\"",
        "sec-ch-ua-mobile": "?0",
        "x-idempotency-key": "4c602ea6-d999-4116-8489-1cbe91b88869",
        "user-agent": "Mozilla/5.0 (Windows NT 10.0; Win64; x64) AppleWebKit/537.36 (KHTML, like Gecko) Chrome/146.0.0.0 Safari/537.36",
        "accept": "application/json, text/plain, */*",
        "content-type": "application/json",
        "sec-gpc": "1",
        "accept-language": "es-ES,es;q=0.7",
        "origin": "http://localhost:4200",
        "sec-fetch-site": "same-site",
        "sec-fetch-mode": "cors",
        "sec-fetch-dest": "empty",
        "referer": "http://localhost:4200/",
        "accept-encoding": "gzip, deflate, br, zstd",
        "if-none-match": "W/\"7f-wAjLenN3U8WZ8z+M8ijo8slm/Ww\""
      },
      "remoteAddress": "::1",
      "remotePort": 54152
    }
    [35mcorrelationId[39m: "ui_gov_1774553875727"
    [35mres[39m: {
      "statusCode": 200,
      "headers": {
        "x-powered-by": "Express",
        "access-control-allow-origin": "*",
        "access-control-allow-credentials": "true",
        "x-correlation-id": "ui_gov_1774553875727",
        "content-type": "application/json; charset=utf-8",
        "content-length": "127",
        "etag": "W/\"7f-o1Hrr6H0FTVeCBObu4Xcwg1XYlo\""
      }
    }
    [35mresponseTime[39m: 170
[12:37:55.948] [32mINFO[39m (6280): [36mrequest completed[39m
    [35mreq[39m: {
      "id": 264,
      "method": "GET",
      "url": "/api/governance/stats",
      "query": {},
      "params": {
        "path": [
          "governance",
          "stats"
        ]
      },
      "headers": {
        "host": "localhost:3333",
        "connection": "keep-alive",
        "x-actor": "superadmin-fallback@quetzaltic.local",
        "sec-ch-ua-platform": "\"Windows\"",
        "authorization": "Bearer eyJhbGciOiJIUzI1NiIsInR5cCI6IkpXVCJ9.eyJzdWIiOiIwMDAwLTAwMDAtMDAwMCIsImVtYWlsIjoic3VwZXJhZG1pbi1mYWxsYmFja0BxdWV0emFsdGljLmxvY2FsIiwicm9sZSI6IkFETUlOIiwiZXhwIjoxNzc0NjM0NDY4fQ.71bAuAgGefR9QsBusckXe9vf3-u3p2xGEvGAP2evfwo",
        "x-correlation-id": "ui_gov_1774553875725",
        "sec-ch-ua": "\"Chromium\";v=\"146\", \"Not-A.Brand\";v=\"24\", \"Brave\";v=\"146\"",
        "sec-ch-ua-mobile": "?0",
        "x-idempotency-key": "ffbe4c1d-10a5-4a73-bcc2-8babf24cf392",
        "user-agent": "Mozilla/5.0 (Windows NT 10.0; Win64; x64) AppleWebKit/537.36 (KHTML, like Gecko) Chrome/146.0.0.0 Safari/537.36",
        "accept": "application/json, text/plain, */*",
        "content-type": "application/json",
        "sec-gpc": "1",
        "accept-language": "es-ES,es;q=0.7",
        "origin": "http://localhost:4200",
        "sec-fetch-site": "same-site",
        "sec-fetch-mode": "cors",
        "sec-fetch-dest": "empty",
        "referer": "http://localhost:4200/",
        "accept-encoding": "gzip, deflate, br, zstd",
        "if-none-match": "W/\"c4-LcG8ZTpAks9qu+vPkDSE6SZH6oM\""
      },
      "remoteAddress": "::1",
      "remotePort": 57775
    }
    [35mcorrelationId[39m: "ui_gov_1774553875725"
    [35mres[39m: {
      "statusCode": 200,
      "headers": {
        "x-powered-by": "Express",
        "access-control-allow-origin": "*",
        "access-control-allow-credentials": "true",
        "x-correlation-id": "ui_gov_1774553875725",
        "content-type": "application/json; charset=utf-8",
        "content-length": "196",
        "etag": "W/\"c4-6JZdgGb4TX2I3bka/tZ9WOIsqP0\""
      }
    }
    [35mresponseTime[39m: 214
[DEBUG] JWT Payload: {"sub":"0000-0000-0000","email":"superadmin-fallback@quetzaltic.local","role":"ADMIN","exp":1774634468}
[DEBUG] Authenticated Actor: superadmin-fallback@quetzaltic.local
[12:37:58.874] [32mINFO[39m (6280): [36mrequest completed[39m
    [35mreq[39m: {
      "id": 266,
      "method": "GET",
      "url": "/api/governance/audit-logs?ticketId=&actor=&tableName=&correlationId=&startDate=&endDate=&page=1&limit=8&includeSnapshots=true&grouped=true",
      "query": {
        "ticketId": "",
        "actor": "",
        "tableName": "",
        "correlationId": "",
        "startDate": "",
        "endDate": "",
        "page": "1",
        "limit": "8",
        "includeSnapshots": "true",
        "grouped": "true"
      },
      "params": {
        "path": [
          "governance",
          "audit-logs"
        ]
      },
      "headers": {
        "host": "localhost:3333",
        "connection": "keep-alive",
        "x-actor": "superadmin-fallback@quetzaltic.local",
        "sec-ch-ua-platform": "\"Windows\"",
        "authorization": "Bearer eyJhbGciOiJIUzI1NiIsInR5cCI6IkpXVCJ9.eyJzdWIiOiIwMDAwLTAwMDAtMDAwMCIsImVtYWlsIjoic3VwZXJhZG1pbi1mYWxsYmFja0BxdWV0emFsdGljLmxvY2FsIiwicm9sZSI6IkFETUlOIiwiZXhwIjoxNzc0NjM0NDY4fQ.71bAuAgGefR9QsBusckXe9vf3-u3p2xGEvGAP2evfwo",
        "x-correlation-id": "ui_gov_1774553877725",
        "sec-ch-ua": "\"Chromium\";v=\"146\", \"Not-A.Brand\";v=\"24\", \"Brave\";v=\"146\"",
        "sec-ch-ua-mobile": "?0",
        "x-idempotency-key": "2264ca55-976b-4671-855c-d942442318dc",
        "user-agent": "Mozilla/5.0 (Windows NT 10.0; Win64; x64) AppleWebKit/537.36 (KHTML, like Gecko) Chrome/146.0.0.0 Safari/537.36",
        "accept": "application/json, text/plain, */*",
        "content-type": "application/json",
        "sec-gpc": "1",
        "accept-language": "es-ES,es;q=0.7",
        "origin": "http://localhost:4200",
        "sec-fetch-site": "same-site",
        "sec-fetch-mode": "cors",
        "sec-fetch-dest": "empty",
        "referer": "http://localhost:4200/",
        "accept-encoding": "gzip, deflate, br, zstd",
        "if-none-match": "W/\"139962-wFT0QwmnUckpf48YfEVNSIAYzzw\""
      },
      "remoteAddress": "::1",
      "remotePort": 57775
    }
    [35mcorrelationId[39m: "ui_gov_1774553877725"
    [35mres[39m: {
      "statusCode": 200,
      "headers": {
        "x-powered-by": "Express",
        "access-control-allow-origin": "*",
        "access-control-allow-credentials": "true",
        "x-correlation-id": "ui_gov_1774553877725",
        "content-type": "application/json; charset=utf-8",
        "content-length": "1284450",
        "etag": "W/\"139962-sQt57S13RiRGhKxYzjVn264vnFM\""
      }
    }
    [35mresponseTime[39m: 1074
[DEBUG] JWT Payload: {"sub":"0000-0000-0000","email":"superadmin-fallback@quetzaltic.local","role":"ADMIN","exp":1774634468}
[DEBUG] Authenticated Actor: superadmin-fallback@quetzaltic.local
[12:38:00.790] [32mINFO[39m (6280): [36mrequest completed[39m
    [35mreq[39m: {
      "id": 267,
      "method": "GET",
      "url": "/api/governance/lockdown/status",
      "query": {},
      "params": {
        "path": [
          "governance",
          "lockdown",
          "status"
        ]
      },
      "headers": {
        "host": "localhost:3333",
        "connection": "keep-alive",
        "x-actor": "superadmin-fallback@quetzaltic.local",
        "sec-ch-ua-platform": "\"Windows\"",
        "authorization": "Bearer eyJhbGciOiJIUzI1NiIsInR5cCI6IkpXVCJ9.eyJzdWIiOiIwMDAwLTAwMDAtMDAwMCIsImVtYWlsIjoic3VwZXJhZG1pbi1mYWxsYmFja0BxdWV0emFsdGljLmxvY2FsIiwicm9sZSI6IkFETUlOIiwiZXhwIjoxNzc0NjM0NDY4fQ.71bAuAgGefR9QsBusckXe9vf3-u3p2xGEvGAP2evfwo",
        "x-correlation-id": "ui_gov_1774553880727",
        "sec-ch-ua": "\"Chromium\";v=\"146\", \"Not-A.Brand\";v=\"24\", \"Brave\";v=\"146\"",
        "sec-ch-ua-mobile": "?0",
        "x-idempotency-key": "8a9125ca-8724-4dc7-82dc-c9d51b05e138",
        "user-agent": "Mozilla/5.0 (Windows NT 10.0; Win64; x64) AppleWebKit/537.36 (KHTML, like Gecko) Chrome/146.0.0.0 Safari/537.36",
        "accept": "application/json, text/plain, */*",
        "content-type": "application/json",
        "sec-gpc": "1",
        "accept-language": "es-ES,es;q=0.7",
        "origin": "http://localhost:4200",
        "sec-fetch-site": "same-site",
        "sec-fetch-mode": "cors",
        "sec-fetch-dest": "empty",
        "referer": "http://localhost:4200/",
        "accept-encoding": "gzip, deflate, br, zstd",
        "if-none-match": "W/\"7f-o1Hrr6H0FTVeCBObu4Xcwg1XYlo\""
      },
      "remoteAddress": "::1",
      "remotePort": 57775
    }
    [35mcorrelationId[39m: "ui_gov_1774553880727"
    [35mres[39m: {
      "statusCode": 200,
      "headers": {
        "x-powered-by": "Express",
        "access-control-allow-origin": "*",
        "access-control-allow-credentials": "true",
        "x-correlation-id": "ui_gov_1774553880727",
        "content-type": "application/json; charset=utf-8",
        "content-length": "127",
        "etag": "W/\"7f-PtV/JS5hy5IkHlhzlbG40vPGNPE\""
      }
    }
    [35mresponseTime[39m: 58
[DEBUG] JWT Payload: {"sub":"0000-0000-0000","email":"superadmin-fallback@quetzaltic.local","role":"ADMIN","exp":1774634468}
[DEBUG] Authenticated Actor: superadmin-fallback@quetzaltic.local
[12:38:05.851] [32mINFO[39m (6280): [36mrequest completed[39m
    [35mreq[39m: {
      "id": 268,
      "method": "GET",
      "url": "/api/governance/lockdown/status",
      "query": {},
      "params": {
        "path": [
          "governance",
          "lockdown",
          "status"
        ]
      },
      "headers": {
        "host": "localhost:3333",
        "connection": "keep-alive",
        "x-actor": "superadmin-fallback@quetzaltic.local",
        "sec-ch-ua-platform": "\"Windows\"",
        "authorization": "Bearer eyJhbGciOiJIUzI1NiIsInR5cCI6IkpXVCJ9.eyJzdWIiOiIwMDAwLTAwMDAtMDAwMCIsImVtYWlsIjoic3VwZXJhZG1pbi1mYWxsYmFja0BxdWV0emFsdGljLmxvY2FsIiwicm9sZSI6IkFETUlOIiwiZXhwIjoxNzc0NjM0NDY4fQ.71bAuAgGefR9QsBusckXe9vf3-u3p2xGEvGAP2evfwo",
        "x-correlation-id": "ui_gov_1774553885725",
        "sec-ch-ua": "\"Chromium\";v=\"146\", \"Not-A.Brand\";v=\"24\", \"Brave\";v=\"146\"",
        "sec-ch-ua-mobile": "?0",
        "x-idempotency-key": "d844b31d-b754-4e04-818e-79d73a93b53f",
        "user-agent": "Mozilla/5.0 (Windows NT 10.0; Win64; x64) AppleWebKit/537.36 (KHTML, like Gecko) Chrome/146.0.0.0 Safari/537.36",
        "accept": "application/json, text/plain, */*",
        "content-type": "application/json",
        "sec-gpc": "1",
        "accept-language": "es-ES,es;q=0.7",
        "origin": "http://localhost:4200",
        "sec-fetch-site": "same-site",
        "sec-fetch-mode": "cors",
        "sec-fetch-dest": "empty",
        "referer": "http://localhost:4200/",
        "accept-encoding": "gzip, deflate, br, zstd",
        "if-none-match": "W/\"7f-PtV/JS5hy5IkHlhzlbG40vPGNPE\""
      },
      "remoteAddress": "::1",
      "remotePort": 57775
    }
    [35mcorrelationId[39m: "ui_gov_1774553885725"
    [35mres[39m: {
      "statusCode": 200,
      "headers": {
        "x-powered-by": "Express",
        "access-control-allow-origin": "*",
        "access-control-allow-credentials": "true",
        "x-correlation-id": "ui_gov_1774553885725",
        "content-type": "application/json; charset=utf-8",
        "content-length": "127",
        "etag": "W/\"7f-2JakPiYCdsDc50dlFL6mzI1NGUA\""
      }
    }
    [35mresponseTime[39m: 117
