
[7m[1m[36m NX [39m[22m[27m  [36mRunning target [1mserve[22m for project quetzaltic-api and [1m2[22m tasks it depends on:[39m

[2m[36m[39m[22m

[2m> [22m[2mnx run[22m guardian-core:build

Compiling TypeScript files for project "guardian-core"...
Done compiling TypeScript files for project "guardian-core".

[2m> [22m[2mnx run[22m quetzaltic-api:build

[2m> [22mwebpack-cli build --node-env=production

webpack compiled [1m[32msuccessfully[39m[22m (3620f04753eecc2c)

[2m> [22m[2mnx run[22m quetzaltic-api:serve:development

node.exe : [1m[33mNX 
Daemon is not running. 
Node process will not 
restart automatically 
after file 
changes.[39m[22m
En línea: 1 Carácter: 1
+ & "C:\Program 
Files\nodejs/node.exe" 
"C:\Program 
Files\nodejs/node_mo ...
+ ~~~~~~~~~~~~~~~~~~~~~~~~~
~~~~~~~~~~~~~~~~~~~~~~~~~~~
~~~~~~~~~~~~~~~~~
    + CategoryInfo         
     : NotSpecified: ([1  
  m[33mNX Dae...nges.[   
 39m[22m:String) [], R    
emoteException
    + FullyQualifiedErrorI 
   d : NativeCommandError
 
[7m[1m[36m NX [39m[22m[27m  [36mRunning target [1mbuild[22m for project quetzaltic-api and [1m1[22m task it depends on:[39m
[2m[36m[39m[22m
[2m> [22m[2mnx run[22m guardian-core:build
Compiling TypeScript files for project "guardian-core"...
Done compiling TypeScript files for project "guardian-core".
[2m> [22m[2mnx run[22m quetzaltic-api:build:development
[2m> [22mwebpack-cli build --node-env=development
webpack compiled [1m[32msuccessfully[39m[22m (3620f04753eecc2c)
[2m[32m[39m[22m
[7m[1m[32m NX [39m[22m[27m  [32mSuccessfully ran target [1mbuild[22m for project quetzaltic-api and [1m1[22m task it depends on[39m
[1m[31mDebugger 
listening on ws://localhost
:9229/f59ab340-933c-4218-88
ec-b12e2997fc33
Debugger listening on ws://
localhost:9229/f59ab340-933
c-4218-88ec-b12e2997fc33
For help, see: https://node
js.org/en/docs/inspector
[39m[22m
[13:40:18.788] [32mINFO[39m (11452): [36mStarting Nest application...[39m
    [35mcontext[39m: "NestFactory"
[13:40:18.788] [32mINFO[39m (11452): [36mConfigModule dependencies initialized[39m
    [35mcontext[39m: "InstanceLoader"
[13:40:18.788] [32mINFO[39m (11452): [36mCommonModule dependencies initialized[39m
    [35mcontext[39m: "InstanceLoader"
[13:40:18.788] [32mINFO[39m (11452): [36mConfigHostModule dependencies initialized[39m
    [35mcontext[39m: "InstanceLoader"
[13:40:18.788] [32mINFO[39m (11452): [36mDatabaseModule dependencies initialized[39m
    [35mcontext[39m: "InstanceLoader"
[13:40:18.788] [32mINFO[39m (11452): [36mAuditStoreModule dependencies initialized[39m
    [35mcontext[39m: "InstanceLoader"
[13:40:18.788] [32mINFO[39m (11452): [36mConfigModule dependencies initialized[39m
    [35mcontext[39m: "InstanceLoader"
[13:40:18.788] [32mINFO[39m (11452): [36mConfigModule dependencies initialized[39m
    [35mcontext[39m: "InstanceLoader"
[13:40:18.788] [32mINFO[39m (11452): [36mTerminusModule dependencies initialized[39m
    [35mcontext[39m: "InstanceLoader"
[13:40:18.788] [32mINFO[39m (11452): [36mTransactionModule dependencies initialized[39m
    [35mcontext[39m: "InstanceLoader"
[13:40:18.788] [32mINFO[39m (11452): [36mTestOscarModule dependencies initialized[39m
    [35mcontext[39m: "InstanceLoader"
[13:40:18.788] [32mINFO[39m (11452): [36mLoggerModule dependencies initialized[39m
    [35mcontext[39m: "InstanceLoader"
[13:40:18.788] [32mINFO[39m (11452): [36mHealthModule dependencies initialized[39m
    [35mcontext[39m: "InstanceLoader"
[13:40:18.788] [32mINFO[39m (11452): [36mOperationsModule dependencies initialized[39m
    [35mcontext[39m: "InstanceLoader"
[13:40:18.788] [32mINFO[39m (11452): [36mAuthModule dependencies initialized[39m
    [35mcontext[39m: "InstanceLoader"
[13:40:18.788] [32mINFO[39m (11452): [36mUsersModule dependencies initialized[39m
    [35mcontext[39m: "InstanceLoader"
[13:40:18.788] [32mINFO[39m (11452): [36mAppModule dependencies initialized[39m
    [35mcontext[39m: "InstanceLoader"
[13:40:18.788] [32mINFO[39m (11452): [36mGovernanceModule dependencies initialized[39m
    [35mcontext[39m: "InstanceLoader"
[13:40:18.788] [33mWARN[39m (11452): [36mUnsupported route path: "/api/*". In previous versions, the symbols ?, *, and + were used to denote optional or repeating path parameters. The latest version of "path-to-regexp" now requires the use of named parameters. For example, instead of using a route like /users/* to capture all routes starting with "/users", you should use /users/*path. For more details, refer to the migration guide. Attempting to auto-convert...[39m
    [35mcontext[39m: "LegacyRouteConverter"
[13:40:18.788] [33mWARN[39m (11452): [36mUnsupported route path: "/api/*". In previous versions, the symbols ?, *, and + were used to denote optional or repeating path parameters. The latest version of "path-to-regexp" now requires the use of named parameters. For example, instead of using a route like /users/* to capture all routes starting with "/users", you should use /users/*path. For more details, refer to the migration guide. Attempting to auto-convert...[39m
    [35mcontext[39m: "LegacyRouteConverter"
[13:40:18.788] [33mWARN[39m (11452): [36mUnsupported route path: "/api/*". In previous versions, the symbols ?, *, and + were used to denote optional or repeating path parameters. The latest version of "path-to-regexp" now requires the use of named parameters. For example, instead of using a route like /users/* to capture all routes starting with "/users", you should use /users/*path. For more details, refer to the migration guide. Attempting to auto-convert...[39m
    [35mcontext[39m: "LegacyRouteConverter"
[13:40:18.788] [32mINFO[39m (11452): [36mAppController {/api}:[39m
    [35mcontext[39m: "RoutesResolver"
[13:40:18.788] [32mINFO[39m (11452): [36mMapped {/api, GET} route[39m
    [35mcontext[39m: "RouterExplorer"
[13:40:18.788] [32mINFO[39m (11452): [36mTestController {/api/test}:[39m
    [35mcontext[39m: "RoutesResolver"
[13:40:18.788] [32mINFO[39m (11452): [36mMapped {/api/test/reset, POST} route[39m
    [35mcontext[39m: "RouterExplorer"
[13:40:18.788] [32mINFO[39m (11452): [36mHealthController {/api/health}:[39m
    [35mcontext[39m: "RoutesResolver"
[13:40:18.788] [32mINFO[39m (11452): [36mMapped {/api/health, GET} route[39m
    [35mcontext[39m: "RouterExplorer"
[13:40:18.788] [32mINFO[39m (11452): [36mOperationsController {/api/operations}:[39m
    [35mcontext[39m: "RoutesResolver"
[13:40:18.788] [32mINFO[39m (11452): [36mMapped {/api/operations/preview, POST} route[39m
    [35mcontext[39m: "RouterExplorer"
[13:40:18.788] [32mINFO[39m (11452): [36mMapped {/api/operations/execute, POST} route[39m
    [35mcontext[39m: "RouterExplorer"
[13:40:18.788] [32mINFO[39m (11452): [36mMapped {/api/operations/rollback/:id, POST} route[39m
    [35mcontext[39m: "RouterExplorer"
[13:40:18.788] [32mINFO[39m (11452): [36mGovernanceController {/api/governance}:[39m
    [35mcontext[39m: "RoutesResolver"
[13:40:18.789] [32mINFO[39m (11452): [36mMapped {/api/governance/audit-logs, GET} route[39m
    [35mcontext[39m: "RouterExplorer"
[13:40:18.789] [32mINFO[39m (11452): [36mMapped {/api/governance/stats, GET} route[39m
    [35mcontext[39m: "RouterExplorer"
[13:40:18.789] [32mINFO[39m (11452): [36mMapped {/api/governance/lockdown/status, GET} route[39m
    [35mcontext[39m: "RouterExplorer"
[13:40:18.789] [32mINFO[39m (11452): [36mMapped {/api/governance/lockdown/toggle, POST} route[39m
    [35mcontext[39m: "RouterExplorer"
[13:40:18.789] [32mINFO[39m (11452): [36mMapped {/api/governance/whitelist, GET} route[39m
    [35mcontext[39m: "RouterExplorer"
[13:40:18.789] [32mINFO[39m (11452): [36mMapped {/api/governance/whitelist, POST} route[39m
    [35mcontext[39m: "RouterExplorer"
[13:40:18.789] [32mINFO[39m (11452): [36mMapped {/api/governance/whitelist/update, POST} route[39m
    [35mcontext[39m: "RouterExplorer"
[13:40:18.789] [32mINFO[39m (11452): [36mMapped {/api/governance/whitelist/delete, POST} route[39m
    [35mcontext[39m: "RouterExplorer"
[13:40:18.789] [32mINFO[39m (11452): [36mAuthController {/api/auth}:[39m
    [35mcontext[39m: "RoutesResolver"
[13:40:18.789] [32mINFO[39m (11452): [36mMapped {/api/auth/login, POST} route[39m
    [35mcontext[39m: "RouterExplorer"
[13:40:18.789] [32mINFO[39m (11452): [36mUsersController {/api/users}:[39m
    [35mcontext[39m: "RoutesResolver"
[13:40:18.789] [32mINFO[39m (11452): [36mMapped {/api/users, GET} route[39m
    [35mcontext[39m: "RouterExplorer"
[13:40:18.789] [32mINFO[39m (11452): [36mMapped {/api/users, POST} route[39m
    [35mcontext[39m: "RouterExplorer"
[13:40:18.789] [32mINFO[39m (11452): [36mMapped {/api/users/:id, DELETE} route[39m
    [35mcontext[39m: "RouterExplorer"
[13:40:18.789] [32mINFO[39m (11452): [36mTestOscarController {/api/test-oscar}:[39m
    [35mcontext[39m: "RoutesResolver"
[13:40:18.789] [32mINFO[39m (11452): [36mMapped {/api/test-oscar, GET} route[39m
    [35mcontext[39m: "RouterExplorer"
[13:40:18.789] [31mERROR[39m (11452): [36mÔØî Database connection failed[39m
    [35mcontext[39m: "PrismaService"
[13:40:18.789] [32mINFO[39m (11452): [36mNest application successfully started[39m
    [35mcontext[39m: "NestApplication"
[13:40:18.790] [32mINFO[39m (11452): [36m­ƒÜÇ Application is running on: http://localhost:3333/api[39m
[13:40:18.790] [32mINFO[39m (11452): [36m­ƒîì Environment: dev[39m
[13:42:48.044] [31mERROR[39m (11452): [36mHealth Check has failed! {"production_database":{"status":"down","message":"\nInvalid `this.prisma.demoRecord.findFirst()` invocation in\nC:\\dev\\soporte\\quetzaltic\\apps\\quetzaltic-api\\src\\app\\health\\indicators\\database.indicators.ts:19:42\n\n  16 async isHealthy(key: string): Promise<HealthIndicatorResult> {\n  17     try {\n  18         // Verificamos conexi├│n al esquema 'prod' intentando acceder a una tabla espec├¡fica\nÔåÆ 19         await this.prisma.demoRecord.findFirst(\nAuthentication failed against database server, the provided database credentials for `QUETZALTIC` are not valid.\n\nPlease make sure to provide valid database credentials for the database server at the configured address."},"audit_database":{"status":"down","message":"\nInvalid `this.prisma.auditEvent.findFirst()` invocation in\nC:\\dev\\soporte\\quetzaltic\\apps\\quetzaltic-api\\src\\app\\health\\indicators\\database.indicators.ts:42:42\n\n  39 async isHealthy(key: string): Promise<HealthIndicatorResult> {\n  40     try {\n  41         // Verificamos conexi├│n al esquema 'audit' intentando acceder a la tabla de eventos\nÔåÆ 42         await this.prisma.auditEvent.findFirst(\nAuthentication failed against database server, the provided database credentials for `QUETZALTIC` are not valid.\n\nPlease make sure to provide valid database credentials for the database server at the configured address."}}[39m
    [35mreq[39m: {
      "id": 1,
      "method": "GET",
      "url": "/api/health",
      "query": {},
      "params": {
        "path": [
          "health"
        ]
      },
      "headers": {
        "user-agent": "Mozilla/5.0 (Windows NT; Windows NT 10.0; es-MX) WindowsPowerShell/5.1.26100.7920",
        "host": "localhost:3333",
        "connection": "Keep-Alive"
      },
      "remoteAddress": "::1",
      "remotePort": 62606
    }
[13:42:48.071] [31mERROR[39m (11452): [36m[87c9ec5d-5b78-466a-960a-8b5795ffab19] GET /api/health - Status: 503 - Error: {"status":"error","info":{},"error":{"production_database":{"status":"down","message":"\nInvalid `this.prisma.demoRecord.findFirst()` invocation in\nC:\\dev\\soporte\\quetzaltic\\apps\\quetzaltic-api\\src\\app\\health\\indicators\\database.indicators.ts:19:42\n\n  16 async isHealthy(key: string): Promise<HealthIndicatorResult> {\n  17     try {\n  18         // Verificamos conexi├│n al esquema 'prod' intentando acceder a una tabla espec├¡fica\nÔåÆ 19         await this.prisma.demoRecord.findFirst(\nAuthentication failed against database server, the provided database credentials for `QUETZALTIC` are not valid.\n\nPlease make sure to provide valid database credentials for the database server at the configured address."},"audit_database":{"status":"down","message":"\nInvalid `this.prisma.auditEvent.findFirst()` invocation in\nC:\\dev\\soporte\\quetzaltic\\apps\\quetzaltic-api\\src\\app\\health\\indicators\\database.indicators.ts:42:42\n\n  39 async isHealthy(key: string): Promise<HealthIndicatorResult> {\n  40     try {\n  41         // Verificamos conexi├│n al esquema 'audit' intentando acceder a la tabla de eventos\nÔåÆ 42         await this.prisma.auditEvent.findFirst(\nAuthentication failed against database server, the provided database credentials for `QUETZALTIC` are not valid.\n\nPlease make sure to provide valid database credentials for the database server at the configured address."}},"details":{"production_database":{"status":"down","message":"\nInvalid `this.prisma.demoRecord.findFirst()` invocation in\nC:\\dev\\soporte\\quetzaltic\\apps\\quetzaltic-api\\src\\app\\health\\indicators\\database.indicators.ts:19:42\n\n  16 async isHealthy(key: string): Promise<HealthIndicatorResult> {\n  17     try {\n  18         // Verificamos conexi├│n al esquema 'prod' intentando acceder a una tabla espec├¡fica\nÔåÆ 19         await this.prisma.demoRecord.findFirst(\nAuthentication failed against database server, the provided database credentials for `QUETZALTIC` are not valid.\n\nPlease make sure to provide valid database credentials for the database server at the configured address."},"audit_database":{"status":"down","message":"\nInvalid `this.prisma.auditEvent.findFirst()` invocation in\nC:\\dev\\soporte\\quetzaltic\\apps\\quetzaltic-api\\src\\app\\health\\indicators\\database.indicators.ts:42:42\n\n  39 async isHealthy(key: string): Promise<HealthIndicatorResult> {\n  40     try {\n  41         // Verificamos conexi├│n al esquema 'audit' intentando acceder a la tabla de eventos\nÔåÆ 42         await this.prisma.auditEvent.findFirst(\nAuthentication failed against database server, the provided database credentials for `QUETZALTIC` are not valid.\n\nPlease make sure to provide valid database credentials for the database server at the configured address."}}}[39m
    [35mreq[39m: {
      "id": 1,
      "method": "GET",
      "url": "/api/health",
      "query": {},
      "params": {
        "path": [
          "health"
        ]
      },
      "headers": {
        "user-agent": "Mozilla/5.0 (Windows NT; Windows NT 10.0; es-MX) WindowsPowerShell/5.1.26100.7920",
        "host": "localhost:3333",
        "connection": "Keep-Alive"
      },
      "remoteAddress": "::1",
      "remotePort": 62606
    }
    [35mcontext[39m: "GlobalExceptionFilter"
[13:42:48.104] [32mINFO[39m (11452): [36mrequest errored[39m
    [35mreq[39m: {
      "id": 1,
      "method": "GET",
      "url": "/api/health",
      "query": {},
      "params": {
        "path": [
          "health"
        ]
      },
      "headers": {
        "user-agent": "Mozilla/5.0 (Windows NT; Windows NT 10.0; es-MX) WindowsPowerShell/5.1.26100.7920",
        "host": "localhost:3333",
        "connection": "Keep-Alive"
      },
      "remoteAddress": "::1",
      "remotePort": 62606
    }
    [35mcorrelationId[39m: "87c9ec5d-5b78-466a-960a-8b5795ffab19"
    [35mres[39m: {
      "statusCode": 503,
      "headers": {
        "x-powered-by": "Express",
        "access-control-allow-origin": "*",
        "access-control-allow-credentials": "true",
        "x-correlation-id": "87c9ec5d-5b78-466a-960a-8b5795ffab19",
        "cache-control": "no-cache, no-store, must-revalidate",
        "content-type": "application/json; charset=utf-8",
        "content-length": "2954",
        "etag": "W/\"b8a-laASOTopeAJW7Ps+KRwYa8oMPMQ\""
      }
    }
    [35mresponseTime[39m: 961
    err: {
      "type": "Error",
      "message": "failed with status code 503",
      "stack":
          Error: failed with status code 503
              at onResFinished (C:\dev\soporte\quetzaltic\node_modules\pino-http\logger.js:115:39)
              at ServerResponse.onResponseComplete (C:\dev\soporte\quetzaltic\node_modules\pino-http\logger.js:178:14)
              at ServerResponse.emit (node:events:520:35)
              at onFinish (node:_http_outgoing:1026:10)
              at callback (node:internal/streams/writable:764:21)
              at afterWrite (node:internal/streams/writable:708:5)
              at afterWriteTick (node:internal/streams/writable:694:10)
              at processTicksAndRejections (node:internal/process/task_queues:88:21)
    }
[DEBUG] JWT Payload: {"sub":"0000-0000-0000","email":"superadmin-fallback@quetzaltic.local","role":"ADMIN","exp":1774371860}
[DEBUG] Authenticated Actor: superadmin-fallback@quetzaltic.local
[13:50:00.578] [33mWARN[39m (11452): [36mPrisma failure, falling back to Virtual Lockdown state[39m
    [35mreq[39m: {
      "id": 2,
      "method": "GET",
      "url": "/api/governance/lockdown/status",
      "query": {},
      "params": {
        "path": [
          "governance",
          "lockdown",
          "status"
        ]
      },
      "headers": {
        "host": "localhost:3333",
        "connection": "keep-alive",
        "x-actor": "superadmin-fallback@quetzaltic.local",
        "sec-ch-ua-platform": "\"Windows\"",
        "authorization": "Bearer eyJhbGciOiJIUzI1NiIsInR5cCI6IkpXVCJ9.eyJzdWIiOiIwMDAwLTAwMDAtMDAwMCIsImVtYWlsIjoic3VwZXJhZG1pbi1mYWxsYmFja0BxdWV0emFsdGljLmxvY2FsIiwicm9sZSI6IkFETUlOIiwiZXhwIjoxNzc0MzcxODYwfQ.4R3n7nSywfFs_apkd-C8WOF1S-f_9w23vpYdhIqnLvU",
        "x-correlation-id": "ui_gov_1774298998821",
        "sec-ch-ua": "\"Chromium\";v=\"146\", \"Not-A.Brand\";v=\"24\", \"Brave\";v=\"146\"",
        "sec-ch-ua-mobile": "?0",
        "x-idempotency-key": "ddbdfc9b-bbc6-47f2-8ca6-4168409066b3",
        "user-agent": "Mozilla/5.0 (Windows NT 10.0; Win64; x64) AppleWebKit/537.36 (KHTML, like Gecko) Chrome/146.0.0.0 Safari/537.36",
        "accept": "application/json, text/plain, */*",
        "content-type": "application/json",
        "sec-gpc": "1",
        "accept-language": "es-ES,es;q=0.7",
        "origin": "http://localhost:4200",
        "sec-fetch-site": "same-site",
        "sec-fetch-mode": "cors",
        "sec-fetch-dest": "empty",
        "referer": "http://localhost:4200/",
        "accept-encoding": "gzip, deflate, br, zstd",
        "if-none-match": "W/\"7f-Kqof2/74D2hrAf65Icgv3lP/Dbg\""
      },
      "remoteAddress": "::1",
      "remotePort": 51626
    }
    [35mcorrelationId[39m: "ui_gov_1774298998821"
    [35mcontext[39m: "LockdownService"
[13:50:00.623] [32mINFO[39m (11452): [36mrequest completed[39m
    [35mreq[39m: {
      "id": 2,
      "method": "GET",
      "url": "/api/governance/lockdown/status",
      "query": {},
      "params": {
        "path": [
          "governance",
          "lockdown",
          "status"
        ]
      },
      "headers": {
        "host": "localhost:3333",
        "connection": "keep-alive",
        "x-actor": "superadmin-fallback@quetzaltic.local",
        "sec-ch-ua-platform": "\"Windows\"",
        "authorization": "Bearer eyJhbGciOiJIUzI1NiIsInR5cCI6IkpXVCJ9.eyJzdWIiOiIwMDAwLTAwMDAtMDAwMCIsImVtYWlsIjoic3VwZXJhZG1pbi1mYWxsYmFja0BxdWV0emFsdGljLmxvY2FsIiwicm9sZSI6IkFETUlOIiwiZXhwIjoxNzc0MzcxODYwfQ.4R3n7nSywfFs_apkd-C8WOF1S-f_9w23vpYdhIqnLvU",
        "x-correlation-id": "ui_gov_1774298998821",
        "sec-ch-ua": "\"Chromium\";v=\"146\", \"Not-A.Brand\";v=\"24\", \"Brave\";v=\"146\"",
        "sec-ch-ua-mobile": "?0",
        "x-idempotency-key": "ddbdfc9b-bbc6-47f2-8ca6-4168409066b3",
        "user-agent": "Mozilla/5.0 (Windows NT 10.0; Win64; x64) AppleWebKit/537.36 (KHTML, like Gecko) Chrome/146.0.0.0 Safari/537.36",
        "accept": "application/json, text/plain, */*",
        "content-type": "application/json",
        "sec-gpc": "1",
        "accept-language": "es-ES,es;q=0.7",
        "origin": "http://localhost:4200",
        "sec-fetch-site": "same-site",
        "sec-fetch-mode": "cors",
        "sec-fetch-dest": "empty",
        "referer": "http://localhost:4200/",
        "accept-encoding": "gzip, deflate, br, zstd",
        "if-none-match": "W/\"7f-Kqof2/74D2hrAf65Icgv3lP/Dbg\""
      },
      "remoteAddress": "::1",
      "remotePort": 51626
    }
    [35mcorrelationId[39m: "ui_gov_1774298998821"
    [35mres[39m: {
      "statusCode": 200,
      "headers": {
        "x-powered-by": "Express",
        "access-control-allow-origin": "*",
        "access-control-allow-credentials": "true",
        "x-correlation-id": "ui_gov_1774298998821",
        "content-type": "application/json; charset=utf-8",
        "content-length": "127",
        "etag": "W/\"7f-2+UNngMb3YlvIizfYYJK1svfoYQ\""
      }
    }
    [35mresponseTime[39m: 1508
[DEBUG] JWT Payload: {"sub":"0000-0000-0000","email":"superadmin-fallback@quetzaltic.local","role":"ADMIN","exp":1774371860}
[DEBUG] Authenticated Actor: superadmin-fallback@quetzaltic.local
[13:50:04.178] [33mWARN[39m (11452): [36mPrisma failure, falling back to Virtual Lockdown state[39m
    [35mreq[39m: {
      "id": 3,
      "method": "GET",
      "url": "/api/governance/lockdown/status",
      "query": {},
      "params": {
        "path": [
          "governance",
          "lockdown",
          "status"
        ]
      },
      "headers": {
        "host": "localhost:3333",
        "connection": "keep-alive",
        "x-actor": "superadmin-fallback@quetzaltic.local",
        "sec-ch-ua-platform": "\"Windows\"",
        "authorization": "Bearer eyJhbGciOiJIUzI1NiIsInR5cCI6IkpXVCJ9.eyJzdWIiOiIwMDAwLTAwMDAtMDAwMCIsImVtYWlsIjoic3VwZXJhZG1pbi1mYWxsYmFja0BxdWV0emFsdGljLmxvY2FsIiwicm9sZSI6IkFETUlOIiwiZXhwIjoxNzc0MzcxODYwfQ.4R3n7nSywfFs_apkd-C8WOF1S-f_9w23vpYdhIqnLvU",
        "x-correlation-id": "ui_gov_1774299003831",
        "sec-ch-ua": "\"Chromium\";v=\"146\", \"Not-A.Brand\";v=\"24\", \"Brave\";v=\"146\"",
        "sec-ch-ua-mobile": "?0",
        "x-idempotency-key": "bb5bd298-486b-41eb-8235-f1ef16daf3f7",
        "user-agent": "Mozilla/5.0 (Windows NT 10.0; Win64; x64) AppleWebKit/537.36 (KHTML, like Gecko) Chrome/146.0.0.0 Safari/537.36",
        "accept": "application/json, text/plain, */*",
        "content-type": "application/json",
        "sec-gpc": "1",
        "accept-language": "es-ES,es;q=0.7",
        "origin": "http://localhost:4200",
        "sec-fetch-site": "same-site",
        "sec-fetch-mode": "cors",
        "sec-fetch-dest": "empty",
        "referer": "http://localhost:4200/",
        "accept-encoding": "gzip, deflate, br, zstd",
        "if-none-match": "W/\"7f-2+UNngMb3YlvIizfYYJK1svfoYQ\""
      },
      "remoteAddress": "::1",
      "remotePort": 51626
    }
    [35mcorrelationId[39m: "ui_gov_1774299003831"
    [35mcontext[39m: "LockdownService"
[13:50:04.180] [32mINFO[39m (11452): [36mrequest completed[39m
    [35mreq[39m: {
      "id": 3,
      "method": "GET",
      "url": "/api/governance/lockdown/status",
      "query": {},
      "params": {
        "path": [
          "governance",
          "lockdown",
          "status"
        ]
      },
      "headers": {
        "host": "localhost:3333",
        "connection": "keep-alive",
        "x-actor": "superadmin-fallback@quetzaltic.local",
        "sec-ch-ua-platform": "\"Windows\"",
        "authorization": "Bearer eyJhbGciOiJIUzI1NiIsInR5cCI6IkpXVCJ9.eyJzdWIiOiIwMDAwLTAwMDAtMDAwMCIsImVtYWlsIjoic3VwZXJhZG1pbi1mYWxsYmFja0BxdWV0emFsdGljLmxvY2FsIiwicm9sZSI6IkFETUlOIiwiZXhwIjoxNzc0MzcxODYwfQ.4R3n7nSywfFs_apkd-C8WOF1S-f_9w23vpYdhIqnLvU",
        "x-correlation-id": "ui_gov_1774299003831",
        "sec-ch-ua": "\"Chromium\";v=\"146\", \"Not-A.Brand\";v=\"24\", \"Brave\";v=\"146\"",
        "sec-ch-ua-mobile": "?0",
        "x-idempotency-key": "bb5bd298-486b-41eb-8235-f1ef16daf3f7",
        "user-agent": "Mozilla/5.0 (Windows NT 10.0; Win64; x64) AppleWebKit/537.36 (KHTML, like Gecko) Chrome/146.0.0.0 Safari/537.36",
        "accept": "application/json, text/plain, */*",
        "content-type": "application/json",
        "sec-gpc": "1",
        "accept-language": "es-ES,es;q=0.7",
        "origin": "http://localhost:4200",
        "sec-fetch-site": "same-site",
        "sec-fetch-mode": "cors",
        "sec-fetch-dest": "empty",
        "referer": "http://localhost:4200/",
        "accept-encoding": "gzip, deflate, br, zstd",
        "if-none-match": "W/\"7f-2+UNngMb3YlvIizfYYJK1svfoYQ\""
      },
      "remoteAddress": "::1",
      "remotePort": 51626
    }
    [35mcorrelationId[39m: "ui_gov_1774299003831"
    [35mres[39m: {
      "statusCode": 200,
      "headers": {
        "x-powered-by": "Express",
        "access-control-allow-origin": "*",
        "access-control-allow-credentials": "true",
        "x-correlation-id": "ui_gov_1774299003831",
        "content-type": "application/json; charset=utf-8",
        "content-length": "127",
        "etag": "W/\"7f-BcJON4GnZMZSvx4HCqDCak/Qy/I\""
      }
    }
    [35mresponseTime[39m: 339
[DEBUG] JWT Payload: {"sub":"0000-0000-0000","email":"superadmin-fallback@quetzaltic.local","role":"ADMIN","exp":1774371860}
[DEBUG] Authenticated Actor: superadmin-fallback@quetzaltic.local
[13:50:09.278] [33mWARN[39m (11452): [36mPrisma failure, falling back to Virtual Lockdown state[39m
    [35mreq[39m: {
      "id": 4,
      "method": "GET",
      "url": "/api/governance/lockdown/status",
      "query": {},
      "params": {
        "path": [
          "governance",
          "lockdown",
          "status"
        ]
      },
      "headers": {
        "host": "localhost:3333",
        "connection": "keep-alive",
        "x-actor": "superadmin-fallback@quetzaltic.local",
        "sec-ch-ua-platform": "\"Windows\"",
        "authorization": "Bearer eyJhbGciOiJIUzI1NiIsInR5cCI6IkpXVCJ9.eyJzdWIiOiIwMDAwLTAwMDAtMDAwMCIsImVtYWlsIjoic3VwZXJhZG1pbi1mYWxsYmFja0BxdWV0emFsdGljLmxvY2FsIiwicm9sZSI6IkFETUlOIiwiZXhwIjoxNzc0MzcxODYwfQ.4R3n7nSywfFs_apkd-C8WOF1S-f_9w23vpYdhIqnLvU",
        "x-correlation-id": "ui_gov_1774299008827",
        "sec-ch-ua": "\"Chromium\";v=\"146\", \"Not-A.Brand\";v=\"24\", \"Brave\";v=\"146\"",
        "sec-ch-ua-mobile": "?0",
        "x-idempotency-key": "89a68a7b-725f-4c4d-b07d-791c3aca7905",
        "user-agent": "Mozilla/5.0 (Windows NT 10.0; Win64; x64) AppleWebKit/537.36 (KHTML, like Gecko) Chrome/146.0.0.0 Safari/537.36",
        "accept": "application/json, text/plain, */*",
        "content-type": "application/json",
        "sec-gpc": "1",
        "accept-language": "es-ES,es;q=0.7",
        "origin": "http://localhost:4200",
        "sec-fetch-site": "same-site",
        "sec-fetch-mode": "cors",
        "sec-fetch-dest": "empty",
        "referer": "http://localhost:4200/",
        "accept-encoding": "gzip, deflate, br, zstd",
        "if-none-match": "W/\"7f-BcJON4GnZMZSvx4HCqDCak/Qy/I\""
      },
      "remoteAddress": "::1",
      "remotePort": 51626
    }
    [35mcorrelationId[39m: "ui_gov_1774299008827"
    [35mcontext[39m: "LockdownService"
[13:50:09.279] [32mINFO[39m (11452): [36mrequest completed[39m
    [35mreq[39m: {
      "id": 4,
      "method": "GET",
      "url": "/api/governance/lockdown/status",
      "query": {},
      "params": {
        "path": [
          "governance",
          "lockdown",
          "status"
        ]
      },
      "headers": {
        "host": "localhost:3333",
        "connection": "keep-alive",
        "x-actor": "superadmin-fallback@quetzaltic.local",
        "sec-ch-ua-platform": "\"Windows\"",
        "authorization": "Bearer eyJhbGciOiJIUzI1NiIsInR5cCI6IkpXVCJ9.eyJzdWIiOiIwMDAwLTAwMDAtMDAwMCIsImVtYWlsIjoic3VwZXJhZG1pbi1mYWxsYmFja0BxdWV0emFsdGljLmxvY2FsIiwicm9sZSI6IkFETUlOIiwiZXhwIjoxNzc0MzcxODYwfQ.4R3n7nSywfFs_apkd-C8WOF1S-f_9w23vpYdhIqnLvU",
        "x-correlation-id": "ui_gov_1774299008827",
        "sec-ch-ua": "\"Chromium\";v=\"146\", \"Not-A.Brand\";v=\"24\", \"Brave\";v=\"146\"",
        "sec-ch-ua-mobile": "?0",
        "x-idempotency-key": "89a68a7b-725f-4c4d-b07d-791c3aca7905",
        "user-agent": "Mozilla/5.0 (Windows NT 10.0; Win64; x64) AppleWebKit/537.36 (KHTML, like Gecko) Chrome/146.0.0.0 Safari/537.36",
        "accept": "application/json, text/plain, */*",
        "content-type": "application/json",
        "sec-gpc": "1",
        "accept-language": "es-ES,es;q=0.7",
        "origin": "http://localhost:4200",
        "sec-fetch-site": "same-site",
        "sec-fetch-mode": "cors",
        "sec-fetch-dest": "empty",
        "referer": "http://localhost:4200/",
        "accept-encoding": "gzip, deflate, br, zstd",
        "if-none-match": "W/\"7f-BcJON4GnZMZSvx4HCqDCak/Qy/I\""
      },
      "remoteAddress": "::1",
      "remotePort": 51626
    }
    [35mcorrelationId[39m: "ui_gov_1774299008827"
    [35mres[39m: {
      "statusCode": 200,
      "headers": {
        "x-powered-by": "Express",
        "access-control-allow-origin": "*",
        "access-control-allow-credentials": "true",
        "x-correlation-id": "ui_gov_1774299008827",
        "content-type": "application/json; charset=utf-8",
        "content-length": "127",
        "etag": "W/\"7f-iVAfVhGicTMxH7wgDRqp7Xr53as\""
      }
    }
    [35mresponseTime[39m: 434
[DEBUG] JWT Payload: {"sub":"0000-0000-0000","email":"superadmin-fallback@quetzaltic.local","role":"ADMIN","exp":1774371860}
[DEBUG] Authenticated Actor: superadmin-fallback@quetzaltic.local
[13:50:16.052] [33mWARN[39m (11452): [36mPrisma failure, falling back to Virtual Lockdown state[39m
    [35mreq[39m: {
      "id": 5,
      "method": "GET",
      "url": "/api/governance/lockdown/status",
      "query": {},
      "params": {
        "path": [
          "governance",
          "lockdown",
          "status"
        ]
      },
      "headers": {
        "host": "localhost:3333",
        "connection": "keep-alive",
        "x-actor": "superadmin-fallback@quetzaltic.local",
        "sec-ch-ua-platform": "\"Windows\"",
        "authorization": "Bearer eyJhbGciOiJIUzI1NiIsInR5cCI6IkpXVCJ9.eyJzdWIiOiIwMDAwLTAwMDAtMDAwMCIsImVtYWlsIjoic3VwZXJhZG1pbi1mYWxsYmFja0BxdWV0emFsdGljLmxvY2FsIiwicm9sZSI6IkFETUlOIiwiZXhwIjoxNzc0MzcxODYwfQ.4R3n7nSywfFs_apkd-C8WOF1S-f_9w23vpYdhIqnLvU",
        "x-correlation-id": "ui_gov_1774299014715",
        "sec-ch-ua": "\"Chromium\";v=\"146\", \"Not-A.Brand\";v=\"24\", \"Brave\";v=\"146\"",
        "sec-ch-ua-mobile": "?0",
        "x-idempotency-key": "c0fcd634-487b-4e1b-b9a4-a5ebab61e664",
        "user-agent": "Mozilla/5.0 (Windows NT 10.0; Win64; x64) AppleWebKit/537.36 (KHTML, like Gecko) Chrome/146.0.0.0 Safari/537.36",
        "accept": "application/json, text/plain, */*",
        "content-type": "application/json",
        "sec-gpc": "1",
        "accept-language": "es-ES,es;q=0.7",
        "origin": "http://localhost:4200",
        "sec-fetch-site": "same-site",
        "sec-fetch-mode": "cors",
        "sec-fetch-dest": "empty",
        "referer": "http://localhost:4200/",
        "accept-encoding": "gzip, deflate, br, zstd",
        "if-none-match": "W/\"7f-iVAfVhGicTMxH7wgDRqp7Xr53as\""
      },
      "remoteAddress": "::1",
      "remotePort": 49693
    }
    [35mcorrelationId[39m: "ui_gov_1774299014715"
    [35mcontext[39m: "LockdownService"
[13:50:16.109] [32mINFO[39m (11452): [36mrequest completed[39m
    [35mreq[39m: {
      "id": 5,
      "method": "GET",
      "url": "/api/governance/lockdown/status",
      "query": {},
      "params": {
        "path": [
          "governance",
          "lockdown",
          "status"
        ]
      },
      "headers": {
        "host": "localhost:3333",
        "connection": "keep-alive",
        "x-actor": "superadmin-fallback@quetzaltic.local",
        "sec-ch-ua-platform": "\"Windows\"",
        "authorization": "Bearer eyJhbGciOiJIUzI1NiIsInR5cCI6IkpXVCJ9.eyJzdWIiOiIwMDAwLTAwMDAtMDAwMCIsImVtYWlsIjoic3VwZXJhZG1pbi1mYWxsYmFja0BxdWV0emFsdGljLmxvY2FsIiwicm9sZSI6IkFETUlOIiwiZXhwIjoxNzc0MzcxODYwfQ.4R3n7nSywfFs_apkd-C8WOF1S-f_9w23vpYdhIqnLvU",
        "x-correlation-id": "ui_gov_1774299014715",
        "sec-ch-ua": "\"Chromium\";v=\"146\", \"Not-A.Brand\";v=\"24\", \"Brave\";v=\"146\"",
        "sec-ch-ua-mobile": "?0",
        "x-idempotency-key": "c0fcd634-487b-4e1b-b9a4-a5ebab61e664",
        "user-agent": "Mozilla/5.0 (Windows NT 10.0; Win64; x64) AppleWebKit/537.36 (KHTML, like Gecko) Chrome/146.0.0.0 Safari/537.36",
        "accept": "application/json, text/plain, */*",
        "content-type": "application/json",
        "sec-gpc": "1",
        "accept-language": "es-ES,es;q=0.7",
        "origin": "http://localhost:4200",
        "sec-fetch-site": "same-site",
        "sec-fetch-mode": "cors",
        "sec-fetch-dest": "empty",
        "referer": "http://localhost:4200/",
        "accept-encoding": "gzip, deflate, br, zstd",
        "if-none-match": "W/\"7f-iVAfVhGicTMxH7wgDRqp7Xr53as\""
      },
      "remoteAddress": "::1",
      "remotePort": 49693
    }
    [35mcorrelationId[39m: "ui_gov_1774299014715"
    [35mres[39m: {
      "statusCode": 200,
      "headers": {
        "x-powered-by": "Express",
        "access-control-allow-origin": "*",
        "access-control-allow-credentials": "true",
        "x-correlation-id": "ui_gov_1774299014715",
        "content-type": "application/json; charset=utf-8",
        "content-length": "127",
        "etag": "W/\"7f-4ryXo/PUgVPQip8YjI2vKxhWz7A\""
      }
    }
    [35mresponseTime[39m: 671
[DEBUG] JWT Payload: {"sub":"0000-0000-0000","email":"superadmin-fallback@quetzaltic.local","role":"ADMIN","exp":1774371860}
[DEBUG] Authenticated Actor: superadmin-fallback@quetzaltic.local
[13:50:20.084] [33mWARN[39m (11452): [36mPrisma failure, falling back to Virtual Lockdown state[39m
    [35mreq[39m: {
      "id": 6,
      "method": "GET",
      "url": "/api/governance/lockdown/status",
      "query": {},
      "params": {
        "path": [
          "governance",
          "lockdown",
          "status"
        ]
      },
      "headers": {
        "host": "localhost:3333",
        "connection": "keep-alive",
        "x-actor": "superadmin-fallback@quetzaltic.local",
        "sec-ch-ua-platform": "\"Windows\"",
        "authorization": "Bearer eyJhbGciOiJIUzI1NiIsInR5cCI6IkpXVCJ9.eyJzdWIiOiIwMDAwLTAwMDAtMDAwMCIsImVtYWlsIjoic3VwZXJhZG1pbi1mYWxsYmFja0BxdWV0emFsdGljLmxvY2FsIiwicm9sZSI6IkFETUlOIiwiZXhwIjoxNzc0MzcxODYwfQ.4R3n7nSywfFs_apkd-C8WOF1S-f_9w23vpYdhIqnLvU",
        "x-correlation-id": "ui_gov_1774299019725",
        "sec-ch-ua": "\"Chromium\";v=\"146\", \"Not-A.Brand\";v=\"24\", \"Brave\";v=\"146\"",
        "sec-ch-ua-mobile": "?0",
        "x-idempotency-key": "2ec40bf1-1ac2-4b60-b18d-22d5b2d9958d",
        "user-agent": "Mozilla/5.0 (Windows NT 10.0; Win64; x64) AppleWebKit/537.36 (KHTML, like Gecko) Chrome/146.0.0.0 Safari/537.36",
        "accept": "application/json, text/plain, */*",
        "content-type": "application/json",
        "sec-gpc": "1",
        "accept-language": "es-ES,es;q=0.7",
        "origin": "http://localhost:4200",
        "sec-fetch-site": "same-site",
        "sec-fetch-mode": "cors",
        "sec-fetch-dest": "empty",
        "referer": "http://localhost:4200/",
        "accept-encoding": "gzip, deflate, br, zstd",
        "if-none-match": "W/\"7f-4ryXo/PUgVPQip8YjI2vKxhWz7A\""
      },
      "remoteAddress": "::1",
      "remotePort": 49693
    }
    [35mcorrelationId[39m: "ui_gov_1774299019725"
    [35mcontext[39m: "LockdownService"
[13:50:20.086] [32mINFO[39m (11452): [36mrequest completed[39m
    [35mreq[39m: {
      "id": 6,
      "method": "GET",
      "url": "/api/governance/lockdown/status",
      "query": {},
      "params": {
        "path": [
          "governance",
          "lockdown",
          "status"
        ]
      },
      "headers": {
        "host": "localhost:3333",
        "connection": "keep-alive",
        "x-actor": "superadmin-fallback@quetzaltic.local",
        "sec-ch-ua-platform": "\"Windows\"",
        "authorization": "Bearer eyJhbGciOiJIUzI1NiIsInR5cCI6IkpXVCJ9.eyJzdWIiOiIwMDAwLTAwMDAtMDAwMCIsImVtYWlsIjoic3VwZXJhZG1pbi1mYWxsYmFja0BxdWV0emFsdGljLmxvY2FsIiwicm9sZSI6IkFETUlOIiwiZXhwIjoxNzc0MzcxODYwfQ.4R3n7nSywfFs_apkd-C8WOF1S-f_9w23vpYdhIqnLvU",
        "x-correlation-id": "ui_gov_1774299019725",
        "sec-ch-ua": "\"Chromium\";v=\"146\", \"Not-A.Brand\";v=\"24\", \"Brave\";v=\"146\"",
        "sec-ch-ua-mobile": "?0",
        "x-idempotency-key": "2ec40bf1-1ac2-4b60-b18d-22d5b2d9958d",
        "user-agent": "Mozilla/5.0 (Windows NT 10.0; Win64; x64) AppleWebKit/537.36 (KHTML, like Gecko) Chrome/146.0.0.0 Safari/537.36",
        "accept": "application/json, text/plain, */*",
        "content-type": "application/json",
        "sec-gpc": "1",
        "accept-language": "es-ES,es;q=0.7",
        "origin": "http://localhost:4200",
        "sec-fetch-site": "same-site",
        "sec-fetch-mode": "cors",
        "sec-fetch-dest": "empty",
        "referer": "http://localhost:4200/",
        "accept-encoding": "gzip, deflate, br, zstd",
        "if-none-match": "W/\"7f-4ryXo/PUgVPQip8YjI2vKxhWz7A\""
      },
      "remoteAddress": "::1",
      "remotePort": 49693
    }
    [35mcorrelationId[39m: "ui_gov_1774299019725"
    [35mres[39m: {
      "statusCode": 200,
      "headers": {
        "x-powered-by": "Express",
        "access-control-allow-origin": "*",
        "access-control-allow-credentials": "true",
        "x-correlation-id": "ui_gov_1774299019725",
        "content-type": "application/json; charset=utf-8",
        "content-length": "127",
        "etag": "W/\"7f-rXyv3U14d6FdQPwdKXuqr20l0vY\""
      }
    }
    [35mresponseTime[39m: 353
[DEBUG] JWT Payload: {"sub":"0000-0000-0000","email":"superadmin-fallback@quetzaltic.local","role":"ADMIN","exp":1774371860}
[DEBUG] Authenticated Actor: superadmin-fallback@quetzaltic.local
[13:50:25.560] [33mWARN[39m (11452): [36mPrisma failure, falling back to Virtual Lockdown state[39m
    [35mreq[39m: {
      "id": 7,
      "method": "GET",
      "url": "/api/governance/lockdown/status",
      "query": {},
      "params": {
        "path": [
          "governance",
          "lockdown",
          "status"
        ]
      },
      "headers": {
        "host": "localhost:3333",
        "connection": "keep-alive",
        "x-actor": "superadmin-fallback@quetzaltic.local",
        "sec-ch-ua-platform": "\"Windows\"",
        "authorization": "Bearer eyJhbGciOiJIUzI1NiIsInR5cCI6IkpXVCJ9.eyJzdWIiOiIwMDAwLTAwMDAtMDAwMCIsImVtYWlsIjoic3VwZXJhZG1pbi1mYWxsYmFja0BxdWV0emFsdGljLmxvY2FsIiwicm9sZSI6IkFETUlOIiwiZXhwIjoxNzc0MzcxODYwfQ.4R3n7nSywfFs_apkd-C8WOF1S-f_9w23vpYdhIqnLvU",
        "x-correlation-id": "ui_gov_1774299024719",
        "sec-ch-ua": "\"Chromium\";v=\"146\", \"Not-A.Brand\";v=\"24\", \"Brave\";v=\"146\"",
        "sec-ch-ua-mobile": "?0",
        "x-idempotency-key": "88bf3fb3-dbf5-4c1c-bd49-2311e06406ca",
        "user-agent": "Mozilla/5.0 (Windows NT 10.0; Win64; x64) AppleWebKit/537.36 (KHTML, like Gecko) Chrome/146.0.0.0 Safari/537.36",
        "accept": "application/json, text/plain, */*",
        "content-type": "application/json",
        "sec-gpc": "1",
        "accept-language": "es-ES,es;q=0.7",
        "origin": "http://localhost:4200",
        "sec-fetch-site": "same-site",
        "sec-fetch-mode": "cors",
        "sec-fetch-dest": "empty",
        "referer": "http://localhost:4200/",
        "accept-encoding": "gzip, deflate, br, zstd",
        "if-none-match": "W/\"7f-rXyv3U14d6FdQPwdKXuqr20l0vY\""
      },
      "remoteAddress": "::1",
      "remotePort": 49693
    }
    [35mcorrelationId[39m: "ui_gov_1774299024719"
    [35mcontext[39m: "LockdownService"
[13:50:25.561] [32mINFO[39m (11452): [36mrequest completed[39m
    [35mreq[39m: {
      "id": 7,
      "method": "GET",
      "url": "/api/governance/lockdown/status",
      "query": {},
      "params": {
        "path": [
          "governance",
          "lockdown",
          "status"
        ]
      },
      "headers": {
        "host": "localhost:3333",
        "connection": "keep-alive",
        "x-actor": "superadmin-fallback@quetzaltic.local",
        "sec-ch-ua-platform": "\"Windows\"",
        "authorization": "Bearer eyJhbGciOiJIUzI1NiIsInR5cCI6IkpXVCJ9.eyJzdWIiOiIwMDAwLTAwMDAtMDAwMCIsImVtYWlsIjoic3VwZXJhZG1pbi1mYWxsYmFja0BxdWV0emFsdGljLmxvY2FsIiwicm9sZSI6IkFETUlOIiwiZXhwIjoxNzc0MzcxODYwfQ.4R3n7nSywfFs_apkd-C8WOF1S-f_9w23vpYdhIqnLvU",
        "x-correlation-id": "ui_gov_1774299024719",
        "sec-ch-ua": "\"Chromium\";v=\"146\", \"Not-A.Brand\";v=\"24\", \"Brave\";v=\"146\"",
        "sec-ch-ua-mobile": "?0",
        "x-idempotency-key": "88bf3fb3-dbf5-4c1c-bd49-2311e06406ca",
        "user-agent": "Mozilla/5.0 (Windows NT 10.0; Win64; x64) AppleWebKit/537.36 (KHTML, like Gecko) Chrome/146.0.0.0 Safari/537.36",
        "accept": "application/json, text/plain, */*",
        "content-type": "application/json",
        "sec-gpc": "1",
        "accept-language": "es-ES,es;q=0.7",
        "origin": "http://localhost:4200",
        "sec-fetch-site": "same-site",
        "sec-fetch-mode": "cors",
        "sec-fetch-dest": "empty",
        "referer": "http://localhost:4200/",
        "accept-encoding": "gzip, deflate, br, zstd",
        "if-none-match": "W/\"7f-rXyv3U14d6FdQPwdKXuqr20l0vY\""
      },
      "remoteAddress": "::1",
      "remotePort": 49693
    }
    [35mcorrelationId[39m: "ui_gov_1774299024719"
    [35mres[39m: {
      "statusCode": 200,
      "headers": {
        "x-powered-by": "Express",
        "access-control-allow-origin": "*",
        "access-control-allow-credentials": "true",
        "x-correlation-id": "ui_gov_1774299024719",
        "content-type": "application/json; charset=utf-8",
        "content-length": "127",
        "etag": "W/\"7f-lYy8/q1HLRQYojq+jP5Jd0uN38I\""
      }
    }
    [35mresponseTime[39m: 777
[DEBUG] JWT Payload: {"sub":"0000-0000-0000","email":"superadmin-fallback@quetzaltic.local","role":"ADMIN","exp":1774371860}
[DEBUG] Authenticated Actor: superadmin-fallback@quetzaltic.local
[13:50:30.482] [33mWARN[39m (11452): [36mPrisma failure, falling back to Virtual Lockdown state[39m
    [35mreq[39m: {
      "id": 8,
      "method": "GET",
      "url": "/api/governance/lockdown/status",
      "query": {},
      "params": {
        "path": [
          "governance",
          "lockdown",
          "status"
        ]
      },
      "headers": {
        "host": "localhost:3333",
        "connection": "keep-alive",
        "x-actor": "superadmin-fallback@quetzaltic.local",
        "sec-ch-ua-platform": "\"Windows\"",
        "authorization": "Bearer eyJhbGciOiJIUzI1NiIsInR5cCI6IkpXVCJ9.eyJzdWIiOiIwMDAwLTAwMDAtMDAwMCIsImVtYWlsIjoic3VwZXJhZG1pbi1mYWxsYmFja0BxdWV0emFsdGljLmxvY2FsIiwicm9sZSI6IkFETUlOIiwiZXhwIjoxNzc0MzcxODYwfQ.4R3n7nSywfFs_apkd-C8WOF1S-f_9w23vpYdhIqnLvU",
        "x-correlation-id": "ui_gov_1774299029893",
        "sec-ch-ua": "\"Chromium\";v=\"146\", \"Not-A.Brand\";v=\"24\", \"Brave\";v=\"146\"",
        "sec-ch-ua-mobile": "?0",
        "x-idempotency-key": "8e0c6cab-d950-4c3e-b5c8-5344b35b4a48",
        "user-agent": "Mozilla/5.0 (Windows NT 10.0; Win64; x64) AppleWebKit/537.36 (KHTML, like Gecko) Chrome/146.0.0.0 Safari/537.36",
        "accept": "application/json, text/plain, */*",
        "content-type": "application/json",
        "sec-gpc": "1",
        "accept-language": "es-ES,es;q=0.7",
        "origin": "http://localhost:4200",
        "sec-fetch-site": "same-site",
        "sec-fetch-mode": "cors",
        "sec-fetch-dest": "empty",
        "referer": "http://localhost:4200/",
        "accept-encoding": "gzip, deflate, br, zstd",
        "if-none-match": "W/\"7f-lYy8/q1HLRQYojq+jP5Jd0uN38I\""
      },
      "remoteAddress": "::1",
      "remotePort": 49693
    }
    [35mcorrelationId[39m: "ui_gov_1774299029893"
    [35mcontext[39m: "LockdownService"
[13:50:30.484] [32mINFO[39m (11452): [36mrequest completed[39m
    [35mreq[39m: {
      "id": 8,
      "method": "GET",
      "url": "/api/governance/lockdown/status",
      "query": {},
      "params": {
        "path": [
          "governance",
          "lockdown",
          "status"
        ]
      },
      "headers": {
        "host": "localhost:3333",
        "connection": "keep-alive",
        "x-actor": "superadmin-fallback@quetzaltic.local",
        "sec-ch-ua-platform": "\"Windows\"",
        "authorization": "Bearer eyJhbGciOiJIUzI1NiIsInR5cCI6IkpXVCJ9.eyJzdWIiOiIwMDAwLTAwMDAtMDAwMCIsImVtYWlsIjoic3VwZXJhZG1pbi1mYWxsYmFja0BxdWV0emFsdGljLmxvY2FsIiwicm9sZSI6IkFETUlOIiwiZXhwIjoxNzc0MzcxODYwfQ.4R3n7nSywfFs_apkd-C8WOF1S-f_9w23vpYdhIqnLvU",
        "x-correlation-id": "ui_gov_1774299029893",
        "sec-ch-ua": "\"Chromium\";v=\"146\", \"Not-A.Brand\";v=\"24\", \"Brave\";v=\"146\"",
        "sec-ch-ua-mobile": "?0",
        "x-idempotency-key": "8e0c6cab-d950-4c3e-b5c8-5344b35b4a48",
        "user-agent": "Mozilla/5.0 (Windows NT 10.0; Win64; x64) AppleWebKit/537.36 (KHTML, like Gecko) Chrome/146.0.0.0 Safari/537.36",
        "accept": "application/json, text/plain, */*",
        "content-type": "application/json",
        "sec-gpc": "1",
        "accept-language": "es-ES,es;q=0.7",
        "origin": "http://localhost:4200",
        "sec-fetch-site": "same-site",
        "sec-fetch-mode": "cors",
        "sec-fetch-dest": "empty",
        "referer": "http://localhost:4200/",
        "accept-encoding": "gzip, deflate, br, zstd",
        "if-none-match": "W/\"7f-lYy8/q1HLRQYojq+jP5Jd0uN38I\""
      },
      "remoteAddress": "::1",
      "remotePort": 49693
    }
    [35mcorrelationId[39m: "ui_gov_1774299029893"
    [35mres[39m: {
      "statusCode": 200,
      "headers": {
        "x-powered-by": "Express",
        "access-control-allow-origin": "*",
        "access-control-allow-credentials": "true",
        "x-correlation-id": "ui_gov_1774299029893",
        "content-type": "application/json; charset=utf-8",
        "content-length": "127",
        "etag": "W/\"7f-piFBKEIa72zzdXwNjNcnJqgULmQ\""
      }
    }
    [35mresponseTime[39m: 514
[DEBUG] JWT Payload: {"sub":"0000-0000-0000","email":"superadmin-fallback@quetzaltic.local","role":"ADMIN","exp":1774371860}
[DEBUG] Authenticated Actor: superadmin-fallback@quetzaltic.local
[13:50:35.423] [33mWARN[39m (11452): [36mPrisma failure, falling back to Virtual Lockdown state[39m
    [35mreq[39m: {
      "id": 9,
      "method": "GET",
      "url": "/api/governance/lockdown/status",
      "query": {},
      "params": {
        "path": [
          "governance",
          "lockdown",
          "status"
        ]
      },
      "headers": {
        "host": "localhost:3333",
        "connection": "keep-alive",
        "x-actor": "superadmin-fallback@quetzaltic.local",
        "sec-ch-ua-platform": "\"Windows\"",
        "authorization": "Bearer eyJhbGciOiJIUzI1NiIsInR5cCI6IkpXVCJ9.eyJzdWIiOiIwMDAwLTAwMDAtMDAwMCIsImVtYWlsIjoic3VwZXJhZG1pbi1mYWxsYmFja0BxdWV0emFsdGljLmxvY2FsIiwicm9sZSI6IkFETUlOIiwiZXhwIjoxNzc0MzcxODYwfQ.4R3n7nSywfFs_apkd-C8WOF1S-f_9w23vpYdhIqnLvU",
        "x-correlation-id": "ui_gov_1774299034716",
        "sec-ch-ua": "\"Chromium\";v=\"146\", \"Not-A.Brand\";v=\"24\", \"Brave\";v=\"146\"",
        "sec-ch-ua-mobile": "?0",
        "x-idempotency-key": "a4f01cef-6bc1-4d32-975d-2449487aa14f",
        "user-agent": "Mozilla/5.0 (Windows NT 10.0; Win64; x64) AppleWebKit/537.36 (KHTML, like Gecko) Chrome/146.0.0.0 Safari/537.36",
        "accept": "application/json, text/plain, */*",
        "content-type": "application/json",
        "sec-gpc": "1",
        "accept-language": "es-ES,es;q=0.7",
        "origin": "http://localhost:4200",
        "sec-fetch-site": "same-site",
        "sec-fetch-mode": "cors",
        "sec-fetch-dest": "empty",
        "referer": "http://localhost:4200/",
        "accept-encoding": "gzip, deflate, br, zstd",
        "if-none-match": "W/\"7f-piFBKEIa72zzdXwNjNcnJqgULmQ\""
      },
      "remoteAddress": "::1",
      "remotePort": 49693
    }
    [35mcorrelationId[39m: "ui_gov_1774299034716"
    [35mcontext[39m: "LockdownService"
[13:50:35.592] [32mINFO[39m (11452): [36mrequest completed[39m
    [35mreq[39m: {
      "id": 9,
      "method": "GET",
      "url": "/api/governance/lockdown/status",
      "query": {},
      "params": {
        "path": [
          "governance",
          "lockdown",
          "status"
        ]
      },
      "headers": {
        "host": "localhost:3333",
        "connection": "keep-alive",
        "x-actor": "superadmin-fallback@quetzaltic.local",
        "sec-ch-ua-platform": "\"Windows\"",
        "authorization": "Bearer eyJhbGciOiJIUzI1NiIsInR5cCI6IkpXVCJ9.eyJzdWIiOiIwMDAwLTAwMDAtMDAwMCIsImVtYWlsIjoic3VwZXJhZG1pbi1mYWxsYmFja0BxdWV0emFsdGljLmxvY2FsIiwicm9sZSI6IkFETUlOIiwiZXhwIjoxNzc0MzcxODYwfQ.4R3n7nSywfFs_apkd-C8WOF1S-f_9w23vpYdhIqnLvU",
        "x-correlation-id": "ui_gov_1774299034716",
        "sec-ch-ua": "\"Chromium\";v=\"146\", \"Not-A.Brand\";v=\"24\", \"Brave\";v=\"146\"",
        "sec-ch-ua-mobile": "?0",
        "x-idempotency-key": "a4f01cef-6bc1-4d32-975d-2449487aa14f",
        "user-agent": "Mozilla/5.0 (Windows NT 10.0; Win64; x64) AppleWebKit/537.36 (KHTML, like Gecko) Chrome/146.0.0.0 Safari/537.36",
        "accept": "application/json, text/plain, */*",
        "content-type": "application/json",
        "sec-gpc": "1",
        "accept-language": "es-ES,es;q=0.7",
        "origin": "http://localhost:4200",
        "sec-fetch-site": "same-site",
        "sec-fetch-mode": "cors",
        "sec-fetch-dest": "empty",
        "referer": "http://localhost:4200/",
        "accept-encoding": "gzip, deflate, br, zstd",
        "if-none-match": "W/\"7f-piFBKEIa72zzdXwNjNcnJqgULmQ\""
      },
      "remoteAddress": "::1",
      "remotePort": 49693
    }
    [35mcorrelationId[39m: "ui_gov_1774299034716"
    [35mres[39m: {
      "statusCode": 200,
      "headers": {
        "x-powered-by": "Express",
        "access-control-allow-origin": "*",
        "access-control-allow-credentials": "true",
        "x-correlation-id": "ui_gov_1774299034716",
        "content-type": "application/json; charset=utf-8",
        "content-length": "127",
        "etag": "W/\"7f-W8/7EGCJwCHpLTJIqk6YHCMIV38\""
      }
    }
    [35mresponseTime[39m: 720
[DEBUG] JWT Payload: {"sub":"0000-0000-0000","email":"superadmin-fallback@quetzaltic.local","role":"ADMIN","exp":1774371860}
[DEBUG] Authenticated Actor: superadmin-fallback@quetzaltic.local
[13:50:40.050] [33mWARN[39m (11452): [36mPrisma failure, falling back to Virtual Lockdown state[39m
    [35mreq[39m: {
      "id": 10,
      "method": "GET",
      "url": "/api/governance/lockdown/status",
      "query": {},
      "params": {
        "path": [
          "governance",
          "lockdown",
          "status"
        ]
      },
      "headers": {
        "host": "localhost:3333",
        "connection": "keep-alive",
        "x-actor": "superadmin-fallback@quetzaltic.local",
        "sec-ch-ua-platform": "\"Windows\"",
        "authorization": "Bearer eyJhbGciOiJIUzI1NiIsInR5cCI6IkpXVCJ9.eyJzdWIiOiIwMDAwLTAwMDAtMDAwMCIsImVtYWlsIjoic3VwZXJhZG1pbi1mYWxsYmFja0BxdWV0emFsdGljLmxvY2FsIiwicm9sZSI6IkFETUlOIiwiZXhwIjoxNzc0MzcxODYwfQ.4R3n7nSywfFs_apkd-C8WOF1S-f_9w23vpYdhIqnLvU",
        "x-correlation-id": "ui_gov_1774299039717",
        "sec-ch-ua": "\"Chromium\";v=\"146\", \"Not-A.Brand\";v=\"24\", \"Brave\";v=\"146\"",
        "sec-ch-ua-mobile": "?0",
        "x-idempotency-key": "dfedbcf8-c256-4634-ae96-c55a5180e003",
        "user-agent": "Mozilla/5.0 (Windows NT 10.0; Win64; x64) AppleWebKit/537.36 (KHTML, like Gecko) Chrome/146.0.0.0 Safari/537.36",
        "accept": "application/json, text/plain, */*",
        "content-type": "application/json",
        "sec-gpc": "1",
        "accept-language": "es-ES,es;q=0.7",
        "origin": "http://localhost:4200",
        "sec-fetch-site": "same-site",
        "sec-fetch-mode": "cors",
        "sec-fetch-dest": "empty",
        "referer": "http://localhost:4200/",
        "accept-encoding": "gzip, deflate, br, zstd",
        "if-none-match": "W/\"7f-W8/7EGCJwCHpLTJIqk6YHCMIV38\""
      },
      "remoteAddress": "::1",
      "remotePort": 49693
    }
    [35mcorrelationId[39m: "ui_gov_1774299039717"
    [35mcontext[39m: "LockdownService"
[13:50:40.054] [32mINFO[39m (11452): [36mrequest completed[39m
    [35mreq[39m: {
      "id": 10,
      "method": "GET",
      "url": "/api/governance/lockdown/status",
      "query": {},
      "params": {
        "path": [
          "governance",
          "lockdown",
          "status"
        ]
      },
      "headers": {
        "host": "localhost:3333",
        "connection": "keep-alive",
        "x-actor": "superadmin-fallback@quetzaltic.local",
        "sec-ch-ua-platform": "\"Windows\"",
        "authorization": "Bearer eyJhbGciOiJIUzI1NiIsInR5cCI6IkpXVCJ9.eyJzdWIiOiIwMDAwLTAwMDAtMDAwMCIsImVtYWlsIjoic3VwZXJhZG1pbi1mYWxsYmFja0BxdWV0emFsdGljLmxvY2FsIiwicm9sZSI6IkFETUlOIiwiZXhwIjoxNzc0MzcxODYwfQ.4R3n7nSywfFs_apkd-C8WOF1S-f_9w23vpYdhIqnLvU",
        "x-correlation-id": "ui_gov_1774299039717",
        "sec-ch-ua": "\"Chromium\";v=\"146\", \"Not-A.Brand\";v=\"24\", \"Brave\";v=\"146\"",
        "sec-ch-ua-mobile": "?0",
        "x-idempotency-key": "dfedbcf8-c256-4634-ae96-c55a5180e003",
        "user-agent": "Mozilla/5.0 (Windows NT 10.0; Win64; x64) AppleWebKit/537.36 (KHTML, like Gecko) Chrome/146.0.0.0 Safari/537.36",
        "accept": "application/json, text/plain, */*",
        "content-type": "application/json",
        "sec-gpc": "1",
        "accept-language": "es-ES,es;q=0.7",
        "origin": "http://localhost:4200",
        "sec-fetch-site": "same-site",
        "sec-fetch-mode": "cors",
        "sec-fetch-dest": "empty",
        "referer": "http://localhost:4200/",
        "accept-encoding": "gzip, deflate, br, zstd",
        "if-none-match": "W/\"7f-W8/7EGCJwCHpLTJIqk6YHCMIV38\""
      },
      "remoteAddress": "::1",
      "remotePort": 49693
    }
    [35mcorrelationId[39m: "ui_gov_1774299039717"
    [35mres[39m: {
      "statusCode": 200,
      "headers": {
        "x-powered-by": "Express",
        "access-control-allow-origin": "*",
        "access-control-allow-credentials": "true",
        "x-correlation-id": "ui_gov_1774299039717",
        "content-type": "application/json; charset=utf-8",
        "content-length": "127",
        "etag": "W/\"7f-QGqNKrmdOxxZwvgW9gUBzv/O0+M\""
      }
    }
    [35mresponseTime[39m: 325
[DEBUG] JWT Payload: {"sub":"0000-0000-0000","email":"superadmin-fallback@quetzaltic.local","role":"ADMIN","exp":1774371860}
[DEBUG] Authenticated Actor: superadmin-fallback@quetzaltic.local
[13:50:45.092] [33mWARN[39m (11452): [36mPrisma failure, falling back to Virtual Lockdown state[39m
    [35mreq[39m: {
      "id": 11,
      "method": "GET",
      "url": "/api/governance/lockdown/status",
      "query": {},
      "params": {
        "path": [
          "governance",
          "lockdown",
          "status"
        ]
      },
      "headers": {
        "host": "localhost:3333",
        "connection": "keep-alive",
        "x-actor": "superadmin-fallback@quetzaltic.local",
        "sec-ch-ua-platform": "\"Windows\"",
        "authorization": "Bearer eyJhbGciOiJIUzI1NiIsInR5cCI6IkpXVCJ9.eyJzdWIiOiIwMDAwLTAwMDAtMDAwMCIsImVtYWlsIjoic3VwZXJhZG1pbi1mYWxsYmFja0BxdWV0emFsdGljLmxvY2FsIiwicm9sZSI6IkFETUlOIiwiZXhwIjoxNzc0MzcxODYwfQ.4R3n7nSywfFs_apkd-C8WOF1S-f_9w23vpYdhIqnLvU",
        "x-correlation-id": "ui_gov_1774299044720",
        "sec-ch-ua": "\"Chromium\";v=\"146\", \"Not-A.Brand\";v=\"24\", \"Brave\";v=\"146\"",
        "sec-ch-ua-mobile": "?0",
        "x-idempotency-key": "47329daf-f742-4361-9740-40a0f5ea4bdb",
        "user-agent": "Mozilla/5.0 (Windows NT 10.0; Win64; x64) AppleWebKit/537.36 (KHTML, like Gecko) Chrome/146.0.0.0 Safari/537.36",
        "accept": "application/json, text/plain, */*",
        "content-type": "application/json",
        "sec-gpc": "1",
        "accept-language": "es-ES,es;q=0.7",
        "origin": "http://localhost:4200",
        "sec-fetch-site": "same-site",
        "sec-fetch-mode": "cors",
        "sec-fetch-dest": "empty",
        "referer": "http://localhost:4200/",
        "accept-encoding": "gzip, deflate, br, zstd",
        "if-none-match": "W/\"7f-QGqNKrmdOxxZwvgW9gUBzv/O0+M\""
      },
      "remoteAddress": "::1",
      "remotePort": 49693
    }
    [35mcorrelationId[39m: "ui_gov_1774299044720"
    [35mcontext[39m: "LockdownService"
[13:50:45.093] [32mINFO[39m (11452): [36mrequest completed[39m
    [35mreq[39m: {
      "id": 11,
      "method": "GET",
      "url": "/api/governance/lockdown/status",
      "query": {},
      "params": {
        "path": [
          "governance",
          "lockdown",
          "status"
        ]
      },
      "headers": {
        "host": "localhost:3333",
        "connection": "keep-alive",
        "x-actor": "superadmin-fallback@quetzaltic.local",
        "sec-ch-ua-platform": "\"Windows\"",
        "authorization": "Bearer eyJhbGciOiJIUzI1NiIsInR5cCI6IkpXVCJ9.eyJzdWIiOiIwMDAwLTAwMDAtMDAwMCIsImVtYWlsIjoic3VwZXJhZG1pbi1mYWxsYmFja0BxdWV0emFsdGljLmxvY2FsIiwicm9sZSI6IkFETUlOIiwiZXhwIjoxNzc0MzcxODYwfQ.4R3n7nSywfFs_apkd-C8WOF1S-f_9w23vpYdhIqnLvU",
        "x-correlation-id": "ui_gov_1774299044720",
        "sec-ch-ua": "\"Chromium\";v=\"146\", \"Not-A.Brand\";v=\"24\", \"Brave\";v=\"146\"",
        "sec-ch-ua-mobile": "?0",
        "x-idempotency-key": "47329daf-f742-4361-9740-40a0f5ea4bdb",
        "user-agent": "Mozilla/5.0 (Windows NT 10.0; Win64; x64) AppleWebKit/537.36 (KHTML, like Gecko) Chrome/146.0.0.0 Safari/537.36",
        "accept": "application/json, text/plain, */*",
        "content-type": "application/json",
        "sec-gpc": "1",
        "accept-language": "es-ES,es;q=0.7",
        "origin": "http://localhost:4200",
        "sec-fetch-site": "same-site",
        "sec-fetch-mode": "cors",
        "sec-fetch-dest": "empty",
        "referer": "http://localhost:4200/",
        "accept-encoding": "gzip, deflate, br, zstd",
        "if-none-match": "W/\"7f-QGqNKrmdOxxZwvgW9gUBzv/O0+M\""
      },
      "remoteAddress": "::1",
      "remotePort": 49693
    }
    [35mcorrelationId[39m: "ui_gov_1774299044720"
    [35mres[39m: {
      "statusCode": 200,
      "headers": {
        "x-powered-by": "Express",
        "access-control-allow-origin": "*",
        "access-control-allow-credentials": "true",
        "x-correlation-id": "ui_gov_1774299044720",
        "content-type": "application/json; charset=utf-8",
        "content-length": "127",
        "etag": "W/\"7f-rGhWC9pHMehD1iQqhmHSRj49Wv4\""
      }
    }
    [35mresponseTime[39m: 369
[DEBUG] JWT Payload: {"sub":"0000-0000-0000","email":"superadmin-fallback@quetzaltic.local","role":"ADMIN","exp":1774371860}
[DEBUG] Authenticated Actor: superadmin-fallback@quetzaltic.local
[13:50:50.117] [33mWARN[39m (11452): [36mPrisma failure, falling back to Virtual Lockdown state[39m
    [35mreq[39m: {
      "id": 12,
      "method": "GET",
      "url": "/api/governance/lockdown/status",
      "query": {},
      "params": {
        "path": [
          "governance",
          "lockdown",
          "status"
        ]
      },
      "headers": {
        "host": "localhost:3333",
        "connection": "keep-alive",
        "x-actor": "superadmin-fallback@quetzaltic.local",
        "sec-ch-ua-platform": "\"Windows\"",
        "authorization": "Bearer eyJhbGciOiJIUzI1NiIsInR5cCI6IkpXVCJ9.eyJzdWIiOiIwMDAwLTAwMDAtMDAwMCIsImVtYWlsIjoic3VwZXJhZG1pbi1mYWxsYmFja0BxdWV0emFsdGljLmxvY2FsIiwicm9sZSI6IkFETUlOIiwiZXhwIjoxNzc0MzcxODYwfQ.4R3n7nSywfFs_apkd-C8WOF1S-f_9w23vpYdhIqnLvU",
        "x-correlation-id": "ui_gov_1774299049722",
        "sec-ch-ua": "\"Chromium\";v=\"146\", \"Not-A.Brand\";v=\"24\", \"Brave\";v=\"146\"",
        "sec-ch-ua-mobile": "?0",
        "x-idempotency-key": "4f2909c5-d6a0-4ea1-9cd9-900af3d8cc6c",
        "user-agent": "Mozilla/5.0 (Windows NT 10.0; Win64; x64) AppleWebKit/537.36 (KHTML, like Gecko) Chrome/146.0.0.0 Safari/537.36",
        "accept": "application/json, text/plain, */*",
        "content-type": "application/json",
        "sec-gpc": "1",
        "accept-language": "es-ES,es;q=0.7",
        "origin": "http://localhost:4200",
        "sec-fetch-site": "same-site",
        "sec-fetch-mode": "cors",
        "sec-fetch-dest": "empty",
        "referer": "http://localhost:4200/",
        "accept-encoding": "gzip, deflate, br, zstd",
        "if-none-match": "W/\"7f-rGhWC9pHMehD1iQqhmHSRj49Wv4\""
      },
      "remoteAddress": "::1",
      "remotePort": 49693
    }
    [35mcorrelationId[39m: "ui_gov_1774299049722"
    [35mcontext[39m: "LockdownService"
[13:50:50.118] [32mINFO[39m (11452): [36mrequest completed[39m
    [35mreq[39m: {
      "id": 12,
      "method": "GET",
      "url": "/api/governance/lockdown/status",
      "query": {},
      "params": {
        "path": [
          "governance",
          "lockdown",
          "status"
        ]
      },
      "headers": {
        "host": "localhost:3333",
        "connection": "keep-alive",
        "x-actor": "superadmin-fallback@quetzaltic.local",
        "sec-ch-ua-platform": "\"Windows\"",
        "authorization": "Bearer eyJhbGciOiJIUzI1NiIsInR5cCI6IkpXVCJ9.eyJzdWIiOiIwMDAwLTAwMDAtMDAwMCIsImVtYWlsIjoic3VwZXJhZG1pbi1mYWxsYmFja0BxdWV0emFsdGljLmxvY2FsIiwicm9sZSI6IkFETUlOIiwiZXhwIjoxNzc0MzcxODYwfQ.4R3n7nSywfFs_apkd-C8WOF1S-f_9w23vpYdhIqnLvU",
        "x-correlation-id": "ui_gov_1774299049722",
        "sec-ch-ua": "\"Chromium\";v=\"146\", \"Not-A.Brand\";v=\"24\", \"Brave\";v=\"146\"",
        "sec-ch-ua-mobile": "?0",
        "x-idempotency-key": "4f2909c5-d6a0-4ea1-9cd9-900af3d8cc6c",
        "user-agent": "Mozilla/5.0 (Windows NT 10.0; Win64; x64) AppleWebKit/537.36 (KHTML, like Gecko) Chrome/146.0.0.0 Safari/537.36",
        "accept": "application/json, text/plain, */*",
        "content-type": "application/json",
        "sec-gpc": "1",
        "accept-language": "es-ES,es;q=0.7",
        "origin": "http://localhost:4200",
        "sec-fetch-site": "same-site",
        "sec-fetch-mode": "cors",
        "sec-fetch-dest": "empty",
        "referer": "http://localhost:4200/",
        "accept-encoding": "gzip, deflate, br, zstd",
        "if-none-match": "W/\"7f-rGhWC9pHMehD1iQqhmHSRj49Wv4\""
      },
      "remoteAddress": "::1",
      "remotePort": 49693
    }
    [35mcorrelationId[39m: "ui_gov_1774299049722"
    [35mres[39m: {
      "statusCode": 200,
      "headers": {
        "x-powered-by": "Express",
        "access-control-allow-origin": "*",
        "access-control-allow-credentials": "true",
        "x-correlation-id": "ui_gov_1774299049722",
        "content-type": "application/json; charset=utf-8",
        "content-length": "127",
        "etag": "W/\"7f-YUhXPSHFenAwTx04DxDDTQuPGZ0\""
      }
    }
    [35mresponseTime[39m: 370
[DEBUG] JWT Payload: {"sub":"0000-0000-0000","email":"superadmin-fallback@quetzaltic.local","role":"ADMIN","exp":1774371860}
[DEBUG] Authenticated Actor: superadmin-fallback@quetzaltic.local
[13:50:55.019] [33mWARN[39m (11452): [36mPrisma failure, falling back to Virtual Lockdown state[39m
    [35mreq[39m: {
      "id": 13,
      "method": "GET",
      "url": "/api/governance/lockdown/status",
      "query": {},
      "params": {
        "path": [
          "governance",
          "lockdown",
          "status"
        ]
      },
      "headers": {
        "host": "localhost:3333",
        "connection": "keep-alive",
        "x-actor": "superadmin-fallback@quetzaltic.local",
        "sec-ch-ua-platform": "\"Windows\"",
        "authorization": "Bearer eyJhbGciOiJIUzI1NiIsInR5cCI6IkpXVCJ9.eyJzdWIiOiIwMDAwLTAwMDAtMDAwMCIsImVtYWlsIjoic3VwZXJhZG1pbi1mYWxsYmFja0BxdWV0emFsdGljLmxvY2FsIiwicm9sZSI6IkFETUlOIiwiZXhwIjoxNzc0MzcxODYwfQ.4R3n7nSywfFs_apkd-C8WOF1S-f_9w23vpYdhIqnLvU",
        "x-correlation-id": "ui_gov_1774299054610",
        "sec-ch-ua": "\"Chromium\";v=\"146\", \"Not-A.Brand\";v=\"24\", \"Brave\";v=\"146\"",
        "sec-ch-ua-mobile": "?0",
        "x-idempotency-key": "24625656-c965-4c55-81b7-2196d6271639",
        "user-agent": "Mozilla/5.0 (Windows NT 10.0; Win64; x64) AppleWebKit/537.36 (KHTML, like Gecko) Chrome/146.0.0.0 Safari/537.36",
        "accept": "application/json, text/plain, */*",
        "content-type": "application/json",
        "sec-gpc": "1",
        "accept-language": "es-ES,es;q=0.7",
        "origin": "http://localhost:4200",
        "sec-fetch-site": "same-site",
        "sec-fetch-mode": "cors",
        "sec-fetch-dest": "empty",
        "referer": "http://localhost:4200/",
        "accept-encoding": "gzip, deflate, br, zstd",
        "if-none-match": "W/\"7f-YUhXPSHFenAwTx04DxDDTQuPGZ0\""
      },
      "remoteAddress": "::1",
      "remotePort": 49693
    }
    [35mcorrelationId[39m: "ui_gov_1774299054610"
    [35mcontext[39m: "LockdownService"
[13:50:55.021] [32mINFO[39m (11452): [36mrequest completed[39m
    [35mreq[39m: {
      "id": 13,
      "method": "GET",
      "url": "/api/governance/lockdown/status",
      "query": {},
      "params": {
        "path": [
          "governance",
          "lockdown",
          "status"
        ]
      },
      "headers": {
        "host": "localhost:3333",
        "connection": "keep-alive",
        "x-actor": "superadmin-fallback@quetzaltic.local",
        "sec-ch-ua-platform": "\"Windows\"",
        "authorization": "Bearer eyJhbGciOiJIUzI1NiIsInR5cCI6IkpXVCJ9.eyJzdWIiOiIwMDAwLTAwMDAtMDAwMCIsImVtYWlsIjoic3VwZXJhZG1pbi1mYWxsYmFja0BxdWV0emFsdGljLmxvY2FsIiwicm9sZSI6IkFETUlOIiwiZXhwIjoxNzc0MzcxODYwfQ.4R3n7nSywfFs_apkd-C8WOF1S-f_9w23vpYdhIqnLvU",
        "x-correlation-id": "ui_gov_1774299054610",
        "sec-ch-ua": "\"Chromium\";v=\"146\", \"Not-A.Brand\";v=\"24\", \"Brave\";v=\"146\"",
        "sec-ch-ua-mobile": "?0",
        "x-idempotency-key": "24625656-c965-4c55-81b7-2196d6271639",
        "user-agent": "Mozilla/5.0 (Windows NT 10.0; Win64; x64) AppleWebKit/537.36 (KHTML, like Gecko) Chrome/146.0.0.0 Safari/537.36",
        "accept": "application/json, text/plain, */*",
        "content-type": "application/json",
        "sec-gpc": "1",
        "accept-language": "es-ES,es;q=0.7",
        "origin": "http://localhost:4200",
        "sec-fetch-site": "same-site",
        "sec-fetch-mode": "cors",
        "sec-fetch-dest": "empty",
        "referer": "http://localhost:4200/",
        "accept-encoding": "gzip, deflate, br, zstd",
        "if-none-match": "W/\"7f-YUhXPSHFenAwTx04DxDDTQuPGZ0\""
      },
      "remoteAddress": "::1",
      "remotePort": 49693
    }
    [35mcorrelationId[39m: "ui_gov_1774299054610"
    [35mres[39m: {
      "statusCode": 200,
      "headers": {
        "x-powered-by": "Express",
        "access-control-allow-origin": "*",
        "access-control-allow-credentials": "true",
        "x-correlation-id": "ui_gov_1774299054610",
        "content-type": "application/json; charset=utf-8",
        "content-length": "127",
        "etag": "W/\"7f-mca3COx36e0L+ItG9HKN9+478nw\""
      }
    }
    [35mresponseTime[39m: 315
[DEBUG] JWT Payload: {"sub":"0000-0000-0000","email":"superadmin-fallback@quetzaltic.local","role":"ADMIN","exp":1774371860}
[DEBUG] Authenticated Actor: superadmin-fallback@quetzaltic.local
[13:50:59.152] [33mWARN[39m (11452): [36mPrisma failure, falling back to Virtual Lockdown state[39m
    [35mreq[39m: {
      "id": 14,
      "method": "GET",
      "url": "/api/governance/lockdown/status",
      "query": {},
      "params": {
        "path": [
          "governance",
          "lockdown",
          "status"
        ]
      },
      "headers": {
        "host": "localhost:3333",
        "connection": "keep-alive",
        "x-actor": "superadmin-fallback@quetzaltic.local",
        "sec-ch-ua-platform": "\"Windows\"",
        "authorization": "Bearer eyJhbGciOiJIUzI1NiIsInR5cCI6IkpXVCJ9.eyJzdWIiOiIwMDAwLTAwMDAtMDAwMCIsImVtYWlsIjoic3VwZXJhZG1pbi1mYWxsYmFja0BxdWV0emFsdGljLmxvY2FsIiwicm9sZSI6IkFETUlOIiwiZXhwIjoxNzc0MzcxODYwfQ.4R3n7nSywfFs_apkd-C8WOF1S-f_9w23vpYdhIqnLvU",
        "x-correlation-id": "ui_gov_1774299058830",
        "sec-ch-ua": "\"Chromium\";v=\"146\", \"Not-A.Brand\";v=\"24\", \"Brave\";v=\"146\"",
        "sec-ch-ua-mobile": "?0",
        "x-idempotency-key": "1b7ca0c0-5be3-4219-a24c-036f0b718323",
        "user-agent": "Mozilla/5.0 (Windows NT 10.0; Win64; x64) AppleWebKit/537.36 (KHTML, like Gecko) Chrome/146.0.0.0 Safari/537.36",
        "accept": "application/json, text/plain, */*",
        "content-type": "application/json",
        "sec-gpc": "1",
        "accept-language": "es-ES,es;q=0.7",
        "origin": "http://localhost:4200",
        "sec-fetch-site": "same-site",
        "sec-fetch-mode": "cors",
        "sec-fetch-dest": "empty",
        "referer": "http://localhost:4200/",
        "accept-encoding": "gzip, deflate, br, zstd",
        "if-none-match": "W/\"7f-mca3COx36e0L+ItG9HKN9+478nw\""
      },
      "remoteAddress": "::1",
      "remotePort": 49693
    }
    [35mcorrelationId[39m: "ui_gov_1774299058830"
    [35mcontext[39m: "LockdownService"
[13:50:59.153] [32mINFO[39m (11452): [36mrequest completed[39m
    [35mreq[39m: {
      "id": 14,
      "method": "GET",
      "url": "/api/governance/lockdown/status",
      "query": {},
      "params": {
        "path": [
          "governance",
          "lockdown",
          "status"
        ]
      },
      "headers": {
        "host": "localhost:3333",
        "connection": "keep-alive",
        "x-actor": "superadmin-fallback@quetzaltic.local",
        "sec-ch-ua-platform": "\"Windows\"",
        "authorization": "Bearer eyJhbGciOiJIUzI1NiIsInR5cCI6IkpXVCJ9.eyJzdWIiOiIwMDAwLTAwMDAtMDAwMCIsImVtYWlsIjoic3VwZXJhZG1pbi1mYWxsYmFja0BxdWV0emFsdGljLmxvY2FsIiwicm9sZSI6IkFETUlOIiwiZXhwIjoxNzc0MzcxODYwfQ.4R3n7nSywfFs_apkd-C8WOF1S-f_9w23vpYdhIqnLvU",
        "x-correlation-id": "ui_gov_1774299058830",
        "sec-ch-ua": "\"Chromium\";v=\"146\", \"Not-A.Brand\";v=\"24\", \"Brave\";v=\"146\"",
        "sec-ch-ua-mobile": "?0",
        "x-idempotency-key": "1b7ca0c0-5be3-4219-a24c-036f0b718323",
        "user-agent": "Mozilla/5.0 (Windows NT 10.0; Win64; x64) AppleWebKit/537.36 (KHTML, like Gecko) Chrome/146.0.0.0 Safari/537.36",
        "accept": "application/json, text/plain, */*",
        "content-type": "application/json",
        "sec-gpc": "1",
        "accept-language": "es-ES,es;q=0.7",
        "origin": "http://localhost:4200",
        "sec-fetch-site": "same-site",
        "sec-fetch-mode": "cors",
        "sec-fetch-dest": "empty",
        "referer": "http://localhost:4200/",
        "accept-encoding": "gzip, deflate, br, zstd",
        "if-none-match": "W/\"7f-mca3COx36e0L+ItG9HKN9+478nw\""
      },
      "remoteAddress": "::1",
      "remotePort": 49693
    }
    [35mcorrelationId[39m: "ui_gov_1774299058830"
    [35mres[39m: {
      "statusCode": 200,
      "headers": {
        "x-powered-by": "Express",
        "access-control-allow-origin": "*",
        "access-control-allow-credentials": "true",
        "x-correlation-id": "ui_gov_1774299058830",
        "content-type": "application/json; charset=utf-8",
        "content-length": "127",
        "etag": "W/\"7f-mS2Vn1wust5XhjZw4vGGcOlirMo\""
      }
    }
    [35mresponseTime[39m: 315
[DEBUG] JWT Payload: {"sub":"0000-0000-0000","email":"superadmin-fallback@quetzaltic.local","role":"ADMIN","exp":1774371860}
[DEBUG] Authenticated Actor: superadmin-fallback@quetzaltic.local
[13:51:04.178] [33mWARN[39m (11452): [36mPrisma failure, falling back to Virtual Lockdown state[39m
    [35mreq[39m: {
      "id": 15,
      "method": "GET",
      "url": "/api/governance/lockdown/status",
      "query": {},
      "params": {
        "path": [
          "governance",
          "lockdown",
          "status"
        ]
      },
      "headers": {
        "host": "localhost:3333",
        "connection": "keep-alive",
        "x-actor": "superadmin-fallback@quetzaltic.local",
        "sec-ch-ua-platform": "\"Windows\"",
        "authorization": "Bearer eyJhbGciOiJIUzI1NiIsInR5cCI6IkpXVCJ9.eyJzdWIiOiIwMDAwLTAwMDAtMDAwMCIsImVtYWlsIjoic3VwZXJhZG1pbi1mYWxsYmFja0BxdWV0emFsdGljLmxvY2FsIiwicm9sZSI6IkFETUlOIiwiZXhwIjoxNzc0MzcxODYwfQ.4R3n7nSywfFs_apkd-C8WOF1S-f_9w23vpYdhIqnLvU",
        "x-correlation-id": "ui_gov_1774299063840",
        "sec-ch-ua": "\"Chromium\";v=\"146\", \"Not-A.Brand\";v=\"24\", \"Brave\";v=\"146\"",
        "sec-ch-ua-mobile": "?0",
        "x-idempotency-key": "16cd21cb-b9a6-48e0-b7eb-e3ac6a3a5196",
        "user-agent": "Mozilla/5.0 (Windows NT 10.0; Win64; x64) AppleWebKit/537.36 (KHTML, like Gecko) Chrome/146.0.0.0 Safari/537.36",
        "accept": "application/json, text/plain, */*",
        "content-type": "application/json",
        "sec-gpc": "1",
        "accept-language": "es-ES,es;q=0.7",
        "origin": "http://localhost:4200",
        "sec-fetch-site": "same-site",
        "sec-fetch-mode": "cors",
        "sec-fetch-dest": "empty",
        "referer": "http://localhost:4200/",
        "accept-encoding": "gzip, deflate, br, zstd",
        "if-none-match": "W/\"7f-mS2Vn1wust5XhjZw4vGGcOlirMo\""
      },
      "remoteAddress": "::1",
      "remotePort": 49693
    }
    [35mcorrelationId[39m: "ui_gov_1774299063840"
    [35mcontext[39m: "LockdownService"
[13:51:04.179] [32mINFO[39m (11452): [36mrequest completed[39m
    [35mreq[39m: {
      "id": 15,
      "method": "GET",
      "url": "/api/governance/lockdown/status",
      "query": {},
      "params": {
        "path": [
          "governance",
          "lockdown",
          "status"
        ]
      },
      "headers": {
        "host": "localhost:3333",
        "connection": "keep-alive",
        "x-actor": "superadmin-fallback@quetzaltic.local",
        "sec-ch-ua-platform": "\"Windows\"",
        "authorization": "Bearer eyJhbGciOiJIUzI1NiIsInR5cCI6IkpXVCJ9.eyJzdWIiOiIwMDAwLTAwMDAtMDAwMCIsImVtYWlsIjoic3VwZXJhZG1pbi1mYWxsYmFja0BxdWV0emFsdGljLmxvY2FsIiwicm9sZSI6IkFETUlOIiwiZXhwIjoxNzc0MzcxODYwfQ.4R3n7nSywfFs_apkd-C8WOF1S-f_9w23vpYdhIqnLvU",
        "x-correlation-id": "ui_gov_1774299063840",
        "sec-ch-ua": "\"Chromium\";v=\"146\", \"Not-A.Brand\";v=\"24\", \"Brave\";v=\"146\"",
        "sec-ch-ua-mobile": "?0",
        "x-idempotency-key": "16cd21cb-b9a6-48e0-b7eb-e3ac6a3a5196",
        "user-agent": "Mozilla/5.0 (Windows NT 10.0; Win64; x64) AppleWebKit/537.36 (KHTML, like Gecko) Chrome/146.0.0.0 Safari/537.36",
        "accept": "application/json, text/plain, */*",
        "content-type": "application/json",
        "sec-gpc": "1",
        "accept-language": "es-ES,es;q=0.7",
        "origin": "http://localhost:4200",
        "sec-fetch-site": "same-site",
        "sec-fetch-mode": "cors",
        "sec-fetch-dest": "empty",
        "referer": "http://localhost:4200/",
        "accept-encoding": "gzip, deflate, br, zstd",
        "if-none-match": "W/\"7f-mS2Vn1wust5XhjZw4vGGcOlirMo\""
      },
      "remoteAddress": "::1",
      "remotePort": 49693
    }
    [35mcorrelationId[39m: "ui_gov_1774299063840"
    [35mres[39m: {
      "statusCode": 200,
      "headers": {
        "x-powered-by": "Express",
        "access-control-allow-origin": "*",
        "access-control-allow-credentials": "true",
        "x-correlation-id": "ui_gov_1774299063840",
        "content-type": "application/json; charset=utf-8",
        "content-length": "127",
        "etag": "W/\"7f-YUjKmxTv6VD5K0W+mZyL6cyU+2s\""
      }
    }
    [35mresponseTime[39m: 331
[DEBUG] JWT Payload: {"sub":"0000-0000-0000","email":"superadmin-fallback@quetzaltic.local","role":"ADMIN","exp":1774371860}
[DEBUG] Authenticated Actor: superadmin-fallback@quetzaltic.local
[13:51:05.728] [31mERROR[39m (11452): [36m[ui_exec_1774299065178] POST /api/operations/preview - Status: 503 - Error: {"message":"Operational Hardening: Write operations are currently blocked due to Audit Store unavailability. Fail-Closed policy is active.","error":"Service Unavailable","statusCode":503}[39m
    [35mreq[39m: {
      "id": 16,
      "method": "POST",
      "url": "/api/operations/preview",
      "query": {},
      "params": {
        "path": [
          "operations",
          "preview"
        ]
      },
      "headers": {
        "host": "localhost:3333",
        "connection": "keep-alive",
        "content-length": "58",
        "x-actor": "superadmin-fallback@quetzaltic.local",
        "sec-ch-ua-platform": "\"Windows\"",
        "authorization": "Bearer eyJhbGciOiJIUzI1NiIsInR5cCI6IkpXVCJ9.eyJzdWIiOiIwMDAwLTAwMDAtMDAwMCIsImVtYWlsIjoic3VwZXJhZG1pbi1mYWxsYmFja0BxdWV0emFsdGljLmxvY2FsIiwicm9sZSI6IkFETUlOIiwiZXhwIjoxNzc0MzcxODYwfQ.4R3n7nSywfFs_apkd-C8WOF1S-f_9w23vpYdhIqnLvU",
        "x-correlation-id": "ui_exec_1774299065178",
        "sec-ch-ua": "\"Chromium\";v=\"146\", \"Not-A.Brand\";v=\"24\", \"Brave\";v=\"146\"",
        "sec-ch-ua-mobile": "?0",
        "x-idempotency-key": "85f24af5-081e-40d1-a695-5e674e41b284",
        "user-agent": "Mozilla/5.0 (Windows NT 10.0; Win64; x64) AppleWebKit/537.36 (KHTML, like Gecko) Chrome/146.0.0.0 Safari/537.36",
        "accept": "application/json, text/plain, */*",
        "content-type": "application/json",
        "sec-gpc": "1",
        "accept-language": "es-ES,es;q=0.7",
        "origin": "http://localhost:4200",
        "sec-fetch-site": "same-site",
        "sec-fetch-mode": "cors",
        "sec-fetch-dest": "empty",
        "referer": "http://localhost:4200/",
        "accept-encoding": "gzip, deflate, br, zstd"
      },
      "remoteAddress": "::1",
      "remotePort": 49693
    }
    [35mcorrelationId[39m: "ui_exec_1774299065178"
    [35mcontext[39m: "GlobalExceptionFilter"
[13:51:05.729] [32mINFO[39m (11452): [36mrequest errored[39m
    [35mreq[39m: {
      "id": 16,
      "method": "POST",
      "url": "/api/operations/preview",
      "query": {},
      "params": {
        "path": [
          "operations",
          "preview"
        ]
      },
      "headers": {
        "host": "localhost:3333",
        "connection": "keep-alive",
        "content-length": "58",
        "x-actor": "superadmin-fallback@quetzaltic.local",
        "sec-ch-ua-platform": "\"Windows\"",
        "authorization": "Bearer eyJhbGciOiJIUzI1NiIsInR5cCI6IkpXVCJ9.eyJzdWIiOiIwMDAwLTAwMDAtMDAwMCIsImVtYWlsIjoic3VwZXJhZG1pbi1mYWxsYmFja0BxdWV0emFsdGljLmxvY2FsIiwicm9sZSI6IkFETUlOIiwiZXhwIjoxNzc0MzcxODYwfQ.4R3n7nSywfFs_apkd-C8WOF1S-f_9w23vpYdhIqnLvU",
        "x-correlation-id": "ui_exec_1774299065178",
        "sec-ch-ua": "\"Chromium\";v=\"146\", \"Not-A.Brand\";v=\"24\", \"Brave\";v=\"146\"",
        "sec-ch-ua-mobile": "?0",
        "x-idempotency-key": "85f24af5-081e-40d1-a695-5e674e41b284",
        "user-agent": "Mozilla/5.0 (Windows NT 10.0; Win64; x64) AppleWebKit/537.36 (KHTML, like Gecko) Chrome/146.0.0.0 Safari/537.36",
        "accept": "application/json, text/plain, */*",
        "content-type": "application/json",
        "sec-gpc": "1",
        "accept-language": "es-ES,es;q=0.7",
        "origin": "http://localhost:4200",
        "sec-fetch-site": "same-site",
        "sec-fetch-mode": "cors",
        "sec-fetch-dest": "empty",
        "referer": "http://localhost:4200/",
        "accept-encoding": "gzip, deflate, br, zstd"
      },
      "remoteAddress": "::1",
      "remotePort": 49693
    }
    [35mcorrelationId[39m: "ui_exec_1774299065178"
    [35mres[39m: {
      "statusCode": 503,
      "headers": {
        "x-powered-by": "Express",
        "access-control-allow-origin": "*",
        "access-control-allow-credentials": "true",
        "x-correlation-id": "ui_exec_1774299065178",
        "content-type": "application/json; charset=utf-8",
        "content-length": "463",
        "etag": "W/\"1cf-dh3sDhJYjT+BfC78KphXj3mbl5E\""
      }
    }
    [35mresponseTime[39m: 11
    err: {
      "type": "Error",
      "message": "failed with status code 503",
      "stack":
          Error: failed with status code 503
              at onResFinished (C:\dev\soporte\quetzaltic\node_modules\pino-http\logger.js:115:39)
              at ServerResponse.onResponseComplete (C:\dev\soporte\quetzaltic\node_modules\pino-http\logger.js:178:14)
              at ServerResponse.emit (node:events:520:35)
              at onFinish (node:_http_outgoing:1026:10)
              at callback (node:internal/streams/writable:764:21)
              at afterWrite (node:internal/streams/writable:708:5)
              at afterWriteTick (node:internal/streams/writable:694:10)
              at processTicksAndRejections (node:internal/process/task_queues:88:21)
    }
[DEBUG] JWT Payload: {"sub":"0000-0000-0000","email":"superadmin-fallback@quetzaltic.local","role":"ADMIN","exp":1774371860}
[DEBUG] Authenticated Actor: superadmin-fallback@quetzaltic.local
[13:51:09.177] [33mWARN[39m (11452): [36mPrisma failure, falling back to Virtual Lockdown state[39m
    [35mreq[39m: {
      "id": 17,
      "method": "GET",
      "url": "/api/governance/lockdown/status",
      "query": {},
      "params": {
        "path": [
          "governance",
          "lockdown",
          "status"
        ]
      },
      "headers": {
        "host": "localhost:3333",
        "connection": "keep-alive",
        "x-actor": "superadmin-fallback@quetzaltic.local",
        "sec-ch-ua-platform": "\"Windows\"",
        "authorization": "Bearer eyJhbGciOiJIUzI1NiIsInR5cCI6IkpXVCJ9.eyJzdWIiOiIwMDAwLTAwMDAtMDAwMCIsImVtYWlsIjoic3VwZXJhZG1pbi1mYWxsYmFja0BxdWV0emFsdGljLmxvY2FsIiwicm9sZSI6IkFETUlOIiwiZXhwIjoxNzc0MzcxODYwfQ.4R3n7nSywfFs_apkd-C8WOF1S-f_9w23vpYdhIqnLvU",
        "x-correlation-id": "ui_gov_1774299068837",
        "sec-ch-ua": "\"Chromium\";v=\"146\", \"Not-A.Brand\";v=\"24\", \"Brave\";v=\"146\"",
        "sec-ch-ua-mobile": "?0",
        "x-idempotency-key": "8a5ad0fc-16b0-4a09-b92a-6fcc3c02efbb",
        "user-agent": "Mozilla/5.0 (Windows NT 10.0; Win64; x64) AppleWebKit/537.36 (KHTML, like Gecko) Chrome/146.0.0.0 Safari/537.36",
        "accept": "application/json, text/plain, */*",
        "content-type": "application/json",
        "sec-gpc": "1",
        "accept-language": "es-ES,es;q=0.7",
        "origin": "http://localhost:4200",
        "sec-fetch-site": "same-site",
        "sec-fetch-mode": "cors",
        "sec-fetch-dest": "empty",
        "referer": "http://localhost:4200/",
        "accept-encoding": "gzip, deflate, br, zstd",
        "if-none-match": "W/\"7f-YUjKmxTv6VD5K0W+mZyL6cyU+2s\""
      },
      "remoteAddress": "::1",
      "remotePort": 49693
    }
    [35mcorrelationId[39m: "ui_gov_1774299068837"
    [35mcontext[39m: "LockdownService"
[13:51:09.178] [32mINFO[39m (11452): [36mrequest completed[39m
    [35mreq[39m: {
      "id": 17,
      "method": "GET",
      "url": "/api/governance/lockdown/status",
      "query": {},
      "params": {
        "path": [
          "governance",
          "lockdown",
          "status"
        ]
      },
      "headers": {
        "host": "localhost:3333",
        "connection": "keep-alive",
        "x-actor": "superadmin-fallback@quetzaltic.local",
        "sec-ch-ua-platform": "\"Windows\"",
        "authorization": "Bearer eyJhbGciOiJIUzI1NiIsInR5cCI6IkpXVCJ9.eyJzdWIiOiIwMDAwLTAwMDAtMDAwMCIsImVtYWlsIjoic3VwZXJhZG1pbi1mYWxsYmFja0BxdWV0emFsdGljLmxvY2FsIiwicm9sZSI6IkFETUlOIiwiZXhwIjoxNzc0MzcxODYwfQ.4R3n7nSywfFs_apkd-C8WOF1S-f_9w23vpYdhIqnLvU",
        "x-correlation-id": "ui_gov_1774299068837",
        "sec-ch-ua": "\"Chromium\";v=\"146\", \"Not-A.Brand\";v=\"24\", \"Brave\";v=\"146\"",
        "sec-ch-ua-mobile": "?0",
        "x-idempotency-key": "8a5ad0fc-16b0-4a09-b92a-6fcc3c02efbb",
        "user-agent": "Mozilla/5.0 (Windows NT 10.0; Win64; x64) AppleWebKit/537.36 (KHTML, like Gecko) Chrome/146.0.0.0 Safari/537.36",
        "accept": "application/json, text/plain, */*",
        "content-type": "application/json",
        "sec-gpc": "1",
        "accept-language": "es-ES,es;q=0.7",
        "origin": "http://localhost:4200",
        "sec-fetch-site": "same-site",
        "sec-fetch-mode": "cors",
        "sec-fetch-dest": "empty",
        "referer": "http://localhost:4200/",
        "accept-encoding": "gzip, deflate, br, zstd",
        "if-none-match": "W/\"7f-YUjKmxTv6VD5K0W+mZyL6cyU+2s\""
      },
      "remoteAddress": "::1",
      "remotePort": 49693
    }
    [35mcorrelationId[39m: "ui_gov_1774299068837"
    [35mres[39m: {
      "statusCode": 200,
      "headers": {
        "x-powered-by": "Express",
        "access-control-allow-origin": "*",
        "access-control-allow-credentials": "true",
        "x-correlation-id": "ui_gov_1774299068837",
        "content-type": "application/json; charset=utf-8",
        "content-length": "127",
        "etag": "W/\"7f-lAcHVxBMixF6TMZPvZd4quLkc1I\""
      }
    }
    [35mresponseTime[39m: 335
[DEBUG] JWT Payload: {"sub":"0000-0000-0000","email":"superadmin-fallback@quetzaltic.local","role":"ADMIN","exp":1774371860}
[DEBUG] Authenticated Actor: superadmin-fallback@quetzaltic.local
[13:51:13.489] [31mERROR[39m (11452): [36m[ui_exec_1774299073480] POST /api/operations/preview - Status: 503 - Error: {"message":"Operational Hardening: Write operations are currently blocked due to Audit Store unavailability. Fail-Closed policy is active.","error":"Service Unavailable","statusCode":503}[39m
    [35mreq[39m: {
      "id": 18,
      "method": "POST",
      "url": "/api/operations/preview",
      "query": {},
      "params": {
        "path": [
          "operations",
          "preview"
        ]
      },
      "headers": {
        "host": "localhost:3333",
        "connection": "keep-alive",
        "content-length": "58",
        "x-actor": "superadmin-fallback@quetzaltic.local",
        "sec-ch-ua-platform": "\"Windows\"",
        "authorization": "Bearer eyJhbGciOiJIUzI1NiIsInR5cCI6IkpXVCJ9.eyJzdWIiOiIwMDAwLTAwMDAtMDAwMCIsImVtYWlsIjoic3VwZXJhZG1pbi1mYWxsYmFja0BxdWV0emFsdGljLmxvY2FsIiwicm9sZSI6IkFETUlOIiwiZXhwIjoxNzc0MzcxODYwfQ.4R3n7nSywfFs_apkd-C8WOF1S-f_9w23vpYdhIqnLvU",
        "x-correlation-id": "ui_exec_1774299073480",
        "sec-ch-ua": "\"Chromium\";v=\"146\", \"Not-A.Brand\";v=\"24\", \"Brave\";v=\"146\"",
        "sec-ch-ua-mobile": "?0",
        "x-idempotency-key": "43f65e37-8fec-4c91-87ef-ed27c215a37c",
        "user-agent": "Mozilla/5.0 (Windows NT 10.0; Win64; x64) AppleWebKit/537.36 (KHTML, like Gecko) Chrome/146.0.0.0 Safari/537.36",
        "accept": "application/json, text/plain, */*",
        "content-type": "application/json",
        "sec-gpc": "1",
        "accept-language": "es-ES,es;q=0.7",
        "origin": "http://localhost:4200",
        "sec-fetch-site": "same-site",
        "sec-fetch-mode": "cors",
        "sec-fetch-dest": "empty",
        "referer": "http://localhost:4200/",
        "accept-encoding": "gzip, deflate, br, zstd"
      },
      "remoteAddress": "::1",
      "remotePort": 49693
    }
    [35mcorrelationId[39m: "ui_exec_1774299073480"
    [35mcontext[39m: "GlobalExceptionFilter"
[13:51:13.490] [32mINFO[39m (11452): [36mrequest errored[39m
    [35mreq[39m: {
      "id": 18,
      "method": "POST",
      "url": "/api/operations/preview",
      "query": {},
      "params": {
        "path": [
          "operations",
          "preview"
        ]
      },
      "headers": {
        "host": "localhost:3333",
        "connection": "keep-alive",
        "content-length": "58",
        "x-actor": "superadmin-fallback@quetzaltic.local",
        "sec-ch-ua-platform": "\"Windows\"",
        "authorization": "Bearer eyJhbGciOiJIUzI1NiIsInR5cCI6IkpXVCJ9.eyJzdWIiOiIwMDAwLTAwMDAtMDAwMCIsImVtYWlsIjoic3VwZXJhZG1pbi1mYWxsYmFja0BxdWV0emFsdGljLmxvY2FsIiwicm9sZSI6IkFETUlOIiwiZXhwIjoxNzc0MzcxODYwfQ.4R3n7nSywfFs_apkd-C8WOF1S-f_9w23vpYdhIqnLvU",
        "x-correlation-id": "ui_exec_1774299073480",
        "sec-ch-ua": "\"Chromium\";v=\"146\", \"Not-A.Brand\";v=\"24\", \"Brave\";v=\"146\"",
        "sec-ch-ua-mobile": "?0",
        "x-idempotency-key": "43f65e37-8fec-4c91-87ef-ed27c215a37c",
        "user-agent": "Mozilla/5.0 (Windows NT 10.0; Win64; x64) AppleWebKit/537.36 (KHTML, like Gecko) Chrome/146.0.0.0 Safari/537.36",
        "accept": "application/json, text/plain, */*",
        "content-type": "application/json",
        "sec-gpc": "1",
        "accept-language": "es-ES,es;q=0.7",
        "origin": "http://localhost:4200",
        "sec-fetch-site": "same-site",
        "sec-fetch-mode": "cors",
        "sec-fetch-dest": "empty",
        "referer": "http://localhost:4200/",
        "accept-encoding": "gzip, deflate, br, zstd"
      },
      "remoteAddress": "::1",
      "remotePort": 49693
    }
    [35mcorrelationId[39m: "ui_exec_1774299073480"
    [35mres[39m: {
      "statusCode": 503,
      "headers": {
        "x-powered-by": "Express",
        "access-control-allow-origin": "*",
        "access-control-allow-credentials": "true",
        "x-correlation-id": "ui_exec_1774299073480",
        "content-type": "application/json; charset=utf-8",
        "content-length": "463",
        "etag": "W/\"1cf-dAhrT82mE+ogunUm4H/pLr7/qJs\""
      }
    }
    [35mresponseTime[39m: 2
    err: {
      "type": "Error",
      "message": "failed with status code 503",
      "stack":
          Error: failed with status code 503
              at onResFinished (C:\dev\soporte\quetzaltic\node_modules\pino-http\logger.js:115:39)
              at ServerResponse.onResponseComplete (C:\dev\soporte\quetzaltic\node_modules\pino-http\logger.js:178:14)
              at ServerResponse.emit (node:events:520:35)
              at onFinish (node:_http_outgoing:1026:10)
              at callback (node:internal/streams/writable:764:21)
              at afterWrite (node:internal/streams/writable:708:5)
              at afterWriteTick (node:internal/streams/writable:694:10)
              at processTicksAndRejections (node:internal/process/task_queues:88:21)
    }
[DEBUG] JWT Payload: {"sub":"0000-0000-0000","email":"superadmin-fallback@quetzaltic.local","role":"ADMIN","exp":1774371860}
[DEBUG] Authenticated Actor: superadmin-fallback@quetzaltic.local
[13:51:14.156] [33mWARN[39m (11452): [36mPrisma failure, falling back to Virtual Lockdown state[39m
    [35mreq[39m: {
      "id": 19,
      "method": "GET",
      "url": "/api/governance/lockdown/status",
      "query": {},
      "params": {
        "path": [
          "governance",
          "lockdown",
          "status"
        ]
      },
      "headers": {
        "host": "localhost:3333",
        "connection": "keep-alive",
        "x-actor": "superadmin-fallback@quetzaltic.local",
        "sec-ch-ua-platform": "\"Windows\"",
        "authorization": "Bearer eyJhbGciOiJIUzI1NiIsInR5cCI6IkpXVCJ9.eyJzdWIiOiIwMDAwLTAwMDAtMDAwMCIsImVtYWlsIjoic3VwZXJhZG1pbi1mYWxsYmFja0BxdWV0emFsdGljLmxvY2FsIiwicm9sZSI6IkFETUlOIiwiZXhwIjoxNzc0MzcxODYwfQ.4R3n7nSywfFs_apkd-C8WOF1S-f_9w23vpYdhIqnLvU",
        "x-correlation-id": "ui_gov_1774299073827",
        "sec-ch-ua": "\"Chromium\";v=\"146\", \"Not-A.Brand\";v=\"24\", \"Brave\";v=\"146\"",
        "sec-ch-ua-mobile": "?0",
        "x-idempotency-key": "984d4caa-4b6b-4c01-8e56-b43275802766",
        "user-agent": "Mozilla/5.0 (Windows NT 10.0; Win64; x64) AppleWebKit/537.36 (KHTML, like Gecko) Chrome/146.0.0.0 Safari/537.36",
        "accept": "application/json, text/plain, */*",
        "content-type": "application/json",
        "sec-gpc": "1",
        "accept-language": "es-ES,es;q=0.7",
        "origin": "http://localhost:4200",
        "sec-fetch-site": "same-site",
        "sec-fetch-mode": "cors",
        "sec-fetch-dest": "empty",
        "referer": "http://localhost:4200/",
        "accept-encoding": "gzip, deflate, br, zstd",
        "if-none-match": "W/\"7f-lAcHVxBMixF6TMZPvZd4quLkc1I\""
      },
      "remoteAddress": "::1",
      "remotePort": 49693
    }
    [35mcorrelationId[39m: "ui_gov_1774299073827"
    [35mcontext[39m: "LockdownService"
[13:51:14.156] [32mINFO[39m (11452): [36mrequest completed[39m
    [35mreq[39m: {
      "id": 19,
      "method": "GET",
      "url": "/api/governance/lockdown/status",
      "query": {},
      "params": {
        "path": [
          "governance",
          "lockdown",
          "status"
        ]
      },
      "headers": {
        "host": "localhost:3333",
        "connection": "keep-alive",
        "x-actor": "superadmin-fallback@quetzaltic.local",
        "sec-ch-ua-platform": "\"Windows\"",
        "authorization": "Bearer eyJhbGciOiJIUzI1NiIsInR5cCI6IkpXVCJ9.eyJzdWIiOiIwMDAwLTAwMDAtMDAwMCIsImVtYWlsIjoic3VwZXJhZG1pbi1mYWxsYmFja0BxdWV0emFsdGljLmxvY2FsIiwicm9sZSI6IkFETUlOIiwiZXhwIjoxNzc0MzcxODYwfQ.4R3n7nSywfFs_apkd-C8WOF1S-f_9w23vpYdhIqnLvU",
        "x-correlation-id": "ui_gov_1774299073827",
        "sec-ch-ua": "\"Chromium\";v=\"146\", \"Not-A.Brand\";v=\"24\", \"Brave\";v=\"146\"",
        "sec-ch-ua-mobile": "?0",
        "x-idempotency-key": "984d4caa-4b6b-4c01-8e56-b43275802766",
        "user-agent": "Mozilla/5.0 (Windows NT 10.0; Win64; x64) AppleWebKit/537.36 (KHTML, like Gecko) Chrome/146.0.0.0 Safari/537.36",
        "accept": "application/json, text/plain, */*",
        "content-type": "application/json",
        "sec-gpc": "1",
        "accept-language": "es-ES,es;q=0.7",
        "origin": "http://localhost:4200",
        "sec-fetch-site": "same-site",
        "sec-fetch-mode": "cors",
        "sec-fetch-dest": "empty",
        "referer": "http://localhost:4200/",
        "accept-encoding": "gzip, deflate, br, zstd",
        "if-none-match": "W/\"7f-lAcHVxBMixF6TMZPvZd4quLkc1I\""
      },
      "remoteAddress": "::1",
      "remotePort": 49693
    }
    [35mcorrelationId[39m: "ui_gov_1774299073827"
    [35mres[39m: {
      "statusCode": 200,
      "headers": {
        "x-powered-by": "Express",
        "access-control-allow-origin": "*",
        "access-control-allow-credentials": "true",
        "x-correlation-id": "ui_gov_1774299073827",
        "content-type": "application/json; charset=utf-8",
        "content-length": "127",
        "etag": "W/\"7f-CK1d3EeZYCDm4sHVthoz53Z+/oE\""
      }
    }
    [35mresponseTime[39m: 322
[DEBUG] JWT Payload: {"sub":"0000-0000-0000","email":"superadmin-fallback@quetzaltic.local","role":"ADMIN","exp":1774371860}
[DEBUG] Authenticated Actor: superadmin-fallback@quetzaltic.local
[13:51:19.184] [33mWARN[39m (11452): [36mPrisma failure, falling back to Virtual Lockdown state[39m
    [35mreq[39m: {
      "id": 20,
      "method": "GET",
      "url": "/api/governance/lockdown/status",
      "query": {},
      "params": {
        "path": [
          "governance",
          "lockdown",
          "status"
        ]
      },
      "headers": {
        "host": "localhost:3333",
        "connection": "keep-alive",
        "x-actor": "superadmin-fallback@quetzaltic.local",
        "sec-ch-ua-platform": "\"Windows\"",
        "authorization": "Bearer eyJhbGciOiJIUzI1NiIsInR5cCI6IkpXVCJ9.eyJzdWIiOiIwMDAwLTAwMDAtMDAwMCIsImVtYWlsIjoic3VwZXJhZG1pbi1mYWxsYmFja0BxdWV0emFsdGljLmxvY2FsIiwicm9sZSI6IkFETUlOIiwiZXhwIjoxNzc0MzcxODYwfQ.4R3n7nSywfFs_apkd-C8WOF1S-f_9w23vpYdhIqnLvU",
        "x-correlation-id": "ui_gov_1774299078839",
        "sec-ch-ua": "\"Chromium\";v=\"146\", \"Not-A.Brand\";v=\"24\", \"Brave\";v=\"146\"",
        "sec-ch-ua-mobile": "?0",
        "x-idempotency-key": "1895ba72-81dd-4a2d-b752-ec2beddd0f7d",
        "user-agent": "Mozilla/5.0 (Windows NT 10.0; Win64; x64) AppleWebKit/537.36 (KHTML, like Gecko) Chrome/146.0.0.0 Safari/537.36",
        "accept": "application/json, text/plain, */*",
        "content-type": "application/json",
        "sec-gpc": "1",
        "accept-language": "es-ES,es;q=0.7",
        "origin": "http://localhost:4200",
        "sec-fetch-site": "same-site",
        "sec-fetch-mode": "cors",
        "sec-fetch-dest": "empty",
        "referer": "http://localhost:4200/",
        "accept-encoding": "gzip, deflate, br, zstd",
        "if-none-match": "W/\"7f-CK1d3EeZYCDm4sHVthoz53Z+/oE\""
      },
      "remoteAddress": "::1",
      "remotePort": 49693
    }
    [35mcorrelationId[39m: "ui_gov_1774299078839"
    [35mcontext[39m: "LockdownService"
[13:51:19.185] [32mINFO[39m (11452): [36mrequest completed[39m
    [35mreq[39m: {
      "id": 20,
      "method": "GET",
      "url": "/api/governance/lockdown/status",
      "query": {},
      "params": {
        "path": [
          "governance",
          "lockdown",
          "status"
        ]
      },
      "headers": {
        "host": "localhost:3333",
        "connection": "keep-alive",
        "x-actor": "superadmin-fallback@quetzaltic.local",
        "sec-ch-ua-platform": "\"Windows\"",
        "authorization": "Bearer eyJhbGciOiJIUzI1NiIsInR5cCI6IkpXVCJ9.eyJzdWIiOiIwMDAwLTAwMDAtMDAwMCIsImVtYWlsIjoic3VwZXJhZG1pbi1mYWxsYmFja0BxdWV0emFsdGljLmxvY2FsIiwicm9sZSI6IkFETUlOIiwiZXhwIjoxNzc0MzcxODYwfQ.4R3n7nSywfFs_apkd-C8WOF1S-f_9w23vpYdhIqnLvU",
        "x-correlation-id": "ui_gov_1774299078839",
        "sec-ch-ua": "\"Chromium\";v=\"146\", \"Not-A.Brand\";v=\"24\", \"Brave\";v=\"146\"",
        "sec-ch-ua-mobile": "?0",
        "x-idempotency-key": "1895ba72-81dd-4a2d-b752-ec2beddd0f7d",
        "user-agent": "Mozilla/5.0 (Windows NT 10.0; Win64; x64) AppleWebKit/537.36 (KHTML, like Gecko) Chrome/146.0.0.0 Safari/537.36",
        "accept": "application/json, text/plain, */*",
        "content-type": "application/json",
        "sec-gpc": "1",
        "accept-language": "es-ES,es;q=0.7",
        "origin": "http://localhost:4200",
        "sec-fetch-site": "same-site",
        "sec-fetch-mode": "cors",
        "sec-fetch-dest": "empty",
        "referer": "http://localhost:4200/",
        "accept-encoding": "gzip, deflate, br, zstd",
        "if-none-match": "W/\"7f-CK1d3EeZYCDm4sHVthoz53Z+/oE\""
      },
      "remoteAddress": "::1",
      "remotePort": 49693
    }
    [35mcorrelationId[39m: "ui_gov_1774299078839"
    [35mres[39m: {
      "statusCode": 200,
      "headers": {
        "x-powered-by": "Express",
        "access-control-allow-origin": "*",
        "access-control-allow-credentials": "true",
        "x-correlation-id": "ui_gov_1774299078839",
        "content-type": "application/json; charset=utf-8",
        "content-length": "127",
        "etag": "W/\"7f-mIz48gFRNmqhQzO32AweqHE9K0o\""
      }
    }
    [35mresponseTime[39m: 338
[DEBUG] JWT Payload: {"sub":"0000-0000-0000","email":"superadmin-fallback@quetzaltic.local","role":"ADMIN","exp":1774371860}
[DEBUG] Authenticated Actor: superadmin-fallback@quetzaltic.local
[13:51:24.169] [33mWARN[39m (11452): [36mPrisma failure, falling back to Virtual Lockdown state[39m
    [35mreq[39m: {
      "id": 21,
      "method": "GET",
      "url": "/api/governance/lockdown/status",
      "query": {},
      "params": {
        "path": [
          "governance",
          "lockdown",
          "status"
        ]
      },
      "headers": {
        "host": "localhost:3333",
        "connection": "keep-alive",
        "x-actor": "superadmin-fallback@quetzaltic.local",
        "sec-ch-ua-platform": "\"Windows\"",
        "authorization": "Bearer eyJhbGciOiJIUzI1NiIsInR5cCI6IkpXVCJ9.eyJzdWIiOiIwMDAwLTAwMDAtMDAwMCIsImVtYWlsIjoic3VwZXJhZG1pbi1mYWxsYmFja0BxdWV0emFsdGljLmxvY2FsIiwicm9sZSI6IkFETUlOIiwiZXhwIjoxNzc0MzcxODYwfQ.4R3n7nSywfFs_apkd-C8WOF1S-f_9w23vpYdhIqnLvU",
        "x-correlation-id": "ui_gov_1774299083838",
        "sec-ch-ua": "\"Chromium\";v=\"146\", \"Not-A.Brand\";v=\"24\", \"Brave\";v=\"146\"",
        "sec-ch-ua-mobile": "?0",
        "x-idempotency-key": "4240ead8-6fe6-4c34-a581-33b3e0be2ce3",
        "user-agent": "Mozilla/5.0 (Windows NT 10.0; Win64; x64) AppleWebKit/537.36 (KHTML, like Gecko) Chrome/146.0.0.0 Safari/537.36",
        "accept": "application/json, text/plain, */*",
        "content-type": "application/json",
        "sec-gpc": "1",
        "accept-language": "es-ES,es;q=0.7",
        "origin": "http://localhost:4200",
        "sec-fetch-site": "same-site",
        "sec-fetch-mode": "cors",
        "sec-fetch-dest": "empty",
        "referer": "http://localhost:4200/",
        "accept-encoding": "gzip, deflate, br, zstd",
        "if-none-match": "W/\"7f-mIz48gFRNmqhQzO32AweqHE9K0o\""
      },
      "remoteAddress": "::1",
      "remotePort": 49693
    }
    [35mcorrelationId[39m: "ui_gov_1774299083838"
    [35mcontext[39m: "LockdownService"
[13:51:24.169] [32mINFO[39m (11452): [36mrequest completed[39m
    [35mreq[39m: {
      "id": 21,
      "method": "GET",
      "url": "/api/governance/lockdown/status",
      "query": {},
      "params": {
        "path": [
          "governance",
          "lockdown",
          "status"
        ]
      },
      "headers": {
        "host": "localhost:3333",
        "connection": "keep-alive",
        "x-actor": "superadmin-fallback@quetzaltic.local",
        "sec-ch-ua-platform": "\"Windows\"",
        "authorization": "Bearer eyJhbGciOiJIUzI1NiIsInR5cCI6IkpXVCJ9.eyJzdWIiOiIwMDAwLTAwMDAtMDAwMCIsImVtYWlsIjoic3VwZXJhZG1pbi1mYWxsYmFja0BxdWV0emFsdGljLmxvY2FsIiwicm9sZSI6IkFETUlOIiwiZXhwIjoxNzc0MzcxODYwfQ.4R3n7nSywfFs_apkd-C8WOF1S-f_9w23vpYdhIqnLvU",
        "x-correlation-id": "ui_gov_1774299083838",
        "sec-ch-ua": "\"Chromium\";v=\"146\", \"Not-A.Brand\";v=\"24\", \"Brave\";v=\"146\"",
        "sec-ch-ua-mobile": "?0",
        "x-idempotency-key": "4240ead8-6fe6-4c34-a581-33b3e0be2ce3",
        "user-agent": "Mozilla/5.0 (Windows NT 10.0; Win64; x64) AppleWebKit/537.36 (KHTML, like Gecko) Chrome/146.0.0.0 Safari/537.36",
        "accept": "application/json, text/plain, */*",
        "content-type": "application/json",
        "sec-gpc": "1",
        "accept-language": "es-ES,es;q=0.7",
        "origin": "http://localhost:4200",
        "sec-fetch-site": "same-site",
        "sec-fetch-mode": "cors",
        "sec-fetch-dest": "empty",
        "referer": "http://localhost:4200/",
        "accept-encoding": "gzip, deflate, br, zstd",
        "if-none-match": "W/\"7f-mIz48gFRNmqhQzO32AweqHE9K0o\""
      },
      "remoteAddress": "::1",
      "remotePort": 49693
    }
    [35mcorrelationId[39m: "ui_gov_1774299083838"
    [35mres[39m: {
      "statusCode": 200,
      "headers": {
        "x-powered-by": "Express",
        "access-control-allow-origin": "*",
        "access-control-allow-credentials": "true",
        "x-correlation-id": "ui_gov_1774299083838",
        "content-type": "application/json; charset=utf-8",
        "content-length": "127",
        "etag": "W/\"7f-R9Id65ac6K0BtkUXeYZKboaDSuk\""
      }
    }
    [35mresponseTime[39m: 327
[DEBUG] JWT Payload: {"sub":"0000-0000-0000","email":"superadmin-fallback@quetzaltic.local","role":"ADMIN","exp":1774371860}
[DEBUG] Authenticated Actor: superadmin-fallback@quetzaltic.local
[13:51:29.182] [33mWARN[39m (11452): [36mPrisma failure, falling back to Virtual Lockdown state[39m
    [35mreq[39m: {
      "id": 22,
      "method": "GET",
      "url": "/api/governance/lockdown/status",
      "query": {},
      "params": {
        "path": [
          "governance",
          "lockdown",
          "status"
        ]
      },
      "headers": {
        "host": "localhost:3333",
        "connection": "keep-alive",
        "x-actor": "superadmin-fallback@quetzaltic.local",
        "sec-ch-ua-platform": "\"Windows\"",
        "authorization": "Bearer eyJhbGciOiJIUzI1NiIsInR5cCI6IkpXVCJ9.eyJzdWIiOiIwMDAwLTAwMDAtMDAwMCIsImVtYWlsIjoic3VwZXJhZG1pbi1mYWxsYmFja0BxdWV0emFsdGljLmxvY2FsIiwicm9sZSI6IkFETUlOIiwiZXhwIjoxNzc0MzcxODYwfQ.4R3n7nSywfFs_apkd-C8WOF1S-f_9w23vpYdhIqnLvU",
        "x-correlation-id": "ui_gov_1774299088840",
        "sec-ch-ua": "\"Chromium\";v=\"146\", \"Not-A.Brand\";v=\"24\", \"Brave\";v=\"146\"",
        "sec-ch-ua-mobile": "?0",
        "x-idempotency-key": "2e75e1c7-14fb-482b-ad1e-8545d4534177",
        "user-agent": "Mozilla/5.0 (Windows NT 10.0; Win64; x64) AppleWebKit/537.36 (KHTML, like Gecko) Chrome/146.0.0.0 Safari/537.36",
        "accept": "application/json, text/plain, */*",
        "content-type": "application/json",
        "sec-gpc": "1",
        "accept-language": "es-ES,es;q=0.7",
        "origin": "http://localhost:4200",
        "sec-fetch-site": "same-site",
        "sec-fetch-mode": "cors",
        "sec-fetch-dest": "empty",
        "referer": "http://localhost:4200/",
        "accept-encoding": "gzip, deflate, br, zstd",
        "if-none-match": "W/\"7f-R9Id65ac6K0BtkUXeYZKboaDSuk\""
      },
      "remoteAddress": "::1",
      "remotePort": 49693
    }
    [35mcorrelationId[39m: "ui_gov_1774299088840"
    [35mcontext[39m: "LockdownService"
[13:51:29.183] [32mINFO[39m (11452): [36mrequest completed[39m
    [35mreq[39m: {
      "id": 22,
      "method": "GET",
      "url": "/api/governance/lockdown/status",
      "query": {},
      "params": {
        "path": [
          "governance",
          "lockdown",
          "status"
        ]
      },
      "headers": {
        "host": "localhost:3333",
        "connection": "keep-alive",
        "x-actor": "superadmin-fallback@quetzaltic.local",
        "sec-ch-ua-platform": "\"Windows\"",
        "authorization": "Bearer eyJhbGciOiJIUzI1NiIsInR5cCI6IkpXVCJ9.eyJzdWIiOiIwMDAwLTAwMDAtMDAwMCIsImVtYWlsIjoic3VwZXJhZG1pbi1mYWxsYmFja0BxdWV0emFsdGljLmxvY2FsIiwicm9sZSI6IkFETUlOIiwiZXhwIjoxNzc0MzcxODYwfQ.4R3n7nSywfFs_apkd-C8WOF1S-f_9w23vpYdhIqnLvU",
        "x-correlation-id": "ui_gov_1774299088840",
        "sec-ch-ua": "\"Chromium\";v=\"146\", \"Not-A.Brand\";v=\"24\", \"Brave\";v=\"146\"",
        "sec-ch-ua-mobile": "?0",
        "x-idempotency-key": "2e75e1c7-14fb-482b-ad1e-8545d4534177",
        "user-agent": "Mozilla/5.0 (Windows NT 10.0; Win64; x64) AppleWebKit/537.36 (KHTML, like Gecko) Chrome/146.0.0.0 Safari/537.36",
        "accept": "application/json, text/plain, */*",
        "content-type": "application/json",
        "sec-gpc": "1",
        "accept-language": "es-ES,es;q=0.7",
        "origin": "http://localhost:4200",
        "sec-fetch-site": "same-site",
        "sec-fetch-mode": "cors",
        "sec-fetch-dest": "empty",
        "referer": "http://localhost:4200/",
        "accept-encoding": "gzip, deflate, br, zstd",
        "if-none-match": "W/\"7f-R9Id65ac6K0BtkUXeYZKboaDSuk\""
      },
      "remoteAddress": "::1",
      "remotePort": 49693
    }
    [35mcorrelationId[39m: "ui_gov_1774299088840"
    [35mres[39m: {
      "statusCode": 200,
      "headers": {
        "x-powered-by": "Express",
        "access-control-allow-origin": "*",
        "access-control-allow-credentials": "true",
        "x-correlation-id": "ui_gov_1774299088840",
        "content-type": "application/json; charset=utf-8",
        "content-length": "127",
        "etag": "W/\"7f-GwylvxPnp6+O51WDLahFk0DtCOY\""
      }
    }
    [35mresponseTime[39m: 335
[DEBUG] JWT Payload: {"sub":"0000-0000-0000","email":"superadmin-fallback@quetzaltic.local","role":"ADMIN","exp":1774371860}
[DEBUG] Authenticated Actor: superadmin-fallback@quetzaltic.local
[13:51:35.071] [33mWARN[39m (11452): [36mPrisma failure, falling back to Virtual Lockdown state[39m
    [35mreq[39m: {
      "id": 23,
      "method": "GET",
      "url": "/api/governance/lockdown/status",
      "query": {},
      "params": {
        "path": [
          "governance",
          "lockdown",
          "status"
        ]
      },
      "headers": {
        "host": "localhost:3333",
        "connection": "keep-alive",
        "x-actor": "superadmin-fallback@quetzaltic.local",
        "sec-ch-ua-platform": "\"Windows\"",
        "authorization": "Bearer eyJhbGciOiJIUzI1NiIsInR5cCI6IkpXVCJ9.eyJzdWIiOiIwMDAwLTAwMDAtMDAwMCIsImVtYWlsIjoic3VwZXJhZG1pbi1mYWxsYmFja0BxdWV0emFsdGljLmxvY2FsIiwicm9sZSI6IkFETUlOIiwiZXhwIjoxNzc0MzcxODYwfQ.4R3n7nSywfFs_apkd-C8WOF1S-f_9w23vpYdhIqnLvU",
        "x-correlation-id": "ui_gov_1774299094724",
        "sec-ch-ua": "\"Chromium\";v=\"146\", \"Not-A.Brand\";v=\"24\", \"Brave\";v=\"146\"",
        "sec-ch-ua-mobile": "?0",
        "x-idempotency-key": "4df60894-9888-49b1-895c-bfc65c76d4be",
        "user-agent": "Mozilla/5.0 (Windows NT 10.0; Win64; x64) AppleWebKit/537.36 (KHTML, like Gecko) Chrome/146.0.0.0 Safari/537.36",
        "accept": "application/json, text/plain, */*",
        "content-type": "application/json",
        "sec-gpc": "1",
        "accept-language": "es-ES,es;q=0.7",
        "origin": "http://localhost:4200",
        "sec-fetch-site": "same-site",
        "sec-fetch-mode": "cors",
        "sec-fetch-dest": "empty",
        "referer": "http://localhost:4200/",
        "accept-encoding": "gzip, deflate, br, zstd",
        "if-none-match": "W/\"7f-GwylvxPnp6+O51WDLahFk0DtCOY\""
      },
      "remoteAddress": "::1",
      "remotePort": 49693
    }
    [35mcorrelationId[39m: "ui_gov_1774299094724"
    [35mcontext[39m: "LockdownService"
[13:51:35.072] [32mINFO[39m (11452): [36mrequest completed[39m
    [35mreq[39m: {
      "id": 23,
      "method": "GET",
      "url": "/api/governance/lockdown/status",
      "query": {},
      "params": {
        "path": [
          "governance",
          "lockdown",
          "status"
        ]
      },
      "headers": {
        "host": "localhost:3333",
        "connection": "keep-alive",
        "x-actor": "superadmin-fallback@quetzaltic.local",
        "sec-ch-ua-platform": "\"Windows\"",
        "authorization": "Bearer eyJhbGciOiJIUzI1NiIsInR5cCI6IkpXVCJ9.eyJzdWIiOiIwMDAwLTAwMDAtMDAwMCIsImVtYWlsIjoic3VwZXJhZG1pbi1mYWxsYmFja0BxdWV0emFsdGljLmxvY2FsIiwicm9sZSI6IkFETUlOIiwiZXhwIjoxNzc0MzcxODYwfQ.4R3n7nSywfFs_apkd-C8WOF1S-f_9w23vpYdhIqnLvU",
        "x-correlation-id": "ui_gov_1774299094724",
        "sec-ch-ua": "\"Chromium\";v=\"146\", \"Not-A.Brand\";v=\"24\", \"Brave\";v=\"146\"",
        "sec-ch-ua-mobile": "?0",
        "x-idempotency-key": "4df60894-9888-49b1-895c-bfc65c76d4be",
        "user-agent": "Mozilla/5.0 (Windows NT 10.0; Win64; x64) AppleWebKit/537.36 (KHTML, like Gecko) Chrome/146.0.0.0 Safari/537.36",
        "accept": "application/json, text/plain, */*",
        "content-type": "application/json",
        "sec-gpc": "1",
        "accept-language": "es-ES,es;q=0.7",
        "origin": "http://localhost:4200",
        "sec-fetch-site": "same-site",
        "sec-fetch-mode": "cors",
        "sec-fetch-dest": "empty",
        "referer": "http://localhost:4200/",
        "accept-encoding": "gzip, deflate, br, zstd",
        "if-none-match": "W/\"7f-GwylvxPnp6+O51WDLahFk0DtCOY\""
      },
      "remoteAddress": "::1",
      "remotePort": 49693
    }
    [35mcorrelationId[39m: "ui_gov_1774299094724"
    [35mres[39m: {
      "statusCode": 200,
      "headers": {
        "x-powered-by": "Express",
        "access-control-allow-origin": "*",
        "access-control-allow-credentials": "true",
        "x-correlation-id": "ui_gov_1774299094724",
        "content-type": "application/json; charset=utf-8",
        "content-length": "127",
        "etag": "W/\"7f-jg/NIvpTiTTrCA5pZ1f1kMeUnzg\""
      }
    }
    [35mresponseTime[39m: 338
[DEBUG] JWT Payload: {"sub":"0000-0000-0000","email":"superadmin-fallback@quetzaltic.local","role":"ADMIN","exp":1774371860}
[DEBUG] Authenticated Actor: superadmin-fallback@quetzaltic.local
[13:51:40.074] [33mWARN[39m (11452): [36mPrisma failure, falling back to Virtual Lockdown state[39m
    [35mreq[39m: {
      "id": 24,
      "method": "GET",
      "url": "/api/governance/lockdown/status",
      "query": {},
      "params": {
        "path": [
          "governance",
          "lockdown",
          "status"
        ]
      },
      "headers": {
        "host": "localhost:3333",
        "connection": "keep-alive",
        "x-actor": "superadmin-fallback@quetzaltic.local",
        "sec-ch-ua-platform": "\"Windows\"",
        "authorization": "Bearer eyJhbGciOiJIUzI1NiIsInR5cCI6IkpXVCJ9.eyJzdWIiOiIwMDAwLTAwMDAtMDAwMCIsImVtYWlsIjoic3VwZXJhZG1pbi1mYWxsYmFja0BxdWV0emFsdGljLmxvY2FsIiwicm9sZSI6IkFETUlOIiwiZXhwIjoxNzc0MzcxODYwfQ.4R3n7nSywfFs_apkd-C8WOF1S-f_9w23vpYdhIqnLvU",
        "x-correlation-id": "ui_gov_1774299099716",
        "sec-ch-ua": "\"Chromium\";v=\"146\", \"Not-A.Brand\";v=\"24\", \"Brave\";v=\"146\"",
        "sec-ch-ua-mobile": "?0",
        "x-idempotency-key": "d94c4388-71d2-4201-92f4-c2dc436b0e7f",
        "user-agent": "Mozilla/5.0 (Windows NT 10.0; Win64; x64) AppleWebKit/537.36 (KHTML, like Gecko) Chrome/146.0.0.0 Safari/537.36",
        "accept": "application/json, text/plain, */*",
        "content-type": "application/json",
        "sec-gpc": "1",
        "accept-language": "es-ES,es;q=0.7",
        "origin": "http://localhost:4200",
        "sec-fetch-site": "same-site",
        "sec-fetch-mode": "cors",
        "sec-fetch-dest": "empty",
        "referer": "http://localhost:4200/",
        "accept-encoding": "gzip, deflate, br, zstd",
        "if-none-match": "W/\"7f-jg/NIvpTiTTrCA5pZ1f1kMeUnzg\""
      },
      "remoteAddress": "::1",
      "remotePort": 49693
    }
    [35mcorrelationId[39m: "ui_gov_1774299099716"
    [35mcontext[39m: "LockdownService"
[13:51:40.075] [32mINFO[39m (11452): [36mrequest completed[39m
    [35mreq[39m: {
      "id": 24,
      "method": "GET",
      "url": "/api/governance/lockdown/status",
      "query": {},
      "params": {
        "path": [
          "governance",
          "lockdown",
          "status"
        ]
      },
      "headers": {
        "host": "localhost:3333",
        "connection": "keep-alive",
        "x-actor": "superadmin-fallback@quetzaltic.local",
        "sec-ch-ua-platform": "\"Windows\"",
        "authorization": "Bearer eyJhbGciOiJIUzI1NiIsInR5cCI6IkpXVCJ9.eyJzdWIiOiIwMDAwLTAwMDAtMDAwMCIsImVtYWlsIjoic3VwZXJhZG1pbi1mYWxsYmFja0BxdWV0emFsdGljLmxvY2FsIiwicm9sZSI6IkFETUlOIiwiZXhwIjoxNzc0MzcxODYwfQ.4R3n7nSywfFs_apkd-C8WOF1S-f_9w23vpYdhIqnLvU",
        "x-correlation-id": "ui_gov_1774299099716",
        "sec-ch-ua": "\"Chromium\";v=\"146\", \"Not-A.Brand\";v=\"24\", \"Brave\";v=\"146\"",
        "sec-ch-ua-mobile": "?0",
        "x-idempotency-key": "d94c4388-71d2-4201-92f4-c2dc436b0e7f",
        "user-agent": "Mozilla/5.0 (Windows NT 10.0; Win64; x64) AppleWebKit/537.36 (KHTML, like Gecko) Chrome/146.0.0.0 Safari/537.36",
        "accept": "application/json, text/plain, */*",
        "content-type": "application/json",
        "sec-gpc": "1",
        "accept-language": "es-ES,es;q=0.7",
        "origin": "http://localhost:4200",
        "sec-fetch-site": "same-site",
        "sec-fetch-mode": "cors",
        "sec-fetch-dest": "empty",
        "referer": "http://localhost:4200/",
        "accept-encoding": "gzip, deflate, br, zstd",
        "if-none-match": "W/\"7f-jg/NIvpTiTTrCA5pZ1f1kMeUnzg\""
      },
      "remoteAddress": "::1",
      "remotePort": 49693
    }
    [35mcorrelationId[39m: "ui_gov_1774299099716"
    [35mres[39m: {
      "statusCode": 200,
      "headers": {
        "x-powered-by": "Express",
        "access-control-allow-origin": "*",
        "access-control-allow-credentials": "true",
        "x-correlation-id": "ui_gov_1774299099716",
        "content-type": "application/json; charset=utf-8",
        "content-length": "127",
        "etag": "W/\"7f-UC71YqjED6Bn/XobT8nus3shRTo\""
      }
    }
    [35mresponseTime[39m: 350
[DEBUG] JWT Payload: {"sub":"0000-0000-0000","email":"superadmin-fallback@quetzaltic.local","role":"ADMIN","exp":1774371860}
[DEBUG] Authenticated Actor: superadmin-fallback@quetzaltic.local
[13:51:45.041] [33mWARN[39m (11452): [36mPrisma failure, falling back to Virtual Lockdown state[39m
    [35mreq[39m: {
      "id": 25,
      "method": "GET",
      "url": "/api/governance/lockdown/status",
      "query": {},
      "params": {
        "path": [
          "governance",
          "lockdown",
          "status"
        ]
      },
      "headers": {
        "host": "localhost:3333",
        "connection": "keep-alive",
        "x-actor": "superadmin-fallback@quetzaltic.local",
        "sec-ch-ua-platform": "\"Windows\"",
        "authorization": "Bearer eyJhbGciOiJIUzI1NiIsInR5cCI6IkpXVCJ9.eyJzdWIiOiIwMDAwLTAwMDAtMDAwMCIsImVtYWlsIjoic3VwZXJhZG1pbi1mYWxsYmFja0BxdWV0emFsdGljLmxvY2FsIiwicm9sZSI6IkFETUlOIiwiZXhwIjoxNzc0MzcxODYwfQ.4R3n7nSywfFs_apkd-C8WOF1S-f_9w23vpYdhIqnLvU",
        "x-correlation-id": "ui_gov_1774299104714",
        "sec-ch-ua": "\"Chromium\";v=\"146\", \"Not-A.Brand\";v=\"24\", \"Brave\";v=\"146\"",
        "sec-ch-ua-mobile": "?0",
        "x-idempotency-key": "8c86157d-5c31-4926-9601-2aa897a39662",
        "user-agent": "Mozilla/5.0 (Windows NT 10.0; Win64; x64) AppleWebKit/537.36 (KHTML, like Gecko) Chrome/146.0.0.0 Safari/537.36",
        "accept": "application/json, text/plain, */*",
        "content-type": "application/json",
        "sec-gpc": "1",
        "accept-language": "es-ES,es;q=0.7",
        "origin": "http://localhost:4200",
        "sec-fetch-site": "same-site",
        "sec-fetch-mode": "cors",
        "sec-fetch-dest": "empty",
        "referer": "http://localhost:4200/",
        "accept-encoding": "gzip, deflate, br, zstd",
        "if-none-match": "W/\"7f-UC71YqjED6Bn/XobT8nus3shRTo\""
      },
      "remoteAddress": "::1",
      "remotePort": 49693
    }
    [35mcorrelationId[39m: "ui_gov_1774299104714"
    [35mcontext[39m: "LockdownService"
[13:51:45.041] [32mINFO[39m (11452): [36mrequest completed[39m
    [35mreq[39m: {
      "id": 25,
      "method": "GET",
      "url": "/api/governance/lockdown/status",
      "query": {},
      "params": {
        "path": [
          "governance",
          "lockdown",
          "status"
        ]
      },
      "headers": {
        "host": "localhost:3333",
        "connection": "keep-alive",
        "x-actor": "superadmin-fallback@quetzaltic.local",
        "sec-ch-ua-platform": "\"Windows\"",
        "authorization": "Bearer eyJhbGciOiJIUzI1NiIsInR5cCI6IkpXVCJ9.eyJzdWIiOiIwMDAwLTAwMDAtMDAwMCIsImVtYWlsIjoic3VwZXJhZG1pbi1mYWxsYmFja0BxdWV0emFsdGljLmxvY2FsIiwicm9sZSI6IkFETUlOIiwiZXhwIjoxNzc0MzcxODYwfQ.4R3n7nSywfFs_apkd-C8WOF1S-f_9w23vpYdhIqnLvU",
        "x-correlation-id": "ui_gov_1774299104714",
        "sec-ch-ua": "\"Chromium\";v=\"146\", \"Not-A.Brand\";v=\"24\", \"Brave\";v=\"146\"",
        "sec-ch-ua-mobile": "?0",
        "x-idempotency-key": "8c86157d-5c31-4926-9601-2aa897a39662",
        "user-agent": "Mozilla/5.0 (Windows NT 10.0; Win64; x64) AppleWebKit/537.36 (KHTML, like Gecko) Chrome/146.0.0.0 Safari/537.36",
        "accept": "application/json, text/plain, */*",
        "content-type": "application/json",
        "sec-gpc": "1",
        "accept-language": "es-ES,es;q=0.7",
        "origin": "http://localhost:4200",
        "sec-fetch-site": "same-site",
        "sec-fetch-mode": "cors",
        "sec-fetch-dest": "empty",
        "referer": "http://localhost:4200/",
        "accept-encoding": "gzip, deflate, br, zstd",
        "if-none-match": "W/\"7f-UC71YqjED6Bn/XobT8nus3shRTo\""
      },
      "remoteAddress": "::1",
      "remotePort": 49693
    }
    [35mcorrelationId[39m: "ui_gov_1774299104714"
    [35mres[39m: {
      "statusCode": 200,
      "headers": {
        "x-powered-by": "Express",
        "access-control-allow-origin": "*",
        "access-control-allow-credentials": "true",
        "x-correlation-id": "ui_gov_1774299104714",
        "content-type": "application/json; charset=utf-8",
        "content-length": "127",
        "etag": "W/\"7f-U1zfp90tvzqDwkGGuAa/QjFi9H0\""
      }
    }
    [35mresponseTime[39m: 317
[DEBUG] JWT Payload: {"sub":"0000-0000-0000","email":"superadmin-fallback@quetzaltic.local","role":"ADMIN","exp":1774371860}
[DEBUG] Authenticated Actor: superadmin-fallback@quetzaltic.local
[13:51:49.159] [33mWARN[39m (11452): [36mPrisma failure, falling back to Virtual Lockdown state[39m
    [35mreq[39m: {
      "id": 26,
      "method": "GET",
      "url": "/api/governance/lockdown/status",
      "query": {},
      "params": {
        "path": [
          "governance",
          "lockdown",
          "status"
        ]
      },
      "headers": {
        "host": "localhost:3333",
        "connection": "keep-alive",
        "x-actor": "superadmin-fallback@quetzaltic.local",
        "sec-ch-ua-platform": "\"Windows\"",
        "authorization": "Bearer eyJhbGciOiJIUzI1NiIsInR5cCI6IkpXVCJ9.eyJzdWIiOiIwMDAwLTAwMDAtMDAwMCIsImVtYWlsIjoic3VwZXJhZG1pbi1mYWxsYmFja0BxdWV0emFsdGljLmxvY2FsIiwicm9sZSI6IkFETUlOIiwiZXhwIjoxNzc0MzcxODYwfQ.4R3n7nSywfFs_apkd-C8WOF1S-f_9w23vpYdhIqnLvU",
        "x-correlation-id": "ui_gov_1774299108825",
        "sec-ch-ua": "\"Chromium\";v=\"146\", \"Not-A.Brand\";v=\"24\", \"Brave\";v=\"146\"",
        "sec-ch-ua-mobile": "?0",
        "x-idempotency-key": "1be9c28f-44e1-46c1-bac5-bd802518d804",
        "user-agent": "Mozilla/5.0 (Windows NT 10.0; Win64; x64) AppleWebKit/537.36 (KHTML, like Gecko) Chrome/146.0.0.0 Safari/537.36",
        "accept": "application/json, text/plain, */*",
        "content-type": "application/json",
        "sec-gpc": "1",
        "accept-language": "es-ES,es;q=0.7",
        "origin": "http://localhost:4200",
        "sec-fetch-site": "same-site",
        "sec-fetch-mode": "cors",
        "sec-fetch-dest": "empty",
        "referer": "http://localhost:4200/",
        "accept-encoding": "gzip, deflate, br, zstd",
        "if-none-match": "W/\"7f-U1zfp90tvzqDwkGGuAa/QjFi9H0\""
      },
      "remoteAddress": "::1",
      "remotePort": 49693
    }
    [35mcorrelationId[39m: "ui_gov_1774299108825"
    [35mcontext[39m: "LockdownService"
[13:51:49.160] [32mINFO[39m (11452): [36mrequest completed[39m
    [35mreq[39m: {
      "id": 26,
      "method": "GET",
      "url": "/api/governance/lockdown/status",
      "query": {},
      "params": {
        "path": [
          "governance",
          "lockdown",
          "status"
        ]
      },
      "headers": {
        "host": "localhost:3333",
        "connection": "keep-alive",
        "x-actor": "superadmin-fallback@quetzaltic.local",
        "sec-ch-ua-platform": "\"Windows\"",
        "authorization": "Bearer eyJhbGciOiJIUzI1NiIsInR5cCI6IkpXVCJ9.eyJzdWIiOiIwMDAwLTAwMDAtMDAwMCIsImVtYWlsIjoic3VwZXJhZG1pbi1mYWxsYmFja0BxdWV0emFsdGljLmxvY2FsIiwicm9sZSI6IkFETUlOIiwiZXhwIjoxNzc0MzcxODYwfQ.4R3n7nSywfFs_apkd-C8WOF1S-f_9w23vpYdhIqnLvU",
        "x-correlation-id": "ui_gov_1774299108825",
        "sec-ch-ua": "\"Chromium\";v=\"146\", \"Not-A.Brand\";v=\"24\", \"Brave\";v=\"146\"",
        "sec-ch-ua-mobile": "?0",
        "x-idempotency-key": "1be9c28f-44e1-46c1-bac5-bd802518d804",
        "user-agent": "Mozilla/5.0 (Windows NT 10.0; Win64; x64) AppleWebKit/537.36 (KHTML, like Gecko) Chrome/146.0.0.0 Safari/537.36",
        "accept": "application/json, text/plain, */*",
        "content-type": "application/json",
        "sec-gpc": "1",
        "accept-language": "es-ES,es;q=0.7",
        "origin": "http://localhost:4200",
        "sec-fetch-site": "same-site",
        "sec-fetch-mode": "cors",
        "sec-fetch-dest": "empty",
        "referer": "http://localhost:4200/",
        "accept-encoding": "gzip, deflate, br, zstd",
        "if-none-match": "W/\"7f-U1zfp90tvzqDwkGGuAa/QjFi9H0\""
      },
      "remoteAddress": "::1",
      "remotePort": 49693
    }
    [35mcorrelationId[39m: "ui_gov_1774299108825"
    [35mres[39m: {
      "statusCode": 200,
      "headers": {
        "x-powered-by": "Express",
        "access-control-allow-origin": "*",
        "access-control-allow-credentials": "true",
        "x-correlation-id": "ui_gov_1774299108825",
        "content-type": "application/json; charset=utf-8",
        "content-length": "127",
        "etag": "W/\"7f-CRcv9tAEX6seUK8h6bndUg4BB5k\""
      }
    }
    [35mresponseTime[39m: 330
[DEBUG] JWT Payload: {"sub":"0000-0000-0000","email":"superadmin-fallback@quetzaltic.local","role":"ADMIN","exp":1774371860}
[DEBUG] Authenticated Actor: superadmin-fallback@quetzaltic.local
[13:51:54.176] [33mWARN[39m (11452): [36mPrisma failure, falling back to Virtual Lockdown state[39m
    [35mreq[39m: {
      "id": 27,
      "method": "GET",
      "url": "/api/governance/lockdown/status",
      "query": {},
      "params": {
        "path": [
          "governance",
          "lockdown",
          "status"
        ]
      },
      "headers": {
        "host": "localhost:3333",
        "connection": "keep-alive",
        "x-actor": "superadmin-fallback@quetzaltic.local",
        "sec-ch-ua-platform": "\"Windows\"",
        "authorization": "Bearer eyJhbGciOiJIUzI1NiIsInR5cCI6IkpXVCJ9.eyJzdWIiOiIwMDAwLTAwMDAtMDAwMCIsImVtYWlsIjoic3VwZXJhZG1pbi1mYWxsYmFja0BxdWV0emFsdGljLmxvY2FsIiwicm9sZSI6IkFETUlOIiwiZXhwIjoxNzc0MzcxODYwfQ.4R3n7nSywfFs_apkd-C8WOF1S-f_9w23vpYdhIqnLvU",
        "x-correlation-id": "ui_gov_1774299113844",
        "sec-ch-ua": "\"Chromium\";v=\"146\", \"Not-A.Brand\";v=\"24\", \"Brave\";v=\"146\"",
        "sec-ch-ua-mobile": "?0",
        "x-idempotency-key": "562dab33-2b8c-4767-85aa-f8987fd0ea06",
        "user-agent": "Mozilla/5.0 (Windows NT 10.0; Win64; x64) AppleWebKit/537.36 (KHTML, like Gecko) Chrome/146.0.0.0 Safari/537.36",
        "accept": "application/json, text/plain, */*",
        "content-type": "application/json",
        "sec-gpc": "1",
        "accept-language": "es-ES,es;q=0.7",
        "origin": "http://localhost:4200",
        "sec-fetch-site": "same-site",
        "sec-fetch-mode": "cors",
        "sec-fetch-dest": "empty",
        "referer": "http://localhost:4200/",
        "accept-encoding": "gzip, deflate, br, zstd",
        "if-none-match": "W/\"7f-CRcv9tAEX6seUK8h6bndUg4BB5k\""
      },
      "remoteAddress": "::1",
      "remotePort": 49693
    }
    [35mcorrelationId[39m: "ui_gov_1774299113844"
    [35mcontext[39m: "LockdownService"
[13:51:54.177] [32mINFO[39m (11452): [36mrequest completed[39m
    [35mreq[39m: {
      "id": 27,
      "method": "GET",
      "url": "/api/governance/lockdown/status",
      "query": {},
      "params": {
        "path": [
          "governance",
          "lockdown",
          "status"
        ]
      },
      "headers": {
        "host": "localhost:3333",
        "connection": "keep-alive",
        "x-actor": "superadmin-fallback@quetzaltic.local",
        "sec-ch-ua-platform": "\"Windows\"",
        "authorization": "Bearer eyJhbGciOiJIUzI1NiIsInR5cCI6IkpXVCJ9.eyJzdWIiOiIwMDAwLTAwMDAtMDAwMCIsImVtYWlsIjoic3VwZXJhZG1pbi1mYWxsYmFja0BxdWV0emFsdGljLmxvY2FsIiwicm9sZSI6IkFETUlOIiwiZXhwIjoxNzc0MzcxODYwfQ.4R3n7nSywfFs_apkd-C8WOF1S-f_9w23vpYdhIqnLvU",
        "x-correlation-id": "ui_gov_1774299113844",
        "sec-ch-ua": "\"Chromium\";v=\"146\", \"Not-A.Brand\";v=\"24\", \"Brave\";v=\"146\"",
        "sec-ch-ua-mobile": "?0",
        "x-idempotency-key": "562dab33-2b8c-4767-85aa-f8987fd0ea06",
        "user-agent": "Mozilla/5.0 (Windows NT 10.0; Win64; x64) AppleWebKit/537.36 (KHTML, like Gecko) Chrome/146.0.0.0 Safari/537.36",
        "accept": "application/json, text/plain, */*",
        "content-type": "application/json",
        "sec-gpc": "1",
        "accept-language": "es-ES,es;q=0.7",
        "origin": "http://localhost:4200",
        "sec-fetch-site": "same-site",
        "sec-fetch-mode": "cors",
        "sec-fetch-dest": "empty",
        "referer": "http://localhost:4200/",
        "accept-encoding": "gzip, deflate, br, zstd",
        "if-none-match": "W/\"7f-CRcv9tAEX6seUK8h6bndUg4BB5k\""
      },
      "remoteAddress": "::1",
      "remotePort": 49693
    }
    [35mcorrelationId[39m: "ui_gov_1774299113844"
    [35mres[39m: {
      "statusCode": 200,
      "headers": {
        "x-powered-by": "Express",
        "access-control-allow-origin": "*",
        "access-control-allow-credentials": "true",
        "x-correlation-id": "ui_gov_1774299113844",
        "content-type": "application/json; charset=utf-8",
        "content-length": "127",
        "etag": "W/\"7f-spfP670KzvctD4fURewUkCKDTMQ\""
      }
    }
    [35mresponseTime[39m: 320
[DEBUG] JWT Payload: {"sub":"0000-0000-0000","email":"superadmin-fallback@quetzaltic.local","role":"ADMIN","exp":1774371860}
[DEBUG] Authenticated Actor: superadmin-fallback@quetzaltic.local
[13:52:00.183] [33mWARN[39m (11452): [36mPrisma failure, falling back to Virtual Lockdown state[39m
    [35mreq[39m: {
      "id": 28,
      "method": "GET",
      "url": "/api/governance/lockdown/status",
      "query": {},
      "params": {
        "path": [
          "governance",
          "lockdown",
          "status"
        ]
      },
      "headers": {
        "host": "localhost:3333",
        "connection": "keep-alive",
        "x-actor": "superadmin-fallback@quetzaltic.local",
        "sec-ch-ua-platform": "\"Windows\"",
        "authorization": "Bearer eyJhbGciOiJIUzI1NiIsInR5cCI6IkpXVCJ9.eyJzdWIiOiIwMDAwLTAwMDAtMDAwMCIsImVtYWlsIjoic3VwZXJhZG1pbi1mYWxsYmFja0BxdWV0emFsdGljLmxvY2FsIiwicm9sZSI6IkFETUlOIiwiZXhwIjoxNzc0MzcxODYwfQ.4R3n7nSywfFs_apkd-C8WOF1S-f_9w23vpYdhIqnLvU",
        "x-correlation-id": "ui_gov_1774299119721",
        "sec-ch-ua": "\"Chromium\";v=\"146\", \"Not-A.Brand\";v=\"24\", \"Brave\";v=\"146\"",
        "sec-ch-ua-mobile": "?0",
        "x-idempotency-key": "43bc3977-875d-41d7-8d59-426f665d95f8",
        "user-agent": "Mozilla/5.0 (Windows NT 10.0; Win64; x64) AppleWebKit/537.36 (KHTML, like Gecko) Chrome/146.0.0.0 Safari/537.36",
        "accept": "application/json, text/plain, */*",
        "content-type": "application/json",
        "sec-gpc": "1",
        "accept-language": "es-ES,es;q=0.7",
        "origin": "http://localhost:4200",
        "sec-fetch-site": "same-site",
        "sec-fetch-mode": "cors",
        "sec-fetch-dest": "empty",
        "referer": "http://localhost:4200/",
        "accept-encoding": "gzip, deflate, br, zstd",
        "if-none-match": "W/\"7f-spfP670KzvctD4fURewUkCKDTMQ\""
      },
      "remoteAddress": "::1",
      "remotePort": 49693
    }
    [35mcorrelationId[39m: "ui_gov_1774299119721"
    [35mcontext[39m: "LockdownService"
[13:52:00.184] [32mINFO[39m (11452): [36mrequest completed[39m
    [35mreq[39m: {
      "id": 28,
      "method": "GET",
      "url": "/api/governance/lockdown/status",
      "query": {},
      "params": {
        "path": [
          "governance",
          "lockdown",
          "status"
        ]
      },
      "headers": {
        "host": "localhost:3333",
        "connection": "keep-alive",
        "x-actor": "superadmin-fallback@quetzaltic.local",
        "sec-ch-ua-platform": "\"Windows\"",
        "authorization": "Bearer eyJhbGciOiJIUzI1NiIsInR5cCI6IkpXVCJ9.eyJzdWIiOiIwMDAwLTAwMDAtMDAwMCIsImVtYWlsIjoic3VwZXJhZG1pbi1mYWxsYmFja0BxdWV0emFsdGljLmxvY2FsIiwicm9sZSI6IkFETUlOIiwiZXhwIjoxNzc0MzcxODYwfQ.4R3n7nSywfFs_apkd-C8WOF1S-f_9w23vpYdhIqnLvU",
        "x-correlation-id": "ui_gov_1774299119721",
        "sec-ch-ua": "\"Chromium\";v=\"146\", \"Not-A.Brand\";v=\"24\", \"Brave\";v=\"146\"",
        "sec-ch-ua-mobile": "?0",
        "x-idempotency-key": "43bc3977-875d-41d7-8d59-426f665d95f8",
        "user-agent": "Mozilla/5.0 (Windows NT 10.0; Win64; x64) AppleWebKit/537.36 (KHTML, like Gecko) Chrome/146.0.0.0 Safari/537.36",
        "accept": "application/json, text/plain, */*",
        "content-type": "application/json",
        "sec-gpc": "1",
        "accept-language": "es-ES,es;q=0.7",
        "origin": "http://localhost:4200",
        "sec-fetch-site": "same-site",
        "sec-fetch-mode": "cors",
        "sec-fetch-dest": "empty",
        "referer": "http://localhost:4200/",
        "accept-encoding": "gzip, deflate, br, zstd",
        "if-none-match": "W/\"7f-spfP670KzvctD4fURewUkCKDTMQ\""
      },
      "remoteAddress": "::1",
      "remotePort": 49693
    }
    [35mcorrelationId[39m: "ui_gov_1774299119721"
    [35mres[39m: {
      "statusCode": 200,
      "headers": {
        "x-powered-by": "Express",
        "access-control-allow-origin": "*",
        "access-control-allow-credentials": "true",
        "x-correlation-id": "ui_gov_1774299119721",
        "content-type": "application/json; charset=utf-8",
        "content-length": "127",
        "etag": "W/\"7f-V20msd50zTo37nQKGzetu8HtSX0\""
      }
    }
    [35mresponseTime[39m: 454
[DEBUG] JWT Payload: {"sub":"0000-0000-0000","email":"superadmin-fallback@quetzaltic.local","role":"ADMIN","exp":1774371860}
[DEBUG] Authenticated Actor: superadmin-fallback@quetzaltic.local
[13:52:05.062] [33mWARN[39m (11452): [36mPrisma failure, falling back to Virtual Lockdown state[39m
    [35mreq[39m: {
      "id": 29,
      "method": "GET",
      "url": "/api/governance/lockdown/status",
      "query": {},
      "params": {
        "path": [
          "governance",
          "lockdown",
          "status"
        ]
      },
      "headers": {
        "host": "localhost:3333",
        "connection": "keep-alive",
        "x-actor": "superadmin-fallback@quetzaltic.local",
        "sec-ch-ua-platform": "\"Windows\"",
        "authorization": "Bearer eyJhbGciOiJIUzI1NiIsInR5cCI6IkpXVCJ9.eyJzdWIiOiIwMDAwLTAwMDAtMDAwMCIsImVtYWlsIjoic3VwZXJhZG1pbi1mYWxsYmFja0BxdWV0emFsdGljLmxvY2FsIiwicm9sZSI6IkFETUlOIiwiZXhwIjoxNzc0MzcxODYwfQ.4R3n7nSywfFs_apkd-C8WOF1S-f_9w23vpYdhIqnLvU",
        "x-correlation-id": "ui_gov_1774299124715",
        "sec-ch-ua": "\"Chromium\";v=\"146\", \"Not-A.Brand\";v=\"24\", \"Brave\";v=\"146\"",
        "sec-ch-ua-mobile": "?0",
        "x-idempotency-key": "e5dd6d09-6e90-44b3-9db2-74eefbcec42f",
        "user-agent": "Mozilla/5.0 (Windows NT 10.0; Win64; x64) AppleWebKit/537.36 (KHTML, like Gecko) Chrome/146.0.0.0 Safari/537.36",
        "accept": "application/json, text/plain, */*",
        "content-type": "application/json",
        "sec-gpc": "1",
        "accept-language": "es-ES,es;q=0.7",
        "origin": "http://localhost:4200",
        "sec-fetch-site": "same-site",
        "sec-fetch-mode": "cors",
        "sec-fetch-dest": "empty",
        "referer": "http://localhost:4200/",
        "accept-encoding": "gzip, deflate, br, zstd",
        "if-none-match": "W/\"7f-V20msd50zTo37nQKGzetu8HtSX0\""
      },
      "remoteAddress": "::1",
      "remotePort": 49693
    }
    [35mcorrelationId[39m: "ui_gov_1774299124715"
    [35mcontext[39m: "LockdownService"
[13:52:05.062] [32mINFO[39m (11452): [36mrequest completed[39m
    [35mreq[39m: {
      "id": 29,
      "method": "GET",
      "url": "/api/governance/lockdown/status",
      "query": {},
      "params": {
        "path": [
          "governance",
          "lockdown",
          "status"
        ]
      },
      "headers": {
        "host": "localhost:3333",
        "connection": "keep-alive",
        "x-actor": "superadmin-fallback@quetzaltic.local",
        "sec-ch-ua-platform": "\"Windows\"",
        "authorization": "Bearer eyJhbGciOiJIUzI1NiIsInR5cCI6IkpXVCJ9.eyJzdWIiOiIwMDAwLTAwMDAtMDAwMCIsImVtYWlsIjoic3VwZXJhZG1pbi1mYWxsYmFja0BxdWV0emFsdGljLmxvY2FsIiwicm9sZSI6IkFETUlOIiwiZXhwIjoxNzc0MzcxODYwfQ.4R3n7nSywfFs_apkd-C8WOF1S-f_9w23vpYdhIqnLvU",
        "x-correlation-id": "ui_gov_1774299124715",
        "sec-ch-ua": "\"Chromium\";v=\"146\", \"Not-A.Brand\";v=\"24\", \"Brave\";v=\"146\"",
        "sec-ch-ua-mobile": "?0",
        "x-idempotency-key": "e5dd6d09-6e90-44b3-9db2-74eefbcec42f",
        "user-agent": "Mozilla/5.0 (Windows NT 10.0; Win64; x64) AppleWebKit/537.36 (KHTML, like Gecko) Chrome/146.0.0.0 Safari/537.36",
        "accept": "application/json, text/plain, */*",
        "content-type": "application/json",
        "sec-gpc": "1",
        "accept-language": "es-ES,es;q=0.7",
        "origin": "http://localhost:4200",
        "sec-fetch-site": "same-site",
        "sec-fetch-mode": "cors",
        "sec-fetch-dest": "empty",
        "referer": "http://localhost:4200/",
        "accept-encoding": "gzip, deflate, br, zstd",
        "if-none-match": "W/\"7f-V20msd50zTo37nQKGzetu8HtSX0\""
      },
      "remoteAddress": "::1",
      "remotePort": 49693
    }
    [35mcorrelationId[39m: "ui_gov_1774299124715"
    [35mres[39m: {
      "statusCode": 200,
      "headers": {
        "x-powered-by": "Express",
        "access-control-allow-origin": "*",
        "access-control-allow-credentials": "true",
        "x-correlation-id": "ui_gov_1774299124715",
        "content-type": "application/json; charset=utf-8",
        "content-length": "127",
        "etag": "W/\"7f-uowfk2CQ4IoUoYVzuZAlIdNYpOk\""
      }
    }
    [35mresponseTime[39m: 340
[DEBUG] JWT Payload: {"sub":"0000-0000-0000","email":"superadmin-fallback@quetzaltic.local","role":"ADMIN","exp":1774371860}
[DEBUG] Authenticated Actor: superadmin-fallback@quetzaltic.local
[13:52:12.518] [33mWARN[39m (11452): [36mPrisma failure, falling back to Virtual Lockdown state[39m
    [35mreq[39m: {
      "id": 30,
      "method": "GET",
      "url": "/api/governance/lockdown/status",
      "query": {},
      "params": {
        "path": [
          "governance",
          "lockdown",
          "status"
        ]
      },
      "headers": {
        "host": "localhost:3333",
        "connection": "keep-alive",
        "x-actor": "superadmin-fallback@quetzaltic.local",
        "sec-ch-ua-platform": "\"Windows\"",
        "authorization": "Bearer eyJhbGciOiJIUzI1NiIsInR5cCI6IkpXVCJ9.eyJzdWIiOiIwMDAwLTAwMDAtMDAwMCIsImVtYWlsIjoic3VwZXJhZG1pbi1mYWxsYmFja0BxdWV0emFsdGljLmxvY2FsIiwicm9sZSI6IkFETUlOIiwiZXhwIjoxNzc0MzcxODYwfQ.4R3n7nSywfFs_apkd-C8WOF1S-f_9w23vpYdhIqnLvU",
        "x-correlation-id": "ui_gov_1774299129718",
        "sec-ch-ua": "\"Chromium\";v=\"146\", \"Not-A.Brand\";v=\"24\", \"Brave\";v=\"146\"",
        "sec-ch-ua-mobile": "?0",
        "x-idempotency-key": "460c07fb-2301-497d-a06c-d0e028590d2f",
        "user-agent": "Mozilla/5.0 (Windows NT 10.0; Win64; x64) AppleWebKit/537.36 (KHTML, like Gecko) Chrome/146.0.0.0 Safari/537.36",
        "accept": "application/json, text/plain, */*",
        "content-type": "application/json",
        "sec-gpc": "1",
        "accept-language": "es-ES,es;q=0.7",
        "origin": "http://localhost:4200",
        "sec-fetch-site": "same-site",
        "sec-fetch-mode": "cors",
        "sec-fetch-dest": "empty",
        "referer": "http://localhost:4200/",
        "accept-encoding": "gzip, deflate, br, zstd",
        "if-none-match": "W/\"7f-uowfk2CQ4IoUoYVzuZAlIdNYpOk\""
      },
      "remoteAddress": "::1",
      "remotePort": 58747
    }
    [35mcorrelationId[39m: "ui_gov_1774299129718"
    [35mcontext[39m: "LockdownService"
[13:52:12.519] [32mINFO[39m (11452): [36mrequest completed[39m
    [35mreq[39m: {
      "id": 30,
      "method": "GET",
      "url": "/api/governance/lockdown/status",
      "query": {},
      "params": {
        "path": [
          "governance",
          "lockdown",
          "status"
        ]
      },
      "headers": {
        "host": "localhost:3333",
        "connection": "keep-alive",
        "x-actor": "superadmin-fallback@quetzaltic.local",
        "sec-ch-ua-platform": "\"Windows\"",
        "authorization": "Bearer eyJhbGciOiJIUzI1NiIsInR5cCI6IkpXVCJ9.eyJzdWIiOiIwMDAwLTAwMDAtMDAwMCIsImVtYWlsIjoic3VwZXJhZG1pbi1mYWxsYmFja0BxdWV0emFsdGljLmxvY2FsIiwicm9sZSI6IkFETUlOIiwiZXhwIjoxNzc0MzcxODYwfQ.4R3n7nSywfFs_apkd-C8WOF1S-f_9w23vpYdhIqnLvU",
        "x-correlation-id": "ui_gov_1774299129718",
        "sec-ch-ua": "\"Chromium\";v=\"146\", \"Not-A.Brand\";v=\"24\", \"Brave\";v=\"146\"",
        "sec-ch-ua-mobile": "?0",
        "x-idempotency-key": "460c07fb-2301-497d-a06c-d0e028590d2f",
        "user-agent": "Mozilla/5.0 (Windows NT 10.0; Win64; x64) AppleWebKit/537.36 (KHTML, like Gecko) Chrome/146.0.0.0 Safari/537.36",
        "accept": "application/json, text/plain, */*",
        "content-type": "application/json",
        "sec-gpc": "1",
        "accept-language": "es-ES,es;q=0.7",
        "origin": "http://localhost:4200",
        "sec-fetch-site": "same-site",
        "sec-fetch-mode": "cors",
        "sec-fetch-dest": "empty",
        "referer": "http://localhost:4200/",
        "accept-encoding": "gzip, deflate, br, zstd",
        "if-none-match": "W/\"7f-uowfk2CQ4IoUoYVzuZAlIdNYpOk\""
      },
      "remoteAddress": "::1",
      "remotePort": 58747
    }
    [35mcorrelationId[39m: "ui_gov_1774299129718"
    [35mres[39m: {
      "statusCode": 200,
      "headers": {
        "x-powered-by": "Express",
        "access-control-allow-origin": "*",
        "access-control-allow-credentials": "true",
        "x-correlation-id": "ui_gov_1774299129718",
        "content-type": "application/json; charset=utf-8",
        "content-length": "127",
        "etag": "W/\"7f-VczTHmTnnoNm25dCvWTokQlmob8\""
      }
    }
    [35mresponseTime[39m: 503
[DEBUG] JWT Payload: {"sub":"0000-0000-0000","email":"superadmin-fallback@quetzaltic.local","role":"ADMIN","exp":1774371860}
[DEBUG] Authenticated Actor: superadmin-fallback@quetzaltic.local
[13:52:15.041] [33mWARN[39m (11452): [36mPrisma failure, falling back to Virtual Lockdown state[39m
    [35mreq[39m: {
      "id": 31,
      "method": "GET",
      "url": "/api/governance/lockdown/status",
      "query": {},
      "params": {
        "path": [
          "governance",
          "lockdown",
          "status"
        ]
      },
      "headers": {
        "host": "localhost:3333",
        "connection": "keep-alive",
        "x-actor": "superadmin-fallback@quetzaltic.local",
        "sec-ch-ua-platform": "\"Windows\"",
        "authorization": "Bearer eyJhbGciOiJIUzI1NiIsInR5cCI6IkpXVCJ9.eyJzdWIiOiIwMDAwLTAwMDAtMDAwMCIsImVtYWlsIjoic3VwZXJhZG1pbi1mYWxsYmFja0BxdWV0emFsdGljLmxvY2FsIiwicm9sZSI6IkFETUlOIiwiZXhwIjoxNzc0MzcxODYwfQ.4R3n7nSywfFs_apkd-C8WOF1S-f_9w23vpYdhIqnLvU",
        "x-correlation-id": "ui_gov_1774299134719",
        "sec-ch-ua": "\"Chromium\";v=\"146\", \"Not-A.Brand\";v=\"24\", \"Brave\";v=\"146\"",
        "sec-ch-ua-mobile": "?0",
        "x-idempotency-key": "a367c8ec-5f96-41c1-a139-5c8a0d04b539",
        "user-agent": "Mozilla/5.0 (Windows NT 10.0; Win64; x64) AppleWebKit/537.36 (KHTML, like Gecko) Chrome/146.0.0.0 Safari/537.36",
        "accept": "application/json, text/plain, */*",
        "content-type": "application/json",
        "sec-gpc": "1",
        "accept-language": "es-ES,es;q=0.7",
        "origin": "http://localhost:4200",
        "sec-fetch-site": "same-site",
        "sec-fetch-mode": "cors",
        "sec-fetch-dest": "empty",
        "referer": "http://localhost:4200/",
        "accept-encoding": "gzip, deflate, br, zstd",
        "if-none-match": "W/\"7f-VczTHmTnnoNm25dCvWTokQlmob8\""
      },
      "remoteAddress": "::1",
      "remotePort": 58747
    }
    [35mcorrelationId[39m: "ui_gov_1774299134719"
    [35mcontext[39m: "LockdownService"
[13:52:15.042] [32mINFO[39m (11452): [36mrequest completed[39m
    [35mreq[39m: {
      "id": 31,
      "method": "GET",
      "url": "/api/governance/lockdown/status",
      "query": {},
      "params": {
        "path": [
          "governance",
          "lockdown",
          "status"
        ]
      },
      "headers": {
        "host": "localhost:3333",
        "connection": "keep-alive",
        "x-actor": "superadmin-fallback@quetzaltic.local",
        "sec-ch-ua-platform": "\"Windows\"",
        "authorization": "Bearer eyJhbGciOiJIUzI1NiIsInR5cCI6IkpXVCJ9.eyJzdWIiOiIwMDAwLTAwMDAtMDAwMCIsImVtYWlsIjoic3VwZXJhZG1pbi1mYWxsYmFja0BxdWV0emFsdGljLmxvY2FsIiwicm9sZSI6IkFETUlOIiwiZXhwIjoxNzc0MzcxODYwfQ.4R3n7nSywfFs_apkd-C8WOF1S-f_9w23vpYdhIqnLvU",
        "x-correlation-id": "ui_gov_1774299134719",
        "sec-ch-ua": "\"Chromium\";v=\"146\", \"Not-A.Brand\";v=\"24\", \"Brave\";v=\"146\"",
        "sec-ch-ua-mobile": "?0",
        "x-idempotency-key": "a367c8ec-5f96-41c1-a139-5c8a0d04b539",
        "user-agent": "Mozilla/5.0 (Windows NT 10.0; Win64; x64) AppleWebKit/537.36 (KHTML, like Gecko) Chrome/146.0.0.0 Safari/537.36",
        "accept": "application/json, text/plain, */*",
        "content-type": "application/json",
        "sec-gpc": "1",
        "accept-language": "es-ES,es;q=0.7",
        "origin": "http://localhost:4200",
        "sec-fetch-site": "same-site",
        "sec-fetch-mode": "cors",
        "sec-fetch-dest": "empty",
        "referer": "http://localhost:4200/",
        "accept-encoding": "gzip, deflate, br, zstd",
        "if-none-match": "W/\"7f-VczTHmTnnoNm25dCvWTokQlmob8\""
      },
      "remoteAddress": "::1",
      "remotePort": 58747
    }
    [35mcorrelationId[39m: "ui_gov_1774299134719"
    [35mres[39m: {
      "statusCode": 200,
      "headers": {
        "x-powered-by": "Express",
        "access-control-allow-origin": "*",
        "access-control-allow-credentials": "true",
        "x-correlation-id": "ui_gov_1774299134719",
        "content-type": "application/json; charset=utf-8",
        "content-length": "127",
        "etag": "W/\"7f-+KiD1OY9sP2mjbUWjGMwL9nrMhw\""
      }
    }
    [35mresponseTime[39m: 315
[DEBUG] JWT Payload: {"sub":"0000-0000-0000","email":"superadmin-fallback@quetzaltic.local","role":"ADMIN","exp":1774371860}
[DEBUG] Authenticated Actor: superadmin-fallback@quetzaltic.local
[13:52:20.093] [33mWARN[39m (11452): [36mPrisma failure, falling back to Virtual Lockdown state[39m
    [35mreq[39m: {
      "id": 32,
      "method": "GET",
      "url": "/api/governance/lockdown/status",
      "query": {},
      "params": {
        "path": [
          "governance",
          "lockdown",
          "status"
        ]
      },
      "headers": {
        "host": "localhost:3333",
        "connection": "keep-alive",
        "x-actor": "superadmin-fallback@quetzaltic.local",
        "sec-ch-ua-platform": "\"Windows\"",
        "authorization": "Bearer eyJhbGciOiJIUzI1NiIsInR5cCI6IkpXVCJ9.eyJzdWIiOiIwMDAwLTAwMDAtMDAwMCIsImVtYWlsIjoic3VwZXJhZG1pbi1mYWxsYmFja0BxdWV0emFsdGljLmxvY2FsIiwicm9sZSI6IkFETUlOIiwiZXhwIjoxNzc0MzcxODYwfQ.4R3n7nSywfFs_apkd-C8WOF1S-f_9w23vpYdhIqnLvU",
        "x-correlation-id": "ui_gov_1774299139714",
        "sec-ch-ua": "\"Chromium\";v=\"146\", \"Not-A.Brand\";v=\"24\", \"Brave\";v=\"146\"",
        "sec-ch-ua-mobile": "?0",
        "x-idempotency-key": "50defb8a-23c0-4f4c-88b0-ac04165d395e",
        "user-agent": "Mozilla/5.0 (Windows NT 10.0; Win64; x64) AppleWebKit/537.36 (KHTML, like Gecko) Chrome/146.0.0.0 Safari/537.36",
        "accept": "application/json, text/plain, */*",
        "content-type": "application/json",
        "sec-gpc": "1",
        "accept-language": "es-ES,es;q=0.7",
        "origin": "http://localhost:4200",
        "sec-fetch-site": "same-site",
        "sec-fetch-mode": "cors",
        "sec-fetch-dest": "empty",
        "referer": "http://localhost:4200/",
        "accept-encoding": "gzip, deflate, br, zstd",
        "if-none-match": "W/\"7f-+KiD1OY9sP2mjbUWjGMwL9nrMhw\""
      },
      "remoteAddress": "::1",
      "remotePort": 58747
    }
    [35mcorrelationId[39m: "ui_gov_1774299139714"
    [35mcontext[39m: "LockdownService"
[13:52:20.093] [32mINFO[39m (11452): [36mrequest completed[39m
    [35mreq[39m: {
      "id": 32,
      "method": "GET",
      "url": "/api/governance/lockdown/status",
      "query": {},
      "params": {
        "path": [
          "governance",
          "lockdown",
          "status"
        ]
      },
      "headers": {
        "host": "localhost:3333",
        "connection": "keep-alive",
        "x-actor": "superadmin-fallback@quetzaltic.local",
        "sec-ch-ua-platform": "\"Windows\"",
        "authorization": "Bearer eyJhbGciOiJIUzI1NiIsInR5cCI6IkpXVCJ9.eyJzdWIiOiIwMDAwLTAwMDAtMDAwMCIsImVtYWlsIjoic3VwZXJhZG1pbi1mYWxsYmFja0BxdWV0emFsdGljLmxvY2FsIiwicm9sZSI6IkFETUlOIiwiZXhwIjoxNzc0MzcxODYwfQ.4R3n7nSywfFs_apkd-C8WOF1S-f_9w23vpYdhIqnLvU",
        "x-correlation-id": "ui_gov_1774299139714",
        "sec-ch-ua": "\"Chromium\";v=\"146\", \"Not-A.Brand\";v=\"24\", \"Brave\";v=\"146\"",
        "sec-ch-ua-mobile": "?0",
        "x-idempotency-key": "50defb8a-23c0-4f4c-88b0-ac04165d395e",
        "user-agent": "Mozilla/5.0 (Windows NT 10.0; Win64; x64) AppleWebKit/537.36 (KHTML, like Gecko) Chrome/146.0.0.0 Safari/537.36",
        "accept": "application/json, text/plain, */*",
        "content-type": "application/json",
        "sec-gpc": "1",
        "accept-language": "es-ES,es;q=0.7",
        "origin": "http://localhost:4200",
        "sec-fetch-site": "same-site",
        "sec-fetch-mode": "cors",
        "sec-fetch-dest": "empty",
        "referer": "http://localhost:4200/",
        "accept-encoding": "gzip, deflate, br, zstd",
        "if-none-match": "W/\"7f-+KiD1OY9sP2mjbUWjGMwL9nrMhw\""
      },
      "remoteAddress": "::1",
      "remotePort": 58747
    }
    [35mcorrelationId[39m: "ui_gov_1774299139714"
    [35mres[39m: {
      "statusCode": 200,
      "headers": {
        "x-powered-by": "Express",
        "access-control-allow-origin": "*",
        "access-control-allow-credentials": "true",
        "x-correlation-id": "ui_gov_1774299139714",
        "content-type": "application/json; charset=utf-8",
        "content-length": "127",
        "etag": "W/\"7f-aangXlgjq3v5Az7dBx5hqSX6VJg\""
      }
    }
    [35mresponseTime[39m: 367
[DEBUG] JWT Payload: {"sub":"0000-0000-0000","email":"superadmin-fallback@quetzaltic.local","role":"ADMIN","exp":1774371860}
[DEBUG] Authenticated Actor: superadmin-fallback@quetzaltic.local
[13:52:25.043] [33mWARN[39m (11452): [36mPrisma failure, falling back to Virtual Lockdown state[39m
    [35mreq[39m: {
      "id": 33,
      "method": "GET",
      "url": "/api/governance/lockdown/status",
      "query": {},
      "params": {
        "path": [
          "governance",
          "lockdown",
          "status"
        ]
      },
      "headers": {
        "host": "localhost:3333",
        "connection": "keep-alive",
        "x-actor": "superadmin-fallback@quetzaltic.local",
        "sec-ch-ua-platform": "\"Windows\"",
        "authorization": "Bearer eyJhbGciOiJIUzI1NiIsInR5cCI6IkpXVCJ9.eyJzdWIiOiIwMDAwLTAwMDAtMDAwMCIsImVtYWlsIjoic3VwZXJhZG1pbi1mYWxsYmFja0BxdWV0emFsdGljLmxvY2FsIiwicm9sZSI6IkFETUlOIiwiZXhwIjoxNzc0MzcxODYwfQ.4R3n7nSywfFs_apkd-C8WOF1S-f_9w23vpYdhIqnLvU",
        "x-correlation-id": "ui_gov_1774299144714",
        "sec-ch-ua": "\"Chromium\";v=\"146\", \"Not-A.Brand\";v=\"24\", \"Brave\";v=\"146\"",
        "sec-ch-ua-mobile": "?0",
        "x-idempotency-key": "c07e5998-4a61-4bf9-94f9-0f33ba4eb340",
        "user-agent": "Mozilla/5.0 (Windows NT 10.0; Win64; x64) AppleWebKit/537.36 (KHTML, like Gecko) Chrome/146.0.0.0 Safari/537.36",
        "accept": "application/json, text/plain, */*",
        "content-type": "application/json",
        "sec-gpc": "1",
        "accept-language": "es-ES,es;q=0.7",
        "origin": "http://localhost:4200",
        "sec-fetch-site": "same-site",
        "sec-fetch-mode": "cors",
        "sec-fetch-dest": "empty",
        "referer": "http://localhost:4200/",
        "accept-encoding": "gzip, deflate, br, zstd",
        "if-none-match": "W/\"7f-aangXlgjq3v5Az7dBx5hqSX6VJg\""
      },
      "remoteAddress": "::1",
      "remotePort": 58747
    }
    [35mcorrelationId[39m: "ui_gov_1774299144714"
    [35mcontext[39m: "LockdownService"
[13:52:25.044] [32mINFO[39m (11452): [36mrequest completed[39m
    [35mreq[39m: {
      "id": 33,
      "method": "GET",
      "url": "/api/governance/lockdown/status",
      "query": {},
      "params": {
        "path": [
          "governance",
          "lockdown",
          "status"
        ]
      },
      "headers": {
        "host": "localhost:3333",
        "connection": "keep-alive",
        "x-actor": "superadmin-fallback@quetzaltic.local",
        "sec-ch-ua-platform": "\"Windows\"",
        "authorization": "Bearer eyJhbGciOiJIUzI1NiIsInR5cCI6IkpXVCJ9.eyJzdWIiOiIwMDAwLTAwMDAtMDAwMCIsImVtYWlsIjoic3VwZXJhZG1pbi1mYWxsYmFja0BxdWV0emFsdGljLmxvY2FsIiwicm9sZSI6IkFETUlOIiwiZXhwIjoxNzc0MzcxODYwfQ.4R3n7nSywfFs_apkd-C8WOF1S-f_9w23vpYdhIqnLvU",
        "x-correlation-id": "ui_gov_1774299144714",
        "sec-ch-ua": "\"Chromium\";v=\"146\", \"Not-A.Brand\";v=\"24\", \"Brave\";v=\"146\"",
        "sec-ch-ua-mobile": "?0",
        "x-idempotency-key": "c07e5998-4a61-4bf9-94f9-0f33ba4eb340",
        "user-agent": "Mozilla/5.0 (Windows NT 10.0; Win64; x64) AppleWebKit/537.36 (KHTML, like Gecko) Chrome/146.0.0.0 Safari/537.36",
        "accept": "application/json, text/plain, */*",
        "content-type": "application/json",
        "sec-gpc": "1",
        "accept-language": "es-ES,es;q=0.7",
        "origin": "http://localhost:4200",
        "sec-fetch-site": "same-site",
        "sec-fetch-mode": "cors",
        "sec-fetch-dest": "empty",
        "referer": "http://localhost:4200/",
        "accept-encoding": "gzip, deflate, br, zstd",
        "if-none-match": "W/\"7f-aangXlgjq3v5Az7dBx5hqSX6VJg\""
      },
      "remoteAddress": "::1",
      "remotePort": 58747
    }
    [35mcorrelationId[39m: "ui_gov_1774299144714"
    [35mres[39m: {
      "statusCode": 200,
      "headers": {
        "x-powered-by": "Express",
        "access-control-allow-origin": "*",
        "access-control-allow-credentials": "true",
        "x-correlation-id": "ui_gov_1774299144714",
        "content-type": "application/json; charset=utf-8",
        "content-length": "127",
        "etag": "W/\"7f-U8+qGgOs5VPmhVX01rcfrqZBLFo\""
      }
    }
    [35mresponseTime[39m: 322
[DEBUG] JWT Payload: {"sub":"0000-0000-0000","email":"superadmin-fallback@quetzaltic.local","role":"ADMIN","exp":1774371860}
[DEBUG] Authenticated Actor: superadmin-fallback@quetzaltic.local
[13:52:30.060] [33mWARN[39m (11452): [36mPrisma failure, falling back to Virtual Lockdown state[39m
    [35mreq[39m: {
      "id": 34,
      "method": "GET",
      "url": "/api/governance/lockdown/status",
      "query": {},
      "params": {
        "path": [
          "governance",
          "lockdown",
          "status"
        ]
      },
      "headers": {
        "host": "localhost:3333",
        "connection": "keep-alive",
        "x-actor": "superadmin-fallback@quetzaltic.local",
        "sec-ch-ua-platform": "\"Windows\"",
        "authorization": "Bearer eyJhbGciOiJIUzI1NiIsInR5cCI6IkpXVCJ9.eyJzdWIiOiIwMDAwLTAwMDAtMDAwMCIsImVtYWlsIjoic3VwZXJhZG1pbi1mYWxsYmFja0BxdWV0emFsdGljLmxvY2FsIiwicm9sZSI6IkFETUlOIiwiZXhwIjoxNzc0MzcxODYwfQ.4R3n7nSywfFs_apkd-C8WOF1S-f_9w23vpYdhIqnLvU",
        "x-correlation-id": "ui_gov_1774299149715",
        "sec-ch-ua": "\"Chromium\";v=\"146\", \"Not-A.Brand\";v=\"24\", \"Brave\";v=\"146\"",
        "sec-ch-ua-mobile": "?0",
        "x-idempotency-key": "46145f5a-329b-4b75-b379-b8f0e57b16da",
        "user-agent": "Mozilla/5.0 (Windows NT 10.0; Win64; x64) AppleWebKit/537.36 (KHTML, like Gecko) Chrome/146.0.0.0 Safari/537.36",
        "accept": "application/json, text/plain, */*",
        "content-type": "application/json",
        "sec-gpc": "1",
        "accept-language": "es-ES,es;q=0.7",
        "origin": "http://localhost:4200",
        "sec-fetch-site": "same-site",
        "sec-fetch-mode": "cors",
        "sec-fetch-dest": "empty",
        "referer": "http://localhost:4200/",
        "accept-encoding": "gzip, deflate, br, zstd",
        "if-none-match": "W/\"7f-U8+qGgOs5VPmhVX01rcfrqZBLFo\""
      },
      "remoteAddress": "::1",
      "remotePort": 58747
    }
    [35mcorrelationId[39m: "ui_gov_1774299149715"
    [35mcontext[39m: "LockdownService"
[13:52:30.061] [32mINFO[39m (11452): [36mrequest completed[39m
    [35mreq[39m: {
      "id": 34,
      "method": "GET",
      "url": "/api/governance/lockdown/status",
      "query": {},
      "params": {
        "path": [
          "governance",
          "lockdown",
          "status"
        ]
      },
      "headers": {
        "host": "localhost:3333",
        "connection": "keep-alive",
        "x-actor": "superadmin-fallback@quetzaltic.local",
        "sec-ch-ua-platform": "\"Windows\"",
        "authorization": "Bearer eyJhbGciOiJIUzI1NiIsInR5cCI6IkpXVCJ9.eyJzdWIiOiIwMDAwLTAwMDAtMDAwMCIsImVtYWlsIjoic3VwZXJhZG1pbi1mYWxsYmFja0BxdWV0emFsdGljLmxvY2FsIiwicm9sZSI6IkFETUlOIiwiZXhwIjoxNzc0MzcxODYwfQ.4R3n7nSywfFs_apkd-C8WOF1S-f_9w23vpYdhIqnLvU",
        "x-correlation-id": "ui_gov_1774299149715",
        "sec-ch-ua": "\"Chromium\";v=\"146\", \"Not-A.Brand\";v=\"24\", \"Brave\";v=\"146\"",
        "sec-ch-ua-mobile": "?0",
        "x-idempotency-key": "46145f5a-329b-4b75-b379-b8f0e57b16da",
        "user-agent": "Mozilla/5.0 (Windows NT 10.0; Win64; x64) AppleWebKit/537.36 (KHTML, like Gecko) Chrome/146.0.0.0 Safari/537.36",
        "accept": "application/json, text/plain, */*",
        "content-type": "application/json",
        "sec-gpc": "1",
        "accept-language": "es-ES,es;q=0.7",
        "origin": "http://localhost:4200",
        "sec-fetch-site": "same-site",
        "sec-fetch-mode": "cors",
        "sec-fetch-dest": "empty",
        "referer": "http://localhost:4200/",
        "accept-encoding": "gzip, deflate, br, zstd",
        "if-none-match": "W/\"7f-U8+qGgOs5VPmhVX01rcfrqZBLFo\""
      },
      "remoteAddress": "::1",
      "remotePort": 58747
    }
    [35mcorrelationId[39m: "ui_gov_1774299149715"
    [35mres[39m: {
      "statusCode": 200,
      "headers": {
        "x-powered-by": "Express",
        "access-control-allow-origin": "*",
        "access-control-allow-credentials": "true",
        "x-correlation-id": "ui_gov_1774299149715",
        "content-type": "application/json; charset=utf-8",
        "content-length": "127",
        "etag": "W/\"7f-eb6eYbpIAri5kXrjMsBeTKqlMSY\""
      }
    }
    [35mresponseTime[39m: 335
[DEBUG] JWT Payload: {"sub":"0000-0000-0000","email":"superadmin-fallback@quetzaltic.local","role":"ADMIN","exp":1774371860}
[DEBUG] Authenticated Actor: superadmin-fallback@quetzaltic.local
[13:52:35.047] [33mWARN[39m (11452): [36mPrisma failure, falling back to Virtual Lockdown state[39m
    [35mreq[39m: {
      "id": 35,
      "method": "GET",
      "url": "/api/governance/lockdown/status",
      "query": {},
      "params": {
        "path": [
          "governance",
          "lockdown",
          "status"
        ]
      },
      "headers": {
        "host": "localhost:3333",
        "connection": "keep-alive",
        "x-actor": "superadmin-fallback@quetzaltic.local",
        "sec-ch-ua-platform": "\"Windows\"",
        "authorization": "Bearer eyJhbGciOiJIUzI1NiIsInR5cCI6IkpXVCJ9.eyJzdWIiOiIwMDAwLTAwMDAtMDAwMCIsImVtYWlsIjoic3VwZXJhZG1pbi1mYWxsYmFja0BxdWV0emFsdGljLmxvY2FsIiwicm9sZSI6IkFETUlOIiwiZXhwIjoxNzc0MzcxODYwfQ.4R3n7nSywfFs_apkd-C8WOF1S-f_9w23vpYdhIqnLvU",
        "x-correlation-id": "ui_gov_1774299154717",
        "sec-ch-ua": "\"Chromium\";v=\"146\", \"Not-A.Brand\";v=\"24\", \"Brave\";v=\"146\"",
        "sec-ch-ua-mobile": "?0",
        "x-idempotency-key": "d2d000e9-6817-47af-b689-aaf4697beae1",
        "user-agent": "Mozilla/5.0 (Windows NT 10.0; Win64; x64) AppleWebKit/537.36 (KHTML, like Gecko) Chrome/146.0.0.0 Safari/537.36",
        "accept": "application/json, text/plain, */*",
        "content-type": "application/json",
        "sec-gpc": "1",
        "accept-language": "es-ES,es;q=0.7",
        "origin": "http://localhost:4200",
        "sec-fetch-site": "same-site",
        "sec-fetch-mode": "cors",
        "sec-fetch-dest": "empty",
        "referer": "http://localhost:4200/",
        "accept-encoding": "gzip, deflate, br, zstd",
        "if-none-match": "W/\"7f-eb6eYbpIAri5kXrjMsBeTKqlMSY\""
      },
      "remoteAddress": "::1",
      "remotePort": 58747
    }
    [35mcorrelationId[39m: "ui_gov_1774299154717"
    [35mcontext[39m: "LockdownService"
[13:52:35.047] [32mINFO[39m (11452): [36mrequest completed[39m
    [35mreq[39m: {
      "id": 35,
      "method": "GET",
      "url": "/api/governance/lockdown/status",
      "query": {},
      "params": {
        "path": [
          "governance",
          "lockdown",
          "status"
        ]
      },
      "headers": {
        "host": "localhost:3333",
        "connection": "keep-alive",
        "x-actor": "superadmin-fallback@quetzaltic.local",
        "sec-ch-ua-platform": "\"Windows\"",
        "authorization": "Bearer eyJhbGciOiJIUzI1NiIsInR5cCI6IkpXVCJ9.eyJzdWIiOiIwMDAwLTAwMDAtMDAwMCIsImVtYWlsIjoic3VwZXJhZG1pbi1mYWxsYmFja0BxdWV0emFsdGljLmxvY2FsIiwicm9sZSI6IkFETUlOIiwiZXhwIjoxNzc0MzcxODYwfQ.4R3n7nSywfFs_apkd-C8WOF1S-f_9w23vpYdhIqnLvU",
        "x-correlation-id": "ui_gov_1774299154717",
        "sec-ch-ua": "\"Chromium\";v=\"146\", \"Not-A.Brand\";v=\"24\", \"Brave\";v=\"146\"",
        "sec-ch-ua-mobile": "?0",
        "x-idempotency-key": "d2d000e9-6817-47af-b689-aaf4697beae1",
        "user-agent": "Mozilla/5.0 (Windows NT 10.0; Win64; x64) AppleWebKit/537.36 (KHTML, like Gecko) Chrome/146.0.0.0 Safari/537.36",
        "accept": "application/json, text/plain, */*",
        "content-type": "application/json",
        "sec-gpc": "1",
        "accept-language": "es-ES,es;q=0.7",
        "origin": "http://localhost:4200",
        "sec-fetch-site": "same-site",
        "sec-fetch-mode": "cors",
        "sec-fetch-dest": "empty",
        "referer": "http://localhost:4200/",
        "accept-encoding": "gzip, deflate, br, zstd",
        "if-none-match": "W/\"7f-eb6eYbpIAri5kXrjMsBeTKqlMSY\""
      },
      "remoteAddress": "::1",
      "remotePort": 58747
    }
    [35mcorrelationId[39m: "ui_gov_1774299154717"
    [35mres[39m: {
      "statusCode": 200,
      "headers": {
        "x-powered-by": "Express",
        "access-control-allow-origin": "*",
        "access-control-allow-credentials": "true",
        "x-correlation-id": "ui_gov_1774299154717",
        "content-type": "application/json; charset=utf-8",
        "content-length": "127",
        "etag": "W/\"7f-CPNQfMx9f1NN6t5brJtIt9Tm7sc\""
      }
    }
    [35mresponseTime[39m: 322
[DEBUG] JWT Payload: {"sub":"0000-0000-0000","email":"superadmin-fallback@quetzaltic.local","role":"ADMIN","exp":1774371860}
[DEBUG] Authenticated Actor: superadmin-fallback@quetzaltic.local
[13:52:40.068] [33mWARN[39m (11452): [36mPrisma failure, falling back to Virtual Lockdown state[39m
    [35mreq[39m: {
      "id": 36,
      "method": "GET",
      "url": "/api/governance/lockdown/status",
      "query": {},
      "params": {
        "path": [
          "governance",
          "lockdown",
          "status"
        ]
      },
      "headers": {
        "host": "localhost:3333",
        "connection": "keep-alive",
        "x-actor": "superadmin-fallback@quetzaltic.local",
        "sec-ch-ua-platform": "\"Windows\"",
        "authorization": "Bearer eyJhbGciOiJIUzI1NiIsInR5cCI6IkpXVCJ9.eyJzdWIiOiIwMDAwLTAwMDAtMDAwMCIsImVtYWlsIjoic3VwZXJhZG1pbi1mYWxsYmFja0BxdWV0emFsdGljLmxvY2FsIiwicm9sZSI6IkFETUlOIiwiZXhwIjoxNzc0MzcxODYwfQ.4R3n7nSywfFs_apkd-C8WOF1S-f_9w23vpYdhIqnLvU",
        "x-correlation-id": "ui_gov_1774299159728",
        "sec-ch-ua": "\"Chromium\";v=\"146\", \"Not-A.Brand\";v=\"24\", \"Brave\";v=\"146\"",
        "sec-ch-ua-mobile": "?0",
        "x-idempotency-key": "cbd8fd1e-94af-46ae-bb68-295e9360843a",
        "user-agent": "Mozilla/5.0 (Windows NT 10.0; Win64; x64) AppleWebKit/537.36 (KHTML, like Gecko) Chrome/146.0.0.0 Safari/537.36",
        "accept": "application/json, text/plain, */*",
        "content-type": "application/json",
        "sec-gpc": "1",
        "accept-language": "es-ES,es;q=0.7",
        "origin": "http://localhost:4200",
        "sec-fetch-site": "same-site",
        "sec-fetch-mode": "cors",
        "sec-fetch-dest": "empty",
        "referer": "http://localhost:4200/",
        "accept-encoding": "gzip, deflate, br, zstd",
        "if-none-match": "W/\"7f-CPNQfMx9f1NN6t5brJtIt9Tm7sc\""
      },
      "remoteAddress": "::1",
      "remotePort": 58747
    }
    [35mcorrelationId[39m: "ui_gov_1774299159728"
    [35mcontext[39m: "LockdownService"
[13:52:40.069] [32mINFO[39m (11452): [36mrequest completed[39m
    [35mreq[39m: {
      "id": 36,
      "method": "GET",
      "url": "/api/governance/lockdown/status",
      "query": {},
      "params": {
        "path": [
          "governance",
          "lockdown",
          "status"
        ]
      },
      "headers": {
        "host": "localhost:3333",
        "connection": "keep-alive",
        "x-actor": "superadmin-fallback@quetzaltic.local",
        "sec-ch-ua-platform": "\"Windows\"",
        "authorization": "Bearer eyJhbGciOiJIUzI1NiIsInR5cCI6IkpXVCJ9.eyJzdWIiOiIwMDAwLTAwMDAtMDAwMCIsImVtYWlsIjoic3VwZXJhZG1pbi1mYWxsYmFja0BxdWV0emFsdGljLmxvY2FsIiwicm9sZSI6IkFETUlOIiwiZXhwIjoxNzc0MzcxODYwfQ.4R3n7nSywfFs_apkd-C8WOF1S-f_9w23vpYdhIqnLvU",
        "x-correlation-id": "ui_gov_1774299159728",
        "sec-ch-ua": "\"Chromium\";v=\"146\", \"Not-A.Brand\";v=\"24\", \"Brave\";v=\"146\"",
        "sec-ch-ua-mobile": "?0",
        "x-idempotency-key": "cbd8fd1e-94af-46ae-bb68-295e9360843a",
        "user-agent": "Mozilla/5.0 (Windows NT 10.0; Win64; x64) AppleWebKit/537.36 (KHTML, like Gecko) Chrome/146.0.0.0 Safari/537.36",
        "accept": "application/json, text/plain, */*",
        "content-type": "application/json",
        "sec-gpc": "1",
        "accept-language": "es-ES,es;q=0.7",
        "origin": "http://localhost:4200",
        "sec-fetch-site": "same-site",
        "sec-fetch-mode": "cors",
        "sec-fetch-dest": "empty",
        "referer": "http://localhost:4200/",
        "accept-encoding": "gzip, deflate, br, zstd",
        "if-none-match": "W/\"7f-CPNQfMx9f1NN6t5brJtIt9Tm7sc\""
      },
      "remoteAddress": "::1",
      "remotePort": 58747
    }
    [35mcorrelationId[39m: "ui_gov_1774299159728"
    [35mres[39m: {
      "statusCode": 200,
      "headers": {
        "x-powered-by": "Express",
        "access-control-allow-origin": "*",
        "access-control-allow-credentials": "true",
        "x-correlation-id": "ui_gov_1774299159728",
        "content-type": "application/json; charset=utf-8",
        "content-length": "127",
        "etag": "W/\"7f-Sj+4imcrhIa8r2jXisPOa+7TAbQ\""
      }
    }
    [35mresponseTime[39m: 331
[DEBUG] JWT Payload: {"sub":"0000-0000-0000","email":"superadmin-fallback@quetzaltic.local","role":"ADMIN","exp":1774371860}
[DEBUG] Authenticated Actor: superadmin-fallback@quetzaltic.local
[13:52:45.077] [33mWARN[39m (11452): [36mPrisma failure, falling back to Virtual Lockdown state[39m
    [35mreq[39m: {
      "id": 37,
      "method": "GET",
      "url": "/api/governance/lockdown/status",
      "query": {},
      "params": {
        "path": [
          "governance",
          "lockdown",
          "status"
        ]
      },
      "headers": {
        "host": "localhost:3333",
        "connection": "keep-alive",
        "x-actor": "superadmin-fallback@quetzaltic.local",
        "sec-ch-ua-platform": "\"Windows\"",
        "authorization": "Bearer eyJhbGciOiJIUzI1NiIsInR5cCI6IkpXVCJ9.eyJzdWIiOiIwMDAwLTAwMDAtMDAwMCIsImVtYWlsIjoic3VwZXJhZG1pbi1mYWxsYmFja0BxdWV0emFsdGljLmxvY2FsIiwicm9sZSI6IkFETUlOIiwiZXhwIjoxNzc0MzcxODYwfQ.4R3n7nSywfFs_apkd-C8WOF1S-f_9w23vpYdhIqnLvU",
        "x-correlation-id": "ui_gov_1774299164728",
        "sec-ch-ua": "\"Chromium\";v=\"146\", \"Not-A.Brand\";v=\"24\", \"Brave\";v=\"146\"",
        "sec-ch-ua-mobile": "?0",
        "x-idempotency-key": "31f58d4c-99d6-41a7-a4e9-4ef3b85a8baf",
        "user-agent": "Mozilla/5.0 (Windows NT 10.0; Win64; x64) AppleWebKit/537.36 (KHTML, like Gecko) Chrome/146.0.0.0 Safari/537.36",
        "accept": "application/json, text/plain, */*",
        "content-type": "application/json",
        "sec-gpc": "1",
        "accept-language": "es-ES,es;q=0.7",
        "origin": "http://localhost:4200",
        "sec-fetch-site": "same-site",
        "sec-fetch-mode": "cors",
        "sec-fetch-dest": "empty",
        "referer": "http://localhost:4200/",
        "accept-encoding": "gzip, deflate, br, zstd",
        "if-none-match": "W/\"7f-Sj+4imcrhIa8r2jXisPOa+7TAbQ\""
      },
      "remoteAddress": "::1",
      "remotePort": 58747
    }
    [35mcorrelationId[39m: "ui_gov_1774299164728"
    [35mcontext[39m: "LockdownService"
[13:52:45.078] [32mINFO[39m (11452): [36mrequest completed[39m
    [35mreq[39m: {
      "id": 37,
      "method": "GET",
      "url": "/api/governance/lockdown/status",
      "query": {},
      "params": {
        "path": [
          "governance",
          "lockdown",
          "status"
        ]
      },
      "headers": {
        "host": "localhost:3333",
        "connection": "keep-alive",
        "x-actor": "superadmin-fallback@quetzaltic.local",
        "sec-ch-ua-platform": "\"Windows\"",
        "authorization": "Bearer eyJhbGciOiJIUzI1NiIsInR5cCI6IkpXVCJ9.eyJzdWIiOiIwMDAwLTAwMDAtMDAwMCIsImVtYWlsIjoic3VwZXJhZG1pbi1mYWxsYmFja0BxdWV0emFsdGljLmxvY2FsIiwicm9sZSI6IkFETUlOIiwiZXhwIjoxNzc0MzcxODYwfQ.4R3n7nSywfFs_apkd-C8WOF1S-f_9w23vpYdhIqnLvU",
        "x-correlation-id": "ui_gov_1774299164728",
        "sec-ch-ua": "\"Chromium\";v=\"146\", \"Not-A.Brand\";v=\"24\", \"Brave\";v=\"146\"",
        "sec-ch-ua-mobile": "?0",
        "x-idempotency-key": "31f58d4c-99d6-41a7-a4e9-4ef3b85a8baf",
        "user-agent": "Mozilla/5.0 (Windows NT 10.0; Win64; x64) AppleWebKit/537.36 (KHTML, like Gecko) Chrome/146.0.0.0 Safari/537.36",
        "accept": "application/json, text/plain, */*",
        "content-type": "application/json",
        "sec-gpc": "1",
        "accept-language": "es-ES,es;q=0.7",
        "origin": "http://localhost:4200",
        "sec-fetch-site": "same-site",
        "sec-fetch-mode": "cors",
        "sec-fetch-dest": "empty",
        "referer": "http://localhost:4200/",
        "accept-encoding": "gzip, deflate, br, zstd",
        "if-none-match": "W/\"7f-Sj+4imcrhIa8r2jXisPOa+7TAbQ\""
      },
      "remoteAddress": "::1",
      "remotePort": 58747
    }
    [35mcorrelationId[39m: "ui_gov_1774299164728"
    [35mres[39m: {
      "statusCode": 200,
      "headers": {
        "x-powered-by": "Express",
        "access-control-allow-origin": "*",
        "access-control-allow-credentials": "true",
        "x-correlation-id": "ui_gov_1774299164728",
        "content-type": "application/json; charset=utf-8",
        "content-length": "127",
        "etag": "W/\"7f-Eh4EC1GjXsIbgQRtyrntmszNZhE\""
      }
    }
    [35mresponseTime[39m: 342
[DEBUG] JWT Payload: {"sub":"0000-0000-0000","email":"superadmin-fallback@quetzaltic.local","role":"ADMIN","exp":1774371860}
[DEBUG] Authenticated Actor: superadmin-fallback@quetzaltic.local
[13:52:50.045] [33mWARN[39m (11452): [36mPrisma failure, falling back to Virtual Lockdown state[39m
    [35mreq[39m: {
      "id": 38,
      "method": "GET",
      "url": "/api/governance/lockdown/status",
      "query": {},
      "params": {
        "path": [
          "governance",
          "lockdown",
          "status"
        ]
      },
      "headers": {
        "host": "localhost:3333",
        "connection": "keep-alive",
        "x-actor": "superadmin-fallback@quetzaltic.local",
        "sec-ch-ua-platform": "\"Windows\"",
        "authorization": "Bearer eyJhbGciOiJIUzI1NiIsInR5cCI6IkpXVCJ9.eyJzdWIiOiIwMDAwLTAwMDAtMDAwMCIsImVtYWlsIjoic3VwZXJhZG1pbi1mYWxsYmFja0BxdWV0emFsdGljLmxvY2FsIiwicm9sZSI6IkFETUlOIiwiZXhwIjoxNzc0MzcxODYwfQ.4R3n7nSywfFs_apkd-C8WOF1S-f_9w23vpYdhIqnLvU",
        "x-correlation-id": "ui_gov_1774299169715",
        "sec-ch-ua": "\"Chromium\";v=\"146\", \"Not-A.Brand\";v=\"24\", \"Brave\";v=\"146\"",
        "sec-ch-ua-mobile": "?0",
        "x-idempotency-key": "5a487dd0-a3cc-406f-9bb9-6777d3699d90",
        "user-agent": "Mozilla/5.0 (Windows NT 10.0; Win64; x64) AppleWebKit/537.36 (KHTML, like Gecko) Chrome/146.0.0.0 Safari/537.36",
        "accept": "application/json, text/plain, */*",
        "content-type": "application/json",
        "sec-gpc": "1",
        "accept-language": "es-ES,es;q=0.7",
        "origin": "http://localhost:4200",
        "sec-fetch-site": "same-site",
        "sec-fetch-mode": "cors",
        "sec-fetch-dest": "empty",
        "referer": "http://localhost:4200/",
        "accept-encoding": "gzip, deflate, br, zstd",
        "if-none-match": "W/\"7f-Eh4EC1GjXsIbgQRtyrntmszNZhE\""
      },
      "remoteAddress": "::1",
      "remotePort": 58747
    }
    [35mcorrelationId[39m: "ui_gov_1774299169715"
    [35mcontext[39m: "LockdownService"
[13:52:50.046] [32mINFO[39m (11452): [36mrequest completed[39m
    [35mreq[39m: {
      "id": 38,
      "method": "GET",
      "url": "/api/governance/lockdown/status",
      "query": {},
      "params": {
        "path": [
          "governance",
          "lockdown",
          "status"
        ]
      },
      "headers": {
        "host": "localhost:3333",
        "connection": "keep-alive",
        "x-actor": "superadmin-fallback@quetzaltic.local",
        "sec-ch-ua-platform": "\"Windows\"",
        "authorization": "Bearer eyJhbGciOiJIUzI1NiIsInR5cCI6IkpXVCJ9.eyJzdWIiOiIwMDAwLTAwMDAtMDAwMCIsImVtYWlsIjoic3VwZXJhZG1pbi1mYWxsYmFja0BxdWV0emFsdGljLmxvY2FsIiwicm9sZSI6IkFETUlOIiwiZXhwIjoxNzc0MzcxODYwfQ.4R3n7nSywfFs_apkd-C8WOF1S-f_9w23vpYdhIqnLvU",
        "x-correlation-id": "ui_gov_1774299169715",
        "sec-ch-ua": "\"Chromium\";v=\"146\", \"Not-A.Brand\";v=\"24\", \"Brave\";v=\"146\"",
        "sec-ch-ua-mobile": "?0",
        "x-idempotency-key": "5a487dd0-a3cc-406f-9bb9-6777d3699d90",
        "user-agent": "Mozilla/5.0 (Windows NT 10.0; Win64; x64) AppleWebKit/537.36 (KHTML, like Gecko) Chrome/146.0.0.0 Safari/537.36",
        "accept": "application/json, text/plain, */*",
        "content-type": "application/json",
        "sec-gpc": "1",
        "accept-language": "es-ES,es;q=0.7",
        "origin": "http://localhost:4200",
        "sec-fetch-site": "same-site",
        "sec-fetch-mode": "cors",
        "sec-fetch-dest": "empty",
        "referer": "http://localhost:4200/",
        "accept-encoding": "gzip, deflate, br, zstd",
        "if-none-match": "W/\"7f-Eh4EC1GjXsIbgQRtyrntmszNZhE\""
      },
      "remoteAddress": "::1",
      "remotePort": 58747
    }
    [35mcorrelationId[39m: "ui_gov_1774299169715"
    [35mres[39m: {
      "statusCode": 200,
      "headers": {
        "x-powered-by": "Express",
        "access-control-allow-origin": "*",
        "access-control-allow-credentials": "true",
        "x-correlation-id": "ui_gov_1774299169715",
        "content-type": "application/json; charset=utf-8",
        "content-length": "127",
        "etag": "W/\"7f-kHzmTQCikN/F/zbl8QeE0DZjz8o\""
      }
    }
    [35mresponseTime[39m: 323
[DEBUG] JWT Payload: {"sub":"0000-0000-0000","email":"superadmin-fallback@quetzaltic.local","role":"ADMIN","exp":1774371860}
[DEBUG] Authenticated Actor: superadmin-fallback@quetzaltic.local
[13:52:55.108] [33mWARN[39m (11452): [36mPrisma failure, falling back to Virtual Lockdown state[39m
    [35mreq[39m: {
      "id": 39,
      "method": "GET",
      "url": "/api/governance/lockdown/status",
      "query": {},
      "params": {
        "path": [
          "governance",
          "lockdown",
          "status"
        ]
      },
      "headers": {
        "host": "localhost:3333",
        "connection": "keep-alive",
        "x-actor": "superadmin-fallback@quetzaltic.local",
        "sec-ch-ua-platform": "\"Windows\"",
        "authorization": "Bearer eyJhbGciOiJIUzI1NiIsInR5cCI6IkpXVCJ9.eyJzdWIiOiIwMDAwLTAwMDAtMDAwMCIsImVtYWlsIjoic3VwZXJhZG1pbi1mYWxsYmFja0BxdWV0emFsdGljLmxvY2FsIiwicm9sZSI6IkFETUlOIiwiZXhwIjoxNzc0MzcxODYwfQ.4R3n7nSywfFs_apkd-C8WOF1S-f_9w23vpYdhIqnLvU",
        "x-correlation-id": "ui_gov_1774299174728",
        "sec-ch-ua": "\"Chromium\";v=\"146\", \"Not-A.Brand\";v=\"24\", \"Brave\";v=\"146\"",
        "sec-ch-ua-mobile": "?0",
        "x-idempotency-key": "d65e832b-e78e-4ecc-928b-2bcea7adebf7",
        "user-agent": "Mozilla/5.0 (Windows NT 10.0; Win64; x64) AppleWebKit/537.36 (KHTML, like Gecko) Chrome/146.0.0.0 Safari/537.36",
        "accept": "application/json, text/plain, */*",
        "content-type": "application/json",
        "sec-gpc": "1",
        "accept-language": "es-ES,es;q=0.7",
        "origin": "http://localhost:4200",
        "sec-fetch-site": "same-site",
        "sec-fetch-mode": "cors",
        "sec-fetch-dest": "empty",
        "referer": "http://localhost:4200/",
        "accept-encoding": "gzip, deflate, br, zstd",
        "if-none-match": "W/\"7f-kHzmTQCikN/F/zbl8QeE0DZjz8o\""
      },
      "remoteAddress": "::1",
      "remotePort": 58747
    }
    [35mcorrelationId[39m: "ui_gov_1774299174728"
    [35mcontext[39m: "LockdownService"
[13:52:55.109] [32mINFO[39m (11452): [36mrequest completed[39m
    [35mreq[39m: {
      "id": 39,
      "method": "GET",
      "url": "/api/governance/lockdown/status",
      "query": {},
      "params": {
        "path": [
          "governance",
          "lockdown",
          "status"
        ]
      },
      "headers": {
        "host": "localhost:3333",
        "connection": "keep-alive",
        "x-actor": "superadmin-fallback@quetzaltic.local",
        "sec-ch-ua-platform": "\"Windows\"",
        "authorization": "Bearer eyJhbGciOiJIUzI1NiIsInR5cCI6IkpXVCJ9.eyJzdWIiOiIwMDAwLTAwMDAtMDAwMCIsImVtYWlsIjoic3VwZXJhZG1pbi1mYWxsYmFja0BxdWV0emFsdGljLmxvY2FsIiwicm9sZSI6IkFETUlOIiwiZXhwIjoxNzc0MzcxODYwfQ.4R3n7nSywfFs_apkd-C8WOF1S-f_9w23vpYdhIqnLvU",
        "x-correlation-id": "ui_gov_1774299174728",
        "sec-ch-ua": "\"Chromium\";v=\"146\", \"Not-A.Brand\";v=\"24\", \"Brave\";v=\"146\"",
        "sec-ch-ua-mobile": "?0",
        "x-idempotency-key": "d65e832b-e78e-4ecc-928b-2bcea7adebf7",
        "user-agent": "Mozilla/5.0 (Windows NT 10.0; Win64; x64) AppleWebKit/537.36 (KHTML, like Gecko) Chrome/146.0.0.0 Safari/537.36",
        "accept": "application/json, text/plain, */*",
        "content-type": "application/json",
        "sec-gpc": "1",
        "accept-language": "es-ES,es;q=0.7",
        "origin": "http://localhost:4200",
        "sec-fetch-site": "same-site",
        "sec-fetch-mode": "cors",
        "sec-fetch-dest": "empty",
        "referer": "http://localhost:4200/",
        "accept-encoding": "gzip, deflate, br, zstd",
        "if-none-match": "W/\"7f-kHzmTQCikN/F/zbl8QeE0DZjz8o\""
      },
      "remoteAddress": "::1",
      "remotePort": 58747
    }
    [35mcorrelationId[39m: "ui_gov_1774299174728"
    [35mres[39m: {
      "statusCode": 200,
      "headers": {
        "x-powered-by": "Express",
        "access-control-allow-origin": "*",
        "access-control-allow-credentials": "true",
        "x-correlation-id": "ui_gov_1774299174728",
        "content-type": "application/json; charset=utf-8",
        "content-length": "127",
        "etag": "W/\"7f-i8DvPjzWmtDli1uU1ExYtv8mdkk\""
      }
    }
    [35mresponseTime[39m: 369
[DEBUG] JWT Payload: {"sub":"0000-0000-0000","email":"superadmin-fallback@quetzaltic.local","role":"ADMIN","exp":1774371860}
[DEBUG] Authenticated Actor: superadmin-fallback@quetzaltic.local
[13:53:16.173] [33mWARN[39m (11452): [36mPrisma failure, falling back to Virtual Lockdown state[39m
    [35mreq[39m: {
      "id": 40,
      "method": "GET",
      "url": "/api/governance/lockdown/status",
      "query": {},
      "params": {
        "path": [
          "governance",
          "lockdown",
          "status"
        ]
      },
      "headers": {
        "host": "localhost:3333",
        "connection": "keep-alive",
        "x-actor": "superadmin-fallback@quetzaltic.local",
        "sec-ch-ua-platform": "\"Windows\"",
        "authorization": "Bearer eyJhbGciOiJIUzI1NiIsInR5cCI6IkpXVCJ9.eyJzdWIiOiIwMDAwLTAwMDAtMDAwMCIsImVtYWlsIjoic3VwZXJhZG1pbi1mYWxsYmFja0BxdWV0emFsdGljLmxvY2FsIiwicm9sZSI6IkFETUlOIiwiZXhwIjoxNzc0MzcxODYwfQ.4R3n7nSywfFs_apkd-C8WOF1S-f_9w23vpYdhIqnLvU",
        "x-correlation-id": "ui_gov_1774299195726",
        "sec-ch-ua": "\"Chromium\";v=\"146\", \"Not-A.Brand\";v=\"24\", \"Brave\";v=\"146\"",
        "sec-ch-ua-mobile": "?0",
        "x-idempotency-key": "bf73407c-9da8-4ce5-a3a1-7358df8ea6bf",
        "user-agent": "Mozilla/5.0 (Windows NT 10.0; Win64; x64) AppleWebKit/537.36 (KHTML, like Gecko) Chrome/146.0.0.0 Safari/537.36",
        "accept": "application/json, text/plain, */*",
        "content-type": "application/json",
        "sec-gpc": "1",
        "accept-language": "es-ES,es;q=0.7",
        "origin": "http://localhost:4200",
        "sec-fetch-site": "same-site",
        "sec-fetch-mode": "cors",
        "sec-fetch-dest": "empty",
        "referer": "http://localhost:4200/",
        "accept-encoding": "gzip, deflate, br, zstd",
        "if-none-match": "W/\"7f-i8DvPjzWmtDli1uU1ExYtv8mdkk\""
      },
      "remoteAddress": "::1",
      "remotePort": 63376
    }
    [35mcorrelationId[39m: "ui_gov_1774299195726"
    [35mcontext[39m: "LockdownService"
[13:53:16.174] [32mINFO[39m (11452): [36mrequest completed[39m
    [35mreq[39m: {
      "id": 40,
      "method": "GET",
      "url": "/api/governance/lockdown/status",
      "query": {},
      "params": {
        "path": [
          "governance",
          "lockdown",
          "status"
        ]
      },
      "headers": {
        "host": "localhost:3333",
        "connection": "keep-alive",
        "x-actor": "superadmin-fallback@quetzaltic.local",
        "sec-ch-ua-platform": "\"Windows\"",
        "authorization": "Bearer eyJhbGciOiJIUzI1NiIsInR5cCI6IkpXVCJ9.eyJzdWIiOiIwMDAwLTAwMDAtMDAwMCIsImVtYWlsIjoic3VwZXJhZG1pbi1mYWxsYmFja0BxdWV0emFsdGljLmxvY2FsIiwicm9sZSI6IkFETUlOIiwiZXhwIjoxNzc0MzcxODYwfQ.4R3n7nSywfFs_apkd-C8WOF1S-f_9w23vpYdhIqnLvU",
        "x-correlation-id": "ui_gov_1774299195726",
        "sec-ch-ua": "\"Chromium\";v=\"146\", \"Not-A.Brand\";v=\"24\", \"Brave\";v=\"146\"",
        "sec-ch-ua-mobile": "?0",
        "x-idempotency-key": "bf73407c-9da8-4ce5-a3a1-7358df8ea6bf",
        "user-agent": "Mozilla/5.0 (Windows NT 10.0; Win64; x64) AppleWebKit/537.36 (KHTML, like Gecko) Chrome/146.0.0.0 Safari/537.36",
        "accept": "application/json, text/plain, */*",
        "content-type": "application/json",
        "sec-gpc": "1",
        "accept-language": "es-ES,es;q=0.7",
        "origin": "http://localhost:4200",
        "sec-fetch-site": "same-site",
        "sec-fetch-mode": "cors",
        "sec-fetch-dest": "empty",
        "referer": "http://localhost:4200/",
        "accept-encoding": "gzip, deflate, br, zstd",
        "if-none-match": "W/\"7f-i8DvPjzWmtDli1uU1ExYtv8mdkk\""
      },
      "remoteAddress": "::1",
      "remotePort": 63376
    }
    [35mcorrelationId[39m: "ui_gov_1774299195726"
    [35mres[39m: {
      "statusCode": 200,
      "headers": {
        "x-powered-by": "Express",
        "access-control-allow-origin": "*",
        "access-control-allow-credentials": "true",
        "x-correlation-id": "ui_gov_1774299195726",
        "content-type": "application/json; charset=utf-8",
        "content-length": "127",
        "etag": "W/\"7f-K4crE9uof4rpmennZKlLqFvpOVs\""
      }
    }
    [35mresponseTime[39m: 413
[DEBUG] JWT Payload: {"sub":"0000-0000-0000","email":"superadmin-fallback@quetzaltic.local","role":"ADMIN","exp":1774371860}
[DEBUG] Authenticated Actor: superadmin-fallback@quetzaltic.local
[13:54:16.785] [33mWARN[39m (11452): [36mPrisma failure, falling back to Virtual Lockdown state[39m
    [35mreq[39m: {
      "id": 41,
      "method": "GET",
      "url": "/api/governance/lockdown/status",
      "query": {},
      "params": {
        "path": [
          "governance",
          "lockdown",
          "status"
        ]
      },
      "headers": {
        "host": "localhost:3333",
        "connection": "keep-alive",
        "x-actor": "superadmin-fallback@quetzaltic.local",
        "sec-ch-ua-platform": "\"Windows\"",
        "authorization": "Bearer eyJhbGciOiJIUzI1NiIsInR5cCI6IkpXVCJ9.eyJzdWIiOiIwMDAwLTAwMDAtMDAwMCIsImVtYWlsIjoic3VwZXJhZG1pbi1mYWxsYmFja0BxdWV0emFsdGljLmxvY2FsIiwicm9sZSI6IkFETUlOIiwiZXhwIjoxNzc0MzcxODYwfQ.4R3n7nSywfFs_apkd-C8WOF1S-f_9w23vpYdhIqnLvU",
        "x-correlation-id": "ui_gov_1774299255735",
        "sec-ch-ua": "\"Chromium\";v=\"146\", \"Not-A.Brand\";v=\"24\", \"Brave\";v=\"146\"",
        "sec-ch-ua-mobile": "?0",
        "x-idempotency-key": "3f92a461-3af7-43f8-95c8-594804029b73",
        "user-agent": "Mozilla/5.0 (Windows NT 10.0; Win64; x64) AppleWebKit/537.36 (KHTML, like Gecko) Chrome/146.0.0.0 Safari/537.36",
        "accept": "application/json, text/plain, */*",
        "content-type": "application/json",
        "sec-gpc": "1",
        "accept-language": "es-ES,es;q=0.7",
        "origin": "http://localhost:4200",
        "sec-fetch-site": "same-site",
        "sec-fetch-mode": "cors",
        "sec-fetch-dest": "empty",
        "referer": "http://localhost:4200/",
        "accept-encoding": "gzip, deflate, br, zstd",
        "if-none-match": "W/\"7f-K4crE9uof4rpmennZKlLqFvpOVs\""
      },
      "remoteAddress": "::1",
      "remotePort": 60998
    }
    [35mcorrelationId[39m: "ui_gov_1774299255735"
    [35mcontext[39m: "LockdownService"
[13:54:16.799] [32mINFO[39m (11452): [36mrequest completed[39m
    [35mreq[39m: {
      "id": 41,
      "method": "GET",
      "url": "/api/governance/lockdown/status",
      "query": {},
      "params": {
        "path": [
          "governance",
          "lockdown",
          "status"
        ]
      },
      "headers": {
        "host": "localhost:3333",
        "connection": "keep-alive",
        "x-actor": "superadmin-fallback@quetzaltic.local",
        "sec-ch-ua-platform": "\"Windows\"",
        "authorization": "Bearer eyJhbGciOiJIUzI1NiIsInR5cCI6IkpXVCJ9.eyJzdWIiOiIwMDAwLTAwMDAtMDAwMCIsImVtYWlsIjoic3VwZXJhZG1pbi1mYWxsYmFja0BxdWV0emFsdGljLmxvY2FsIiwicm9sZSI6IkFETUlOIiwiZXhwIjoxNzc0MzcxODYwfQ.4R3n7nSywfFs_apkd-C8WOF1S-f_9w23vpYdhIqnLvU",
        "x-correlation-id": "ui_gov_1774299255735",
        "sec-ch-ua": "\"Chromium\";v=\"146\", \"Not-A.Brand\";v=\"24\", \"Brave\";v=\"146\"",
        "sec-ch-ua-mobile": "?0",
        "x-idempotency-key": "3f92a461-3af7-43f8-95c8-594804029b73",
        "user-agent": "Mozilla/5.0 (Windows NT 10.0; Win64; x64) AppleWebKit/537.36 (KHTML, like Gecko) Chrome/146.0.0.0 Safari/537.36",
        "accept": "application/json, text/plain, */*",
        "content-type": "application/json",
        "sec-gpc": "1",
        "accept-language": "es-ES,es;q=0.7",
        "origin": "http://localhost:4200",
        "sec-fetch-site": "same-site",
        "sec-fetch-mode": "cors",
        "sec-fetch-dest": "empty",
        "referer": "http://localhost:4200/",
        "accept-encoding": "gzip, deflate, br, zstd",
        "if-none-match": "W/\"7f-K4crE9uof4rpmennZKlLqFvpOVs\""
      },
      "remoteAddress": "::1",
      "remotePort": 60998
    }
    [35mcorrelationId[39m: "ui_gov_1774299255735"
    [35mres[39m: {
      "statusCode": 200,
      "headers": {
        "x-powered-by": "Express",
        "access-control-allow-origin": "*",
        "access-control-allow-credentials": "true",
        "x-correlation-id": "ui_gov_1774299255735",
        "content-type": "application/json; charset=utf-8",
        "content-length": "127",
        "etag": "W/\"7f-UBRvX2s0Qxh50jJOgVZOUEG8i7c\""
      }
    }
    [35mresponseTime[39m: 845
[DEBUG] JWT Payload: {"sub":"0000-0000-0000","email":"superadmin-fallback@quetzaltic.local","role":"ADMIN","exp":1774371860}
[DEBUG] Authenticated Actor: superadmin-fallback@quetzaltic.local
[DEBUG] JWT Payload: {"sub":"0000-0000-0000","email":"superadmin-fallback@quetzaltic.local","role":"ADMIN","exp":1774371860}
[DEBUG] Authenticated Actor: superadmin-fallback@quetzaltic.local
[13:55:14.757] [33mWARN[39m (11452): [36mPrisma failure, falling back to Virtual Lockdown state[39m
    [35mreq[39m: {
      "id": 42,
      "method": "GET",
      "url": "/api/governance/lockdown/status",
      "query": {},
      "params": {
        "path": [
          "governance",
          "lockdown",
          "status"
        ]
      },
      "headers": {
        "host": "localhost:3333",
        "connection": "keep-alive",
        "x-actor": "superadmin-fallback@quetzaltic.local",
        "sec-ch-ua-platform": "\"Windows\"",
        "authorization": "Bearer eyJhbGciOiJIUzI1NiIsInR5cCI6IkpXVCJ9.eyJzdWIiOiIwMDAwLTAwMDAtMDAwMCIsImVtYWlsIjoic3VwZXJhZG1pbi1mYWxsYmFja0BxdWV0emFsdGljLmxvY2FsIiwicm9sZSI6IkFETUlOIiwiZXhwIjoxNzc0MzcxODYwfQ.4R3n7nSywfFs_apkd-C8WOF1S-f_9w23vpYdhIqnLvU",
        "x-correlation-id": "ui_gov_1774299313540",
        "sec-ch-ua": "\"Chromium\";v=\"146\", \"Not-A.Brand\";v=\"24\", \"Brave\";v=\"146\"",
        "sec-ch-ua-mobile": "?0",
        "x-idempotency-key": "5cc5f752-b810-481a-a5ec-30f03c2a032c",
        "user-agent": "Mozilla/5.0 (Windows NT 10.0; Win64; x64) AppleWebKit/537.36 (KHTML, like Gecko) Chrome/146.0.0.0 Safari/537.36",
        "accept": "application/json, text/plain, */*",
        "content-type": "application/json",
        "sec-gpc": "1",
        "accept-language": "es-ES,es;q=0.7",
        "origin": "http://localhost:4200",
        "sec-fetch-site": "same-site",
        "sec-fetch-mode": "cors",
        "sec-fetch-dest": "empty",
        "referer": "http://localhost:4200/",
        "accept-encoding": "gzip, deflate, br, zstd",
        "if-none-match": "W/\"7f-UBRvX2s0Qxh50jJOgVZOUEG8i7c\""
      },
      "remoteAddress": "::1",
      "remotePort": 58194
    }
    [35mcorrelationId[39m: "ui_gov_1774299313540"
    [35mcontext[39m: "LockdownService"
[13:55:14.772] [32mINFO[39m (11452): [36mrequest completed[39m
    [35mreq[39m: {
      "id": 42,
      "method": "GET",
      "url": "/api/governance/lockdown/status",
      "query": {},
      "params": {
        "path": [
          "governance",
          "lockdown",
          "status"
        ]
      },
      "headers": {
        "host": "localhost:3333",
        "connection": "keep-alive",
        "x-actor": "superadmin-fallback@quetzaltic.local",
        "sec-ch-ua-platform": "\"Windows\"",
        "authorization": "Bearer eyJhbGciOiJIUzI1NiIsInR5cCI6IkpXVCJ9.eyJzdWIiOiIwMDAwLTAwMDAtMDAwMCIsImVtYWlsIjoic3VwZXJhZG1pbi1mYWxsYmFja0BxdWV0emFsdGljLmxvY2FsIiwicm9sZSI6IkFETUlOIiwiZXhwIjoxNzc0MzcxODYwfQ.4R3n7nSywfFs_apkd-C8WOF1S-f_9w23vpYdhIqnLvU",
        "x-correlation-id": "ui_gov_1774299313540",
        "sec-ch-ua": "\"Chromium\";v=\"146\", \"Not-A.Brand\";v=\"24\", \"Brave\";v=\"146\"",
        "sec-ch-ua-mobile": "?0",
        "x-idempotency-key": "5cc5f752-b810-481a-a5ec-30f03c2a032c",
        "user-agent": "Mozilla/5.0 (Windows NT 10.0; Win64; x64) AppleWebKit/537.36 (KHTML, like Gecko) Chrome/146.0.0.0 Safari/537.36",
        "accept": "application/json, text/plain, */*",
        "content-type": "application/json",
        "sec-gpc": "1",
        "accept-language": "es-ES,es;q=0.7",
        "origin": "http://localhost:4200",
        "sec-fetch-site": "same-site",
        "sec-fetch-mode": "cors",
        "sec-fetch-dest": "empty",
        "referer": "http://localhost:4200/",
        "accept-encoding": "gzip, deflate, br, zstd",
        "if-none-match": "W/\"7f-UBRvX2s0Qxh50jJOgVZOUEG8i7c\""
      },
      "remoteAddress": "::1",
      "remotePort": 58194
    }
    [35mcorrelationId[39m: "ui_gov_1774299313540"
    [35mres[39m: {
      "statusCode": 200,
      "headers": {
        "x-powered-by": "Express",
        "access-control-allow-origin": "*",
        "access-control-allow-credentials": "true",
        "x-correlation-id": "ui_gov_1774299313540",
        "content-type": "application/json; charset=utf-8",
        "content-length": "127",
        "etag": "W/\"7f-D6OU3M4cCmU6O7fMjDHSFSKNgWI\""
      }
    }
    [35mresponseTime[39m: 771
[13:55:15.130] [33mWARN[39m (11452): [36mPrisma failure, falling back to Virtual Lockdown state[39m
    [35mreq[39m: {
      "id": 43,
      "method": "GET",
      "url": "/api/governance/lockdown/status",
      "query": {},
      "params": {
        "path": [
          "governance",
          "lockdown",
          "status"
        ]
      },
      "headers": {
        "host": "localhost:3333",
        "connection": "keep-alive",
        "x-actor": "superadmin-fallback@quetzaltic.local",
        "sec-ch-ua-platform": "\"Windows\"",
        "authorization": "Bearer eyJhbGciOiJIUzI1NiIsInR5cCI6IkpXVCJ9.eyJzdWIiOiIwMDAwLTAwMDAtMDAwMCIsImVtYWlsIjoic3VwZXJhZG1pbi1mYWxsYmFja0BxdWV0emFsdGljLmxvY2FsIiwicm9sZSI6IkFETUlOIiwiZXhwIjoxNzc0MzcxODYwfQ.4R3n7nSywfFs_apkd-C8WOF1S-f_9w23vpYdhIqnLvU",
        "x-correlation-id": "ui_gov_1774299313840",
        "sec-ch-ua": "\"Chromium\";v=\"146\", \"Not-A.Brand\";v=\"24\", \"Brave\";v=\"146\"",
        "sec-ch-ua-mobile": "?0",
        "x-idempotency-key": "9cc6e7af-5fa0-44b5-ab4c-c6751608e48c",
        "user-agent": "Mozilla/5.0 (Windows NT 10.0; Win64; x64) AppleWebKit/537.36 (KHTML, like Gecko) Chrome/146.0.0.0 Safari/537.36",
        "accept": "application/json, text/plain, */*",
        "content-type": "application/json",
        "sec-gpc": "1",
        "accept-language": "es-ES,es;q=0.7",
        "origin": "http://localhost:4200",
        "sec-fetch-site": "same-site",
        "sec-fetch-mode": "cors",
        "sec-fetch-dest": "empty",
        "referer": "http://localhost:4200/",
        "accept-encoding": "gzip, deflate, br, zstd",
        "if-none-match": "W/\"7f-D6OU3M4cCmU6O7fMjDHSFSKNgWI\""
      },
      "remoteAddress": "::1",
      "remotePort": 58194
    }
    [35mcorrelationId[39m: "ui_gov_1774299313840"
    [35mcontext[39m: "LockdownService"
[13:55:15.136] [32mINFO[39m (11452): [36mrequest completed[39m
    [35mreq[39m: {
      "id": 43,
      "method": "GET",
      "url": "/api/governance/lockdown/status",
      "query": {},
      "params": {
        "path": [
          "governance",
          "lockdown",
          "status"
        ]
      },
      "headers": {
        "host": "localhost:3333",
        "connection": "keep-alive",
        "x-actor": "superadmin-fallback@quetzaltic.local",
        "sec-ch-ua-platform": "\"Windows\"",
        "authorization": "Bearer eyJhbGciOiJIUzI1NiIsInR5cCI6IkpXVCJ9.eyJzdWIiOiIwMDAwLTAwMDAtMDAwMCIsImVtYWlsIjoic3VwZXJhZG1pbi1mYWxsYmFja0BxdWV0emFsdGljLmxvY2FsIiwicm9sZSI6IkFETUlOIiwiZXhwIjoxNzc0MzcxODYwfQ.4R3n7nSywfFs_apkd-C8WOF1S-f_9w23vpYdhIqnLvU",
        "x-correlation-id": "ui_gov_1774299313840",
        "sec-ch-ua": "\"Chromium\";v=\"146\", \"Not-A.Brand\";v=\"24\", \"Brave\";v=\"146\"",
        "sec-ch-ua-mobile": "?0",
        "x-idempotency-key": "9cc6e7af-5fa0-44b5-ab4c-c6751608e48c",
        "user-agent": "Mozilla/5.0 (Windows NT 10.0; Win64; x64) AppleWebKit/537.36 (KHTML, like Gecko) Chrome/146.0.0.0 Safari/537.36",
        "accept": "application/json, text/plain, */*",
        "content-type": "application/json",
        "sec-gpc": "1",
        "accept-language": "es-ES,es;q=0.7",
        "origin": "http://localhost:4200",
        "sec-fetch-site": "same-site",
        "sec-fetch-mode": "cors",
        "sec-fetch-dest": "empty",
        "referer": "http://localhost:4200/",
        "accept-encoding": "gzip, deflate, br, zstd",
        "if-none-match": "W/\"7f-D6OU3M4cCmU6O7fMjDHSFSKNgWI\""
      },
      "remoteAddress": "::1",
      "remotePort": 58194
    }
    [35mcorrelationId[39m: "ui_gov_1774299313840"
    [35mres[39m: {
      "statusCode": 200,
      "headers": {
        "x-powered-by": "Express",
        "access-control-allow-origin": "*",
        "access-control-allow-credentials": "true",
        "x-correlation-id": "ui_gov_1774299313840",
        "content-type": "application/json; charset=utf-8",
        "content-length": "127",
        "etag": "W/\"7f-VUy58jpkxbc9KcjS6y2K+nVFFeo\""
      }
    }
    [35mresponseTime[39m: 351
[DEBUG] JWT Payload: {"sub":"0000-0000-0000","email":"superadmin-fallback@quetzaltic.local","role":"ADMIN","exp":1774371860}
[DEBUG] Authenticated Actor: superadmin-fallback@quetzaltic.local
[13:55:20.078] [33mWARN[39m (11452): [36mPrisma failure, falling back to Virtual Lockdown state[39m
    [35mreq[39m: {
      "id": 44,
      "method": "GET",
      "url": "/api/governance/lockdown/status",
      "query": {},
      "params": {
        "path": [
          "governance",
          "lockdown",
          "status"
        ]
      },
      "headers": {
        "host": "localhost:3333",
        "connection": "keep-alive",
        "x-actor": "superadmin-fallback@quetzaltic.local",
        "sec-ch-ua-platform": "\"Windows\"",
        "authorization": "Bearer eyJhbGciOiJIUzI1NiIsInR5cCI6IkpXVCJ9.eyJzdWIiOiIwMDAwLTAwMDAtMDAwMCIsImVtYWlsIjoic3VwZXJhZG1pbi1mYWxsYmFja0BxdWV0emFsdGljLmxvY2FsIiwicm9sZSI6IkFETUlOIiwiZXhwIjoxNzc0MzcxODYwfQ.4R3n7nSywfFs_apkd-C8WOF1S-f_9w23vpYdhIqnLvU",
        "x-correlation-id": "ui_gov_1774299319725",
        "sec-ch-ua": "\"Chromium\";v=\"146\", \"Not-A.Brand\";v=\"24\", \"Brave\";v=\"146\"",
        "sec-ch-ua-mobile": "?0",
        "x-idempotency-key": "27a879e1-dbca-4a89-bd07-3c1dc6704505",
        "user-agent": "Mozilla/5.0 (Windows NT 10.0; Win64; x64) AppleWebKit/537.36 (KHTML, like Gecko) Chrome/146.0.0.0 Safari/537.36",
        "accept": "application/json, text/plain, */*",
        "content-type": "application/json",
        "sec-gpc": "1",
        "accept-language": "es-ES,es;q=0.7",
        "origin": "http://localhost:4200",
        "sec-fetch-site": "same-site",
        "sec-fetch-mode": "cors",
        "sec-fetch-dest": "empty",
        "referer": "http://localhost:4200/",
        "accept-encoding": "gzip, deflate, br, zstd",
        "if-none-match": "W/\"7f-VUy58jpkxbc9KcjS6y2K+nVFFeo\""
      },
      "remoteAddress": "::1",
      "remotePort": 58194
    }
    [35mcorrelationId[39m: "ui_gov_1774299319725"
    [35mcontext[39m: "LockdownService"
[13:55:20.081] [32mINFO[39m (11452): [36mrequest completed[39m
    [35mreq[39m: {
      "id": 44,
      "method": "GET",
      "url": "/api/governance/lockdown/status",
      "query": {},
      "params": {
        "path": [
          "governance",
          "lockdown",
          "status"
        ]
      },
      "headers": {
        "host": "localhost:3333",
        "connection": "keep-alive",
        "x-actor": "superadmin-fallback@quetzaltic.local",
        "sec-ch-ua-platform": "\"Windows\"",
        "authorization": "Bearer eyJhbGciOiJIUzI1NiIsInR5cCI6IkpXVCJ9.eyJzdWIiOiIwMDAwLTAwMDAtMDAwMCIsImVtYWlsIjoic3VwZXJhZG1pbi1mYWxsYmFja0BxdWV0emFsdGljLmxvY2FsIiwicm9sZSI6IkFETUlOIiwiZXhwIjoxNzc0MzcxODYwfQ.4R3n7nSywfFs_apkd-C8WOF1S-f_9w23vpYdhIqnLvU",
        "x-correlation-id": "ui_gov_1774299319725",
        "sec-ch-ua": "\"Chromium\";v=\"146\", \"Not-A.Brand\";v=\"24\", \"Brave\";v=\"146\"",
        "sec-ch-ua-mobile": "?0",
        "x-idempotency-key": "27a879e1-dbca-4a89-bd07-3c1dc6704505",
        "user-agent": "Mozilla/5.0 (Windows NT 10.0; Win64; x64) AppleWebKit/537.36 (KHTML, like Gecko) Chrome/146.0.0.0 Safari/537.36",
        "accept": "application/json, text/plain, */*",
        "content-type": "application/json",
        "sec-gpc": "1",
        "accept-language": "es-ES,es;q=0.7",
        "origin": "http://localhost:4200",
        "sec-fetch-site": "same-site",
        "sec-fetch-mode": "cors",
        "sec-fetch-dest": "empty",
        "referer": "http://localhost:4200/",
        "accept-encoding": "gzip, deflate, br, zstd",
        "if-none-match": "W/\"7f-VUy58jpkxbc9KcjS6y2K+nVFFeo\""
      },
      "remoteAddress": "::1",
      "remotePort": 58194
    }
    [35mcorrelationId[39m: "ui_gov_1774299319725"
    [35mres[39m: {
      "statusCode": 200,
      "headers": {
        "x-powered-by": "Express",
        "access-control-allow-origin": "*",
        "access-control-allow-credentials": "true",
        "x-correlation-id": "ui_gov_1774299319725",
        "content-type": "application/json; charset=utf-8",
        "content-length": "127",
        "etag": "W/\"7f-e2Cfe2rLE+asQ0q0gyI+S+tDW5c\""
      }
    }
    [35mresponseTime[39m: 346
[DEBUG] JWT Payload: {"sub":"0000-0000-0000","email":"superadmin-fallback@quetzaltic.local","role":"ADMIN","exp":1774371860}
[DEBUG] Authenticated Actor: superadmin-fallback@quetzaltic.local
[13:55:25.140] [33mWARN[39m (11452): [36mPrisma failure, falling back to Virtual Lockdown state[39m
    [35mreq[39m: {
      "id": 45,
      "method": "GET",
      "url": "/api/governance/lockdown/status",
      "query": {},
      "params": {
        "path": [
          "governance",
          "lockdown",
          "status"
        ]
      },
      "headers": {
        "host": "localhost:3333",
        "connection": "keep-alive",
        "x-actor": "superadmin-fallback@quetzaltic.local",
        "sec-ch-ua-platform": "\"Windows\"",
        "authorization": "Bearer eyJhbGciOiJIUzI1NiIsInR5cCI6IkpXVCJ9.eyJzdWIiOiIwMDAwLTAwMDAtMDAwMCIsImVtYWlsIjoic3VwZXJhZG1pbi1mYWxsYmFja0BxdWV0emFsdGljLmxvY2FsIiwicm9sZSI6IkFETUlOIiwiZXhwIjoxNzc0MzcxODYwfQ.4R3n7nSywfFs_apkd-C8WOF1S-f_9w23vpYdhIqnLvU",
        "x-correlation-id": "ui_gov_1774299324717",
        "sec-ch-ua": "\"Chromium\";v=\"146\", \"Not-A.Brand\";v=\"24\", \"Brave\";v=\"146\"",
        "sec-ch-ua-mobile": "?0",
        "x-idempotency-key": "f09d103d-15f4-4978-89ba-d7979a41770b",
        "user-agent": "Mozilla/5.0 (Windows NT 10.0; Win64; x64) AppleWebKit/537.36 (KHTML, like Gecko) Chrome/146.0.0.0 Safari/537.36",
        "accept": "application/json, text/plain, */*",
        "content-type": "application/json",
        "sec-gpc": "1",
        "accept-language": "es-ES,es;q=0.7",
        "origin": "http://localhost:4200",
        "sec-fetch-site": "same-site",
        "sec-fetch-mode": "cors",
        "sec-fetch-dest": "empty",
        "referer": "http://localhost:4200/",
        "accept-encoding": "gzip, deflate, br, zstd",
        "if-none-match": "W/\"7f-e2Cfe2rLE+asQ0q0gyI+S+tDW5c\""
      },
      "remoteAddress": "::1",
      "remotePort": 58194
    }
    [35mcorrelationId[39m: "ui_gov_1774299324717"
    [35mcontext[39m: "LockdownService"
[13:55:25.143] [32mINFO[39m (11452): [36mrequest completed[39m
    [35mreq[39m: {
      "id": 45,
      "method": "GET",
      "url": "/api/governance/lockdown/status",
      "query": {},
      "params": {
        "path": [
          "governance",
          "lockdown",
          "status"
        ]
      },
      "headers": {
        "host": "localhost:3333",
        "connection": "keep-alive",
        "x-actor": "superadmin-fallback@quetzaltic.local",
        "sec-ch-ua-platform": "\"Windows\"",
        "authorization": "Bearer eyJhbGciOiJIUzI1NiIsInR5cCI6IkpXVCJ9.eyJzdWIiOiIwMDAwLTAwMDAtMDAwMCIsImVtYWlsIjoic3VwZXJhZG1pbi1mYWxsYmFja0BxdWV0emFsdGljLmxvY2FsIiwicm9sZSI6IkFETUlOIiwiZXhwIjoxNzc0MzcxODYwfQ.4R3n7nSywfFs_apkd-C8WOF1S-f_9w23vpYdhIqnLvU",
        "x-correlation-id": "ui_gov_1774299324717",
        "sec-ch-ua": "\"Chromium\";v=\"146\", \"Not-A.Brand\";v=\"24\", \"Brave\";v=\"146\"",
        "sec-ch-ua-mobile": "?0",
        "x-idempotency-key": "f09d103d-15f4-4978-89ba-d7979a41770b",
        "user-agent": "Mozilla/5.0 (Windows NT 10.0; Win64; x64) AppleWebKit/537.36 (KHTML, like Gecko) Chrome/146.0.0.0 Safari/537.36",
        "accept": "application/json, text/plain, */*",
        "content-type": "application/json",
        "sec-gpc": "1",
        "accept-language": "es-ES,es;q=0.7",
        "origin": "http://localhost:4200",
        "sec-fetch-site": "same-site",
        "sec-fetch-mode": "cors",
        "sec-fetch-dest": "empty",
        "referer": "http://localhost:4200/",
        "accept-encoding": "gzip, deflate, br, zstd",
        "if-none-match": "W/\"7f-e2Cfe2rLE+asQ0q0gyI+S+tDW5c\""
      },
      "remoteAddress": "::1",
      "remotePort": 58194
    }
    [35mcorrelationId[39m: "ui_gov_1774299324717"
    [35mres[39m: {
      "statusCode": 200,
      "headers": {
        "x-powered-by": "Express",
        "access-control-allow-origin": "*",
        "access-control-allow-credentials": "true",
        "x-correlation-id": "ui_gov_1774299324717",
        "content-type": "application/json; charset=utf-8",
        "content-length": "127",
        "etag": "W/\"7f-46GX3harWHvw89bLSQo5F1xPYvU\""
      }
    }
    [35mresponseTime[39m: 400
[DEBUG] JWT Payload: {"sub":"0000-0000-0000","email":"superadmin-fallback@quetzaltic.local","role":"ADMIN","exp":1774371860}
[DEBUG] Authenticated Actor: superadmin-fallback@quetzaltic.local
[13:55:30.134] [33mWARN[39m (11452): [36mPrisma failure, falling back to Virtual Lockdown state[39m
    [35mreq[39m: {
      "id": 46,
      "method": "GET",
      "url": "/api/governance/lockdown/status",
      "query": {},
      "params": {
        "path": [
          "governance",
          "lockdown",
          "status"
        ]
      },
      "headers": {
        "host": "localhost:3333",
        "connection": "keep-alive",
        "x-actor": "superadmin-fallback@quetzaltic.local",
        "sec-ch-ua-platform": "\"Windows\"",
        "authorization": "Bearer eyJhbGciOiJIUzI1NiIsInR5cCI6IkpXVCJ9.eyJzdWIiOiIwMDAwLTAwMDAtMDAwMCIsImVtYWlsIjoic3VwZXJhZG1pbi1mYWxsYmFja0BxdWV0emFsdGljLmxvY2FsIiwicm9sZSI6IkFETUlOIiwiZXhwIjoxNzc0MzcxODYwfQ.4R3n7nSywfFs_apkd-C8WOF1S-f_9w23vpYdhIqnLvU",
        "x-correlation-id": "ui_gov_1774299329720",
        "sec-ch-ua": "\"Chromium\";v=\"146\", \"Not-A.Brand\";v=\"24\", \"Brave\";v=\"146\"",
        "sec-ch-ua-mobile": "?0",
        "x-idempotency-key": "a44c3bc5-4db1-488f-8e84-bb1d5f016041",
        "user-agent": "Mozilla/5.0 (Windows NT 10.0; Win64; x64) AppleWebKit/537.36 (KHTML, like Gecko) Chrome/146.0.0.0 Safari/537.36",
        "accept": "application/json, text/plain, */*",
        "content-type": "application/json",
        "sec-gpc": "1",
        "accept-language": "es-ES,es;q=0.7",
        "origin": "http://localhost:4200",
        "sec-fetch-site": "same-site",
        "sec-fetch-mode": "cors",
        "sec-fetch-dest": "empty",
        "referer": "http://localhost:4200/",
        "accept-encoding": "gzip, deflate, br, zstd",
        "if-none-match": "W/\"7f-46GX3harWHvw89bLSQo5F1xPYvU\""
      },
      "remoteAddress": "::1",
      "remotePort": 58194
    }
    [35mcorrelationId[39m: "ui_gov_1774299329720"
    [35mcontext[39m: "LockdownService"
[13:55:30.138] [32mINFO[39m (11452): [36mrequest completed[39m
    [35mreq[39m: {
      "id": 46,
      "method": "GET",
      "url": "/api/governance/lockdown/status",
      "query": {},
      "params": {
        "path": [
          "governance",
          "lockdown",
          "status"
        ]
      },
      "headers": {
        "host": "localhost:3333",
        "connection": "keep-alive",
        "x-actor": "superadmin-fallback@quetzaltic.local",
        "sec-ch-ua-platform": "\"Windows\"",
        "authorization": "Bearer eyJhbGciOiJIUzI1NiIsInR5cCI6IkpXVCJ9.eyJzdWIiOiIwMDAwLTAwMDAtMDAwMCIsImVtYWlsIjoic3VwZXJhZG1pbi1mYWxsYmFja0BxdWV0emFsdGljLmxvY2FsIiwicm9sZSI6IkFETUlOIiwiZXhwIjoxNzc0MzcxODYwfQ.4R3n7nSywfFs_apkd-C8WOF1S-f_9w23vpYdhIqnLvU",
        "x-correlation-id": "ui_gov_1774299329720",
        "sec-ch-ua": "\"Chromium\";v=\"146\", \"Not-A.Brand\";v=\"24\", \"Brave\";v=\"146\"",
        "sec-ch-ua-mobile": "?0",
        "x-idempotency-key": "a44c3bc5-4db1-488f-8e84-bb1d5f016041",
        "user-agent": "Mozilla/5.0 (Windows NT 10.0; Win64; x64) AppleWebKit/537.36 (KHTML, like Gecko) Chrome/146.0.0.0 Safari/537.36",
        "accept": "application/json, text/plain, */*",
        "content-type": "application/json",
        "sec-gpc": "1",
        "accept-language": "es-ES,es;q=0.7",
        "origin": "http://localhost:4200",
        "sec-fetch-site": "same-site",
        "sec-fetch-mode": "cors",
        "sec-fetch-dest": "empty",
        "referer": "http://localhost:4200/",
        "accept-encoding": "gzip, deflate, br, zstd",
        "if-none-match": "W/\"7f-46GX3harWHvw89bLSQo5F1xPYvU\""
      },
      "remoteAddress": "::1",
      "remotePort": 58194
    }
    [35mcorrelationId[39m: "ui_gov_1774299329720"
    [35mres[39m: {
      "statusCode": 200,
      "headers": {
        "x-powered-by": "Express",
        "access-control-allow-origin": "*",
        "access-control-allow-credentials": "true",
        "x-correlation-id": "ui_gov_1774299329720",
        "content-type": "application/json; charset=utf-8",
        "content-length": "127",
        "etag": "W/\"7f-JgeiIkt0bvwPOmJ1jlkZu6n03cM\""
      }
    }
    [35mresponseTime[39m: 386
[DEBUG] JWT Payload: {"sub":"0000-0000-0000","email":"superadmin-fallback@quetzaltic.local","role":"ADMIN","exp":1774371860}
[DEBUG] Authenticated Actor: superadmin-fallback@quetzaltic.local
[13:55:35.136] [33mWARN[39m (11452): [36mPrisma failure, falling back to Virtual Lockdown state[39m
    [35mreq[39m: {
      "id": 47,
      "method": "GET",
      "url": "/api/governance/lockdown/status",
      "query": {},
      "params": {
        "path": [
          "governance",
          "lockdown",
          "status"
        ]
      },
      "headers": {
        "host": "localhost:3333",
        "connection": "keep-alive",
        "x-actor": "superadmin-fallback@quetzaltic.local",
        "sec-ch-ua-platform": "\"Windows\"",
        "authorization": "Bearer eyJhbGciOiJIUzI1NiIsInR5cCI6IkpXVCJ9.eyJzdWIiOiIwMDAwLTAwMDAtMDAwMCIsImVtYWlsIjoic3VwZXJhZG1pbi1mYWxsYmFja0BxdWV0emFsdGljLmxvY2FsIiwicm9sZSI6IkFETUlOIiwiZXhwIjoxNzc0MzcxODYwfQ.4R3n7nSywfFs_apkd-C8WOF1S-f_9w23vpYdhIqnLvU",
        "x-correlation-id": "ui_gov_1774299334721",
        "sec-ch-ua": "\"Chromium\";v=\"146\", \"Not-A.Brand\";v=\"24\", \"Brave\";v=\"146\"",
        "sec-ch-ua-mobile": "?0",
        "x-idempotency-key": "165e6e25-d265-425f-999d-0c7a27d12452",
        "user-agent": "Mozilla/5.0 (Windows NT 10.0; Win64; x64) AppleWebKit/537.36 (KHTML, like Gecko) Chrome/146.0.0.0 Safari/537.36",
        "accept": "application/json, text/plain, */*",
        "content-type": "application/json",
        "sec-gpc": "1",
        "accept-language": "es-ES,es;q=0.7",
        "origin": "http://localhost:4200",
        "sec-fetch-site": "same-site",
        "sec-fetch-mode": "cors",
        "sec-fetch-dest": "empty",
        "referer": "http://localhost:4200/",
        "accept-encoding": "gzip, deflate, br, zstd",
        "if-none-match": "W/\"7f-JgeiIkt0bvwPOmJ1jlkZu6n03cM\""
      },
      "remoteAddress": "::1",
      "remotePort": 58194
    }
    [35mcorrelationId[39m: "ui_gov_1774299334721"
    [35mcontext[39m: "LockdownService"
[13:55:35.140] [32mINFO[39m (11452): [36mrequest completed[39m
    [35mreq[39m: {
      "id": 47,
      "method": "GET",
      "url": "/api/governance/lockdown/status",
      "query": {},
      "params": {
        "path": [
          "governance",
          "lockdown",
          "status"
        ]
      },
      "headers": {
        "host": "localhost:3333",
        "connection": "keep-alive",
        "x-actor": "superadmin-fallback@quetzaltic.local",
        "sec-ch-ua-platform": "\"Windows\"",
        "authorization": "Bearer eyJhbGciOiJIUzI1NiIsInR5cCI6IkpXVCJ9.eyJzdWIiOiIwMDAwLTAwMDAtMDAwMCIsImVtYWlsIjoic3VwZXJhZG1pbi1mYWxsYmFja0BxdWV0emFsdGljLmxvY2FsIiwicm9sZSI6IkFETUlOIiwiZXhwIjoxNzc0MzcxODYwfQ.4R3n7nSywfFs_apkd-C8WOF1S-f_9w23vpYdhIqnLvU",
        "x-correlation-id": "ui_gov_1774299334721",
        "sec-ch-ua": "\"Chromium\";v=\"146\", \"Not-A.Brand\";v=\"24\", \"Brave\";v=\"146\"",
        "sec-ch-ua-mobile": "?0",
        "x-idempotency-key": "165e6e25-d265-425f-999d-0c7a27d12452",
        "user-agent": "Mozilla/5.0 (Windows NT 10.0; Win64; x64) AppleWebKit/537.36 (KHTML, like Gecko) Chrome/146.0.0.0 Safari/537.36",
        "accept": "application/json, text/plain, */*",
        "content-type": "application/json",
        "sec-gpc": "1",
        "accept-language": "es-ES,es;q=0.7",
        "origin": "http://localhost:4200",
        "sec-fetch-site": "same-site",
        "sec-fetch-mode": "cors",
        "sec-fetch-dest": "empty",
        "referer": "http://localhost:4200/",
        "accept-encoding": "gzip, deflate, br, zstd",
        "if-none-match": "W/\"7f-JgeiIkt0bvwPOmJ1jlkZu6n03cM\""
      },
      "remoteAddress": "::1",
      "remotePort": 58194
    }
    [35mcorrelationId[39m: "ui_gov_1774299334721"
    [35mres[39m: {
      "statusCode": 200,
      "headers": {
        "x-powered-by": "Express",
        "access-control-allow-origin": "*",
        "access-control-allow-credentials": "true",
        "x-correlation-id": "ui_gov_1774299334721",
        "content-type": "application/json; charset=utf-8",
        "content-length": "127",
        "etag": "W/\"7f-e6r0ifqCunwgC+vTF4jlGRxx+Y8\""
      }
    }
    [35mresponseTime[39m: 363
[DEBUG] JWT Payload: {"sub":"0000-0000-0000","email":"superadmin-fallback@quetzaltic.local","role":"ADMIN","exp":1774371860}
[DEBUG] Authenticated Actor: superadmin-fallback@quetzaltic.local
[13:55:40.177] [33mWARN[39m (11452): [36mPrisma failure, falling back to Virtual Lockdown state[39m
    [35mreq[39m: {
      "id": 48,
      "method": "GET",
      "url": "/api/governance/lockdown/status",
      "query": {},
      "params": {
        "path": [
          "governance",
          "lockdown",
          "status"
        ]
      },
      "headers": {
        "host": "localhost:3333",
        "connection": "keep-alive",
        "x-actor": "superadmin-fallback@quetzaltic.local",
        "sec-ch-ua-platform": "\"Windows\"",
        "authorization": "Bearer eyJhbGciOiJIUzI1NiIsInR5cCI6IkpXVCJ9.eyJzdWIiOiIwMDAwLTAwMDAtMDAwMCIsImVtYWlsIjoic3VwZXJhZG1pbi1mYWxsYmFja0BxdWV0emFsdGljLmxvY2FsIiwicm9sZSI6IkFETUlOIiwiZXhwIjoxNzc0MzcxODYwfQ.4R3n7nSywfFs_apkd-C8WOF1S-f_9w23vpYdhIqnLvU",
        "x-correlation-id": "ui_gov_1774299339728",
        "sec-ch-ua": "\"Chromium\";v=\"146\", \"Not-A.Brand\";v=\"24\", \"Brave\";v=\"146\"",
        "sec-ch-ua-mobile": "?0",
        "x-idempotency-key": "3f973993-64b5-476e-8c1f-2486f55bdafc",
        "user-agent": "Mozilla/5.0 (Windows NT 10.0; Win64; x64) AppleWebKit/537.36 (KHTML, like Gecko) Chrome/146.0.0.0 Safari/537.36",
        "accept": "application/json, text/plain, */*",
        "content-type": "application/json",
        "sec-gpc": "1",
        "accept-language": "es-ES,es;q=0.7",
        "origin": "http://localhost:4200",
        "sec-fetch-site": "same-site",
        "sec-fetch-mode": "cors",
        "sec-fetch-dest": "empty",
        "referer": "http://localhost:4200/",
        "accept-encoding": "gzip, deflate, br, zstd",
        "if-none-match": "W/\"7f-e6r0ifqCunwgC+vTF4jlGRxx+Y8\""
      },
      "remoteAddress": "::1",
      "remotePort": 58194
    }
    [35mcorrelationId[39m: "ui_gov_1774299339728"
    [35mcontext[39m: "LockdownService"
[13:55:40.179] [32mINFO[39m (11452): [36mrequest completed[39m
    [35mreq[39m: {
      "id": 48,
      "method": "GET",
      "url": "/api/governance/lockdown/status",
      "query": {},
      "params": {
        "path": [
          "governance",
          "lockdown",
          "status"
        ]
      },
      "headers": {
        "host": "localhost:3333",
        "connection": "keep-alive",
        "x-actor": "superadmin-fallback@quetzaltic.local",
        "sec-ch-ua-platform": "\"Windows\"",
        "authorization": "Bearer eyJhbGciOiJIUzI1NiIsInR5cCI6IkpXVCJ9.eyJzdWIiOiIwMDAwLTAwMDAtMDAwMCIsImVtYWlsIjoic3VwZXJhZG1pbi1mYWxsYmFja0BxdWV0emFsdGljLmxvY2FsIiwicm9sZSI6IkFETUlOIiwiZXhwIjoxNzc0MzcxODYwfQ.4R3n7nSywfFs_apkd-C8WOF1S-f_9w23vpYdhIqnLvU",
        "x-correlation-id": "ui_gov_1774299339728",
        "sec-ch-ua": "\"Chromium\";v=\"146\", \"Not-A.Brand\";v=\"24\", \"Brave\";v=\"146\"",
        "sec-ch-ua-mobile": "?0",
        "x-idempotency-key": "3f973993-64b5-476e-8c1f-2486f55bdafc",
        "user-agent": "Mozilla/5.0 (Windows NT 10.0; Win64; x64) AppleWebKit/537.36 (KHTML, like Gecko) Chrome/146.0.0.0 Safari/537.36",
        "accept": "application/json, text/plain, */*",
        "content-type": "application/json",
        "sec-gpc": "1",
        "accept-language": "es-ES,es;q=0.7",
        "origin": "http://localhost:4200",
        "sec-fetch-site": "same-site",
        "sec-fetch-mode": "cors",
        "sec-fetch-dest": "empty",
        "referer": "http://localhost:4200/",
        "accept-encoding": "gzip, deflate, br, zstd",
        "if-none-match": "W/\"7f-e6r0ifqCunwgC+vTF4jlGRxx+Y8\""
      },
      "remoteAddress": "::1",
      "remotePort": 58194
    }
    [35mcorrelationId[39m: "ui_gov_1774299339728"
    [35mres[39m: {
      "statusCode": 200,
      "headers": {
        "x-powered-by": "Express",
        "access-control-allow-origin": "*",
        "access-control-allow-credentials": "true",
        "x-correlation-id": "ui_gov_1774299339728",
        "content-type": "application/json; charset=utf-8",
        "content-length": "127",
        "etag": "W/\"7f-GDQJzhcJE2gqAvDmCBgLGFuThAg\""
      }
    }
    [35mresponseTime[39m: 408
[DEBUG] JWT Payload: {"sub":"0000-0000-0000","email":"superadmin-fallback@quetzaltic.local","role":"ADMIN","exp":1774371860}
[DEBUG] Authenticated Actor: superadmin-fallback@quetzaltic.local
[13:55:45.348] [33mWARN[39m (11452): [36mPrisma failure, falling back to Virtual Lockdown state[39m
    [35mreq[39m: {
      "id": 49,
      "method": "GET",
      "url": "/api/governance/lockdown/status",
      "query": {},
      "params": {
        "path": [
          "governance",
          "lockdown",
          "status"
        ]
      },
      "headers": {
        "host": "localhost:3333",
        "connection": "keep-alive",
        "x-actor": "superadmin-fallback@quetzaltic.local",
        "sec-ch-ua-platform": "\"Windows\"",
        "authorization": "Bearer eyJhbGciOiJIUzI1NiIsInR5cCI6IkpXVCJ9.eyJzdWIiOiIwMDAwLTAwMDAtMDAwMCIsImVtYWlsIjoic3VwZXJhZG1pbi1mYWxsYmFja0BxdWV0emFsdGljLmxvY2FsIiwicm9sZSI6IkFETUlOIiwiZXhwIjoxNzc0MzcxODYwfQ.4R3n7nSywfFs_apkd-C8WOF1S-f_9w23vpYdhIqnLvU",
        "x-correlation-id": "ui_gov_1774299344716",
        "sec-ch-ua": "\"Chromium\";v=\"146\", \"Not-A.Brand\";v=\"24\", \"Brave\";v=\"146\"",
        "sec-ch-ua-mobile": "?0",
        "x-idempotency-key": "0d7a52b0-67e5-40c0-a075-aa551106323d",
        "user-agent": "Mozilla/5.0 (Windows NT 10.0; Win64; x64) AppleWebKit/537.36 (KHTML, like Gecko) Chrome/146.0.0.0 Safari/537.36",
        "accept": "application/json, text/plain, */*",
        "content-type": "application/json",
        "sec-gpc": "1",
        "accept-language": "es-ES,es;q=0.7",
        "origin": "http://localhost:4200",
        "sec-fetch-site": "same-site",
        "sec-fetch-mode": "cors",
        "sec-fetch-dest": "empty",
        "referer": "http://localhost:4200/",
        "accept-encoding": "gzip, deflate, br, zstd",
        "if-none-match": "W/\"7f-GDQJzhcJE2gqAvDmCBgLGFuThAg\""
      },
      "remoteAddress": "::1",
      "remotePort": 58194
    }
    [35mcorrelationId[39m: "ui_gov_1774299344716"
    [35mcontext[39m: "LockdownService"
[13:55:45.351] [32mINFO[39m (11452): [36mrequest completed[39m
    [35mreq[39m: {
      "id": 49,
      "method": "GET",
      "url": "/api/governance/lockdown/status",
      "query": {},
      "params": {
        "path": [
          "governance",
          "lockdown",
          "status"
        ]
      },
      "headers": {
        "host": "localhost:3333",
        "connection": "keep-alive",
        "x-actor": "superadmin-fallback@quetzaltic.local",
        "sec-ch-ua-platform": "\"Windows\"",
        "authorization": "Bearer eyJhbGciOiJIUzI1NiIsInR5cCI6IkpXVCJ9.eyJzdWIiOiIwMDAwLTAwMDAtMDAwMCIsImVtYWlsIjoic3VwZXJhZG1pbi1mYWxsYmFja0BxdWV0emFsdGljLmxvY2FsIiwicm9sZSI6IkFETUlOIiwiZXhwIjoxNzc0MzcxODYwfQ.4R3n7nSywfFs_apkd-C8WOF1S-f_9w23vpYdhIqnLvU",
        "x-correlation-id": "ui_gov_1774299344716",
        "sec-ch-ua": "\"Chromium\";v=\"146\", \"Not-A.Brand\";v=\"24\", \"Brave\";v=\"146\"",
        "sec-ch-ua-mobile": "?0",
        "x-idempotency-key": "0d7a52b0-67e5-40c0-a075-aa551106323d",
        "user-agent": "Mozilla/5.0 (Windows NT 10.0; Win64; x64) AppleWebKit/537.36 (KHTML, like Gecko) Chrome/146.0.0.0 Safari/537.36",
        "accept": "application/json, text/plain, */*",
        "content-type": "application/json",
        "sec-gpc": "1",
        "accept-language": "es-ES,es;q=0.7",
        "origin": "http://localhost:4200",
        "sec-fetch-site": "same-site",
        "sec-fetch-mode": "cors",
        "sec-fetch-dest": "empty",
        "referer": "http://localhost:4200/",
        "accept-encoding": "gzip, deflate, br, zstd",
        "if-none-match": "W/\"7f-GDQJzhcJE2gqAvDmCBgLGFuThAg\""
      },
      "remoteAddress": "::1",
      "remotePort": 58194
    }
    [35mcorrelationId[39m: "ui_gov_1774299344716"
    [35mres[39m: {
      "statusCode": 200,
      "headers": {
        "x-powered-by": "Express",
        "access-control-allow-origin": "*",
        "access-control-allow-credentials": "true",
        "x-correlation-id": "ui_gov_1774299344716",
        "content-type": "application/json; charset=utf-8",
        "content-length": "127",
        "etag": "W/\"7f-320UtyqQpPi0pzap/KQCDA+2Jvg\""
      }
    }
    [35mresponseTime[39m: 385
[DEBUG] JWT Payload: {"sub":"0000-0000-0000","email":"superadmin-fallback@quetzaltic.local","role":"ADMIN","exp":1774371860}
[DEBUG] Authenticated Actor: superadmin-fallback@quetzaltic.local
[13:55:50.088] [33mWARN[39m (11452): [36mPrisma failure, falling back to Virtual Lockdown state[39m
    [35mreq[39m: {
      "id": 50,
      "method": "GET",
      "url": "/api/governance/lockdown/status",
      "query": {},
      "params": {
        "path": [
          "governance",
          "lockdown",
          "status"
        ]
      },
      "headers": {
        "host": "localhost:3333",
        "connection": "keep-alive",
        "x-actor": "superadmin-fallback@quetzaltic.local",
        "sec-ch-ua-platform": "\"Windows\"",
        "authorization": "Bearer eyJhbGciOiJIUzI1NiIsInR5cCI6IkpXVCJ9.eyJzdWIiOiIwMDAwLTAwMDAtMDAwMCIsImVtYWlsIjoic3VwZXJhZG1pbi1mYWxsYmFja0BxdWV0emFsdGljLmxvY2FsIiwicm9sZSI6IkFETUlOIiwiZXhwIjoxNzc0MzcxODYwfQ.4R3n7nSywfFs_apkd-C8WOF1S-f_9w23vpYdhIqnLvU",
        "x-correlation-id": "ui_gov_1774299349714",
        "sec-ch-ua": "\"Chromium\";v=\"146\", \"Not-A.Brand\";v=\"24\", \"Brave\";v=\"146\"",
        "sec-ch-ua-mobile": "?0",
        "x-idempotency-key": "a1c9c81b-2d64-43d4-b12b-7e8fa5b1eb4c",
        "user-agent": "Mozilla/5.0 (Windows NT 10.0; Win64; x64) AppleWebKit/537.36 (KHTML, like Gecko) Chrome/146.0.0.0 Safari/537.36",
        "accept": "application/json, text/plain, */*",
        "content-type": "application/json",
        "sec-gpc": "1",
        "accept-language": "es-ES,es;q=0.7",
        "origin": "http://localhost:4200",
        "sec-fetch-site": "same-site",
        "sec-fetch-mode": "cors",
        "sec-fetch-dest": "empty",
        "referer": "http://localhost:4200/",
        "accept-encoding": "gzip, deflate, br, zstd",
        "if-none-match": "W/\"7f-320UtyqQpPi0pzap/KQCDA+2Jvg\""
      },
      "remoteAddress": "::1",
      "remotePort": 58194
    }
    [35mcorrelationId[39m: "ui_gov_1774299349714"
    [35mcontext[39m: "LockdownService"
[13:55:50.089] [32mINFO[39m (11452): [36mrequest completed[39m
    [35mreq[39m: {
      "id": 50,
      "method": "GET",
      "url": "/api/governance/lockdown/status",
      "query": {},
      "params": {
        "path": [
          "governance",
          "lockdown",
          "status"
        ]
      },
      "headers": {
        "host": "localhost:3333",
        "connection": "keep-alive",
        "x-actor": "superadmin-fallback@quetzaltic.local",
        "sec-ch-ua-platform": "\"Windows\"",
        "authorization": "Bearer eyJhbGciOiJIUzI1NiIsInR5cCI6IkpXVCJ9.eyJzdWIiOiIwMDAwLTAwMDAtMDAwMCIsImVtYWlsIjoic3VwZXJhZG1pbi1mYWxsYmFja0BxdWV0emFsdGljLmxvY2FsIiwicm9sZSI6IkFETUlOIiwiZXhwIjoxNzc0MzcxODYwfQ.4R3n7nSywfFs_apkd-C8WOF1S-f_9w23vpYdhIqnLvU",
        "x-correlation-id": "ui_gov_1774299349714",
        "sec-ch-ua": "\"Chromium\";v=\"146\", \"Not-A.Brand\";v=\"24\", \"Brave\";v=\"146\"",
        "sec-ch-ua-mobile": "?0",
        "x-idempotency-key": "a1c9c81b-2d64-43d4-b12b-7e8fa5b1eb4c",
        "user-agent": "Mozilla/5.0 (Windows NT 10.0; Win64; x64) AppleWebKit/537.36 (KHTML, like Gecko) Chrome/146.0.0.0 Safari/537.36",
        "accept": "application/json, text/plain, */*",
        "content-type": "application/json",
        "sec-gpc": "1",
        "accept-language": "es-ES,es;q=0.7",
        "origin": "http://localhost:4200",
        "sec-fetch-site": "same-site",
        "sec-fetch-mode": "cors",
        "sec-fetch-dest": "empty",
        "referer": "http://localhost:4200/",
        "accept-encoding": "gzip, deflate, br, zstd",
        "if-none-match": "W/\"7f-320UtyqQpPi0pzap/KQCDA+2Jvg\""
      },
      "remoteAddress": "::1",
      "remotePort": 58194
    }
    [35mcorrelationId[39m: "ui_gov_1774299349714"
    [35mres[39m: {
      "statusCode": 200,
      "headers": {
        "x-powered-by": "Express",
        "access-control-allow-origin": "*",
        "access-control-allow-credentials": "true",
        "x-correlation-id": "ui_gov_1774299349714",
        "content-type": "application/json; charset=utf-8",
        "content-length": "127",
        "etag": "W/\"7f-QdHRhryeey2r6g9hj/XPepnOPOE\""
      }
    }
    [35mresponseTime[39m: 335
[DEBUG] JWT Payload: {"sub":"0000-0000-0000","email":"superadmin-fallback@quetzaltic.local","role":"ADMIN","exp":1774371860}
[DEBUG] Authenticated Actor: superadmin-fallback@quetzaltic.local
[13:55:55.644] [33mWARN[39m (11452): [36mPrisma failure, falling back to Virtual Lockdown state[39m
    [35mreq[39m: {
      "id": 51,
      "method": "GET",
      "url": "/api/governance/lockdown/status",
      "query": {},
      "params": {
        "path": [
          "governance",
          "lockdown",
          "status"
        ]
      },
      "headers": {
        "host": "localhost:3333",
        "connection": "keep-alive",
        "x-actor": "superadmin-fallback@quetzaltic.local",
        "sec-ch-ua-platform": "\"Windows\"",
        "authorization": "Bearer eyJhbGciOiJIUzI1NiIsInR5cCI6IkpXVCJ9.eyJzdWIiOiIwMDAwLTAwMDAtMDAwMCIsImVtYWlsIjoic3VwZXJhZG1pbi1mYWxsYmFja0BxdWV0emFsdGljLmxvY2FsIiwicm9sZSI6IkFETUlOIiwiZXhwIjoxNzc0MzcxODYwfQ.4R3n7nSywfFs_apkd-C8WOF1S-f_9w23vpYdhIqnLvU",
        "x-correlation-id": "ui_gov_1774299354738",
        "sec-ch-ua": "\"Chromium\";v=\"146\", \"Not-A.Brand\";v=\"24\", \"Brave\";v=\"146\"",
        "sec-ch-ua-mobile": "?0",
        "x-idempotency-key": "a260e674-7c65-4e91-a2ae-0d522a7e7dc3",
        "user-agent": "Mozilla/5.0 (Windows NT 10.0; Win64; x64) AppleWebKit/537.36 (KHTML, like Gecko) Chrome/146.0.0.0 Safari/537.36",
        "accept": "application/json, text/plain, */*",
        "content-type": "application/json",
        "sec-gpc": "1",
        "accept-language": "es-ES,es;q=0.7",
        "origin": "http://localhost:4200",
        "sec-fetch-site": "same-site",
        "sec-fetch-mode": "cors",
        "sec-fetch-dest": "empty",
        "referer": "http://localhost:4200/",
        "accept-encoding": "gzip, deflate, br, zstd",
        "if-none-match": "W/\"7f-QdHRhryeey2r6g9hj/XPepnOPOE\""
      },
      "remoteAddress": "::1",
      "remotePort": 58194
    }
    [35mcorrelationId[39m: "ui_gov_1774299354738"
    [35mcontext[39m: "LockdownService"
[13:55:55.646] [32mINFO[39m (11452): [36mrequest completed[39m
    [35mreq[39m: {
      "id": 51,
      "method": "GET",
      "url": "/api/governance/lockdown/status",
      "query": {},
      "params": {
        "path": [
          "governance",
          "lockdown",
          "status"
        ]
      },
      "headers": {
        "host": "localhost:3333",
        "connection": "keep-alive",
        "x-actor": "superadmin-fallback@quetzaltic.local",
        "sec-ch-ua-platform": "\"Windows\"",
        "authorization": "Bearer eyJhbGciOiJIUzI1NiIsInR5cCI6IkpXVCJ9.eyJzdWIiOiIwMDAwLTAwMDAtMDAwMCIsImVtYWlsIjoic3VwZXJhZG1pbi1mYWxsYmFja0BxdWV0emFsdGljLmxvY2FsIiwicm9sZSI6IkFETUlOIiwiZXhwIjoxNzc0MzcxODYwfQ.4R3n7nSywfFs_apkd-C8WOF1S-f_9w23vpYdhIqnLvU",
        "x-correlation-id": "ui_gov_1774299354738",
        "sec-ch-ua": "\"Chromium\";v=\"146\", \"Not-A.Brand\";v=\"24\", \"Brave\";v=\"146\"",
        "sec-ch-ua-mobile": "?0",
        "x-idempotency-key": "a260e674-7c65-4e91-a2ae-0d522a7e7dc3",
        "user-agent": "Mozilla/5.0 (Windows NT 10.0; Win64; x64) AppleWebKit/537.36 (KHTML, like Gecko) Chrome/146.0.0.0 Safari/537.36",
        "accept": "application/json, text/plain, */*",
        "content-type": "application/json",
        "sec-gpc": "1",
        "accept-language": "es-ES,es;q=0.7",
        "origin": "http://localhost:4200",
        "sec-fetch-site": "same-site",
        "sec-fetch-mode": "cors",
        "sec-fetch-dest": "empty",
        "referer": "http://localhost:4200/",
        "accept-encoding": "gzip, deflate, br, zstd",
        "if-none-match": "W/\"7f-QdHRhryeey2r6g9hj/XPepnOPOE\""
      },
      "remoteAddress": "::1",
      "remotePort": 58194
    }
    [35mcorrelationId[39m: "ui_gov_1774299354738"
    [35mres[39m: {
      "statusCode": 200,
      "headers": {
        "x-powered-by": "Express",
        "access-control-allow-origin": "*",
        "access-control-allow-credentials": "true",
        "x-correlation-id": "ui_gov_1774299354738",
        "content-type": "application/json; charset=utf-8",
        "content-length": "127",
        "etag": "W/\"7f-H6wCBvcqLSAtZIcxpvBjGn6hakM\""
      }
    }
    [35mresponseTime[39m: 865
[DEBUG] JWT Payload: {"sub":"0000-0000-0000","email":"superadmin-fallback@quetzaltic.local","role":"ADMIN","exp":1774371860}
[DEBUG] Authenticated Actor: superadmin-fallback@quetzaltic.local
[13:56:00.156] [33mWARN[39m (11452): [36mPrisma failure, falling back to Virtual Lockdown state[39m
    [35mreq[39m: {
      "id": 52,
      "method": "GET",
      "url": "/api/governance/lockdown/status",
      "query": {},
      "params": {
        "path": [
          "governance",
          "lockdown",
          "status"
        ]
      },
      "headers": {
        "host": "localhost:3333",
        "connection": "keep-alive",
        "x-actor": "superadmin-fallback@quetzaltic.local",
        "sec-ch-ua-platform": "\"Windows\"",
        "authorization": "Bearer eyJhbGciOiJIUzI1NiIsInR5cCI6IkpXVCJ9.eyJzdWIiOiIwMDAwLTAwMDAtMDAwMCIsImVtYWlsIjoic3VwZXJhZG1pbi1mYWxsYmFja0BxdWV0emFsdGljLmxvY2FsIiwicm9sZSI6IkFETUlOIiwiZXhwIjoxNzc0MzcxODYwfQ.4R3n7nSywfFs_apkd-C8WOF1S-f_9w23vpYdhIqnLvU",
        "x-correlation-id": "ui_gov_1774299359715",
        "sec-ch-ua": "\"Chromium\";v=\"146\", \"Not-A.Brand\";v=\"24\", \"Brave\";v=\"146\"",
        "sec-ch-ua-mobile": "?0",
        "x-idempotency-key": "af9277eb-94da-4ccc-898f-2754918610bc",
        "user-agent": "Mozilla/5.0 (Windows NT 10.0; Win64; x64) AppleWebKit/537.36 (KHTML, like Gecko) Chrome/146.0.0.0 Safari/537.36",
        "accept": "application/json, text/plain, */*",
        "content-type": "application/json",
        "sec-gpc": "1",
        "accept-language": "es-ES,es;q=0.7",
        "origin": "http://localhost:4200",
        "sec-fetch-site": "same-site",
        "sec-fetch-mode": "cors",
        "sec-fetch-dest": "empty",
        "referer": "http://localhost:4200/",
        "accept-encoding": "gzip, deflate, br, zstd",
        "if-none-match": "W/\"7f-H6wCBvcqLSAtZIcxpvBjGn6hakM\""
      },
      "remoteAddress": "::1",
      "remotePort": 58194
    }
    [35mcorrelationId[39m: "ui_gov_1774299359715"
    [35mcontext[39m: "LockdownService"
[13:56:00.157] [32mINFO[39m (11452): [36mrequest completed[39m
    [35mreq[39m: {
      "id": 52,
      "method": "GET",
      "url": "/api/governance/lockdown/status",
      "query": {},
      "params": {
        "path": [
          "governance",
          "lockdown",
          "status"
        ]
      },
      "headers": {
        "host": "localhost:3333",
        "connection": "keep-alive",
        "x-actor": "superadmin-fallback@quetzaltic.local",
        "sec-ch-ua-platform": "\"Windows\"",
        "authorization": "Bearer eyJhbGciOiJIUzI1NiIsInR5cCI6IkpXVCJ9.eyJzdWIiOiIwMDAwLTAwMDAtMDAwMCIsImVtYWlsIjoic3VwZXJhZG1pbi1mYWxsYmFja0BxdWV0emFsdGljLmxvY2FsIiwicm9sZSI6IkFETUlOIiwiZXhwIjoxNzc0MzcxODYwfQ.4R3n7nSywfFs_apkd-C8WOF1S-f_9w23vpYdhIqnLvU",
        "x-correlation-id": "ui_gov_1774299359715",
        "sec-ch-ua": "\"Chromium\";v=\"146\", \"Not-A.Brand\";v=\"24\", \"Brave\";v=\"146\"",
        "sec-ch-ua-mobile": "?0",
        "x-idempotency-key": "af9277eb-94da-4ccc-898f-2754918610bc",
        "user-agent": "Mozilla/5.0 (Windows NT 10.0; Win64; x64) AppleWebKit/537.36 (KHTML, like Gecko) Chrome/146.0.0.0 Safari/537.36",
        "accept": "application/json, text/plain, */*",
        "content-type": "application/json",
        "sec-gpc": "1",
        "accept-language": "es-ES,es;q=0.7",
        "origin": "http://localhost:4200",
        "sec-fetch-site": "same-site",
        "sec-fetch-mode": "cors",
        "sec-fetch-dest": "empty",
        "referer": "http://localhost:4200/",
        "accept-encoding": "gzip, deflate, br, zstd",
        "if-none-match": "W/\"7f-H6wCBvcqLSAtZIcxpvBjGn6hakM\""
      },
      "remoteAddress": "::1",
      "remotePort": 58194
    }
    [35mcorrelationId[39m: "ui_gov_1774299359715"
    [35mres[39m: {
      "statusCode": 200,
      "headers": {
        "x-powered-by": "Express",
        "access-control-allow-origin": "*",
        "access-control-allow-credentials": "true",
        "x-correlation-id": "ui_gov_1774299359715",
        "content-type": "application/json; charset=utf-8",
        "content-length": "127",
        "etag": "W/\"7f-tpF2WYLIBTEFPdIav0pcV7EBkZU\""
      }
    }
    [35mresponseTime[39m: 354
[DEBUG] JWT Payload: {"sub":"0000-0000-0000","email":"superadmin-fallback@quetzaltic.local","role":"ADMIN","exp":1774371860}
[DEBUG] Authenticated Actor: superadmin-fallback@quetzaltic.local
[13:56:05.026] [33mWARN[39m (11452): [36mPrisma failure, falling back to Virtual Lockdown state[39m
    [35mreq[39m: {
      "id": 53,
      "method": "GET",
      "url": "/api/governance/lockdown/status",
      "query": {},
      "params": {
        "path": [
          "governance",
          "lockdown",
          "status"
        ]
      },
      "headers": {
        "host": "localhost:3333",
        "connection": "keep-alive",
        "x-actor": "superadmin-fallback@quetzaltic.local",
        "sec-ch-ua-platform": "\"Windows\"",
        "authorization": "Bearer eyJhbGciOiJIUzI1NiIsInR5cCI6IkpXVCJ9.eyJzdWIiOiIwMDAwLTAwMDAtMDAwMCIsImVtYWlsIjoic3VwZXJhZG1pbi1mYWxsYmFja0BxdWV0emFsdGljLmxvY2FsIiwicm9sZSI6IkFETUlOIiwiZXhwIjoxNzc0MzcxODYwfQ.4R3n7nSywfFs_apkd-C8WOF1S-f_9w23vpYdhIqnLvU",
        "x-correlation-id": "ui_gov_1774299364715",
        "sec-ch-ua": "\"Chromium\";v=\"146\", \"Not-A.Brand\";v=\"24\", \"Brave\";v=\"146\"",
        "sec-ch-ua-mobile": "?0",
        "x-idempotency-key": "62c1f732-7940-41d6-86f1-d7c319c98e74",
        "user-agent": "Mozilla/5.0 (Windows NT 10.0; Win64; x64) AppleWebKit/537.36 (KHTML, like Gecko) Chrome/146.0.0.0 Safari/537.36",
        "accept": "application/json, text/plain, */*",
        "content-type": "application/json",
        "sec-gpc": "1",
        "accept-language": "es-ES,es;q=0.7",
        "origin": "http://localhost:4200",
        "sec-fetch-site": "same-site",
        "sec-fetch-mode": "cors",
        "sec-fetch-dest": "empty",
        "referer": "http://localhost:4200/",
        "accept-encoding": "gzip, deflate, br, zstd",
        "if-none-match": "W/\"7f-tpF2WYLIBTEFPdIav0pcV7EBkZU\""
      },
      "remoteAddress": "::1",
      "remotePort": 58194
    }
    [35mcorrelationId[39m: "ui_gov_1774299364715"
    [35mcontext[39m: "LockdownService"
[13:56:05.026] [32mINFO[39m (11452): [36mrequest completed[39m
    [35mreq[39m: {
      "id": 53,
      "method": "GET",
      "url": "/api/governance/lockdown/status",
      "query": {},
      "params": {
        "path": [
          "governance",
          "lockdown",
          "status"
        ]
      },
      "headers": {
        "host": "localhost:3333",
        "connection": "keep-alive",
        "x-actor": "superadmin-fallback@quetzaltic.local",
        "sec-ch-ua-platform": "\"Windows\"",
        "authorization": "Bearer eyJhbGciOiJIUzI1NiIsInR5cCI6IkpXVCJ9.eyJzdWIiOiIwMDAwLTAwMDAtMDAwMCIsImVtYWlsIjoic3VwZXJhZG1pbi1mYWxsYmFja0BxdWV0emFsdGljLmxvY2FsIiwicm9sZSI6IkFETUlOIiwiZXhwIjoxNzc0MzcxODYwfQ.4R3n7nSywfFs_apkd-C8WOF1S-f_9w23vpYdhIqnLvU",
        "x-correlation-id": "ui_gov_1774299364715",
        "sec-ch-ua": "\"Chromium\";v=\"146\", \"Not-A.Brand\";v=\"24\", \"Brave\";v=\"146\"",
        "sec-ch-ua-mobile": "?0",
        "x-idempotency-key": "62c1f732-7940-41d6-86f1-d7c319c98e74",
        "user-agent": "Mozilla/5.0 (Windows NT 10.0; Win64; x64) AppleWebKit/537.36 (KHTML, like Gecko) Chrome/146.0.0.0 Safari/537.36",
        "accept": "application/json, text/plain, */*",
        "content-type": "application/json",
        "sec-gpc": "1",
        "accept-language": "es-ES,es;q=0.7",
        "origin": "http://localhost:4200",
        "sec-fetch-site": "same-site",
        "sec-fetch-mode": "cors",
        "sec-fetch-dest": "empty",
        "referer": "http://localhost:4200/",
        "accept-encoding": "gzip, deflate, br, zstd",
        "if-none-match": "W/\"7f-tpF2WYLIBTEFPdIav0pcV7EBkZU\""
      },
      "remoteAddress": "::1",
      "remotePort": 58194
    }
    [35mcorrelationId[39m: "ui_gov_1774299364715"
    [35mres[39m: {
      "statusCode": 200,
      "headers": {
        "x-powered-by": "Express",
        "access-control-allow-origin": "*",
        "access-control-allow-credentials": "true",
        "x-correlation-id": "ui_gov_1774299364715",
        "content-type": "application/json; charset=utf-8",
        "content-length": "127",
        "etag": "W/\"7f-Tx3tN3KFCxe+lN1WCnH5IXQkFLk\""
      }
    }
    [35mresponseTime[39m: 305
[DEBUG] JWT Payload: {"sub":"0000-0000-0000","email":"superadmin-fallback@quetzaltic.local","role":"ADMIN","exp":1774371860}
[DEBUG] Authenticated Actor: superadmin-fallback@quetzaltic.local
[13:56:10.056] [33mWARN[39m (11452): [36mPrisma failure, falling back to Virtual Lockdown state[39m
    [35mreq[39m: {
      "id": 54,
      "method": "GET",
      "url": "/api/governance/lockdown/status",
      "query": {},
      "params": {
        "path": [
          "governance",
          "lockdown",
          "status"
        ]
      },
      "headers": {
        "host": "localhost:3333",
        "connection": "keep-alive",
        "x-actor": "superadmin-fallback@quetzaltic.local",
        "sec-ch-ua-platform": "\"Windows\"",
        "authorization": "Bearer eyJhbGciOiJIUzI1NiIsInR5cCI6IkpXVCJ9.eyJzdWIiOiIwMDAwLTAwMDAtMDAwMCIsImVtYWlsIjoic3VwZXJhZG1pbi1mYWxsYmFja0BxdWV0emFsdGljLmxvY2FsIiwicm9sZSI6IkFETUlOIiwiZXhwIjoxNzc0MzcxODYwfQ.4R3n7nSywfFs_apkd-C8WOF1S-f_9w23vpYdhIqnLvU",
        "x-correlation-id": "ui_gov_1774299369718",
        "sec-ch-ua": "\"Chromium\";v=\"146\", \"Not-A.Brand\";v=\"24\", \"Brave\";v=\"146\"",
        "sec-ch-ua-mobile": "?0",
        "x-idempotency-key": "617fe9ec-d8b8-45e2-849f-8d883e496e27",
        "user-agent": "Mozilla/5.0 (Windows NT 10.0; Win64; x64) AppleWebKit/537.36 (KHTML, like Gecko) Chrome/146.0.0.0 Safari/537.36",
        "accept": "application/json, text/plain, */*",
        "content-type": "application/json",
        "sec-gpc": "1",
        "accept-language": "es-ES,es;q=0.7",
        "origin": "http://localhost:4200",
        "sec-fetch-site": "same-site",
        "sec-fetch-mode": "cors",
        "sec-fetch-dest": "empty",
        "referer": "http://localhost:4200/",
        "accept-encoding": "gzip, deflate, br, zstd",
        "if-none-match": "W/\"7f-Tx3tN3KFCxe+lN1WCnH5IXQkFLk\""
      },
      "remoteAddress": "::1",
      "remotePort": 58194
    }
    [35mcorrelationId[39m: "ui_gov_1774299369718"
    [35mcontext[39m: "LockdownService"
[13:56:10.057] [32mINFO[39m (11452): [36mrequest completed[39m
    [35mreq[39m: {
      "id": 54,
      "method": "GET",
      "url": "/api/governance/lockdown/status",
      "query": {},
      "params": {
        "path": [
          "governance",
          "lockdown",
          "status"
        ]
      },
      "headers": {
        "host": "localhost:3333",
        "connection": "keep-alive",
        "x-actor": "superadmin-fallback@quetzaltic.local",
        "sec-ch-ua-platform": "\"Windows\"",
        "authorization": "Bearer eyJhbGciOiJIUzI1NiIsInR5cCI6IkpXVCJ9.eyJzdWIiOiIwMDAwLTAwMDAtMDAwMCIsImVtYWlsIjoic3VwZXJhZG1pbi1mYWxsYmFja0BxdWV0emFsdGljLmxvY2FsIiwicm9sZSI6IkFETUlOIiwiZXhwIjoxNzc0MzcxODYwfQ.4R3n7nSywfFs_apkd-C8WOF1S-f_9w23vpYdhIqnLvU",
        "x-correlation-id": "ui_gov_1774299369718",
        "sec-ch-ua": "\"Chromium\";v=\"146\", \"Not-A.Brand\";v=\"24\", \"Brave\";v=\"146\"",
        "sec-ch-ua-mobile": "?0",
        "x-idempotency-key": "617fe9ec-d8b8-45e2-849f-8d883e496e27",
        "user-agent": "Mozilla/5.0 (Windows NT 10.0; Win64; x64) AppleWebKit/537.36 (KHTML, like Gecko) Chrome/146.0.0.0 Safari/537.36",
        "accept": "application/json, text/plain, */*",
        "content-type": "application/json",
        "sec-gpc": "1",
        "accept-language": "es-ES,es;q=0.7",
        "origin": "http://localhost:4200",
        "sec-fetch-site": "same-site",
        "sec-fetch-mode": "cors",
        "sec-fetch-dest": "empty",
        "referer": "http://localhost:4200/",
        "accept-encoding": "gzip, deflate, br, zstd",
        "if-none-match": "W/\"7f-Tx3tN3KFCxe+lN1WCnH5IXQkFLk\""
      },
      "remoteAddress": "::1",
      "remotePort": 58194
    }
    [35mcorrelationId[39m: "ui_gov_1774299369718"
    [35mres[39m: {
      "statusCode": 200,
      "headers": {
        "x-powered-by": "Express",
        "access-control-allow-origin": "*",
        "access-control-allow-credentials": "true",
        "x-correlation-id": "ui_gov_1774299369718",
        "content-type": "application/json; charset=utf-8",
        "content-length": "127",
        "etag": "W/\"7f-yOICzMwvG+qrZzV+tkG161bvPZc\""
      }
    }
    [35mresponseTime[39m: 331
[DEBUG] JWT Payload: {"sub":"0000-0000-0000","email":"superadmin-fallback@quetzaltic.local","role":"ADMIN","exp":1774371860}
[DEBUG] Authenticated Actor: superadmin-fallback@quetzaltic.local
[13:56:16.115] [33mWARN[39m (11452): [36mPrisma failure, falling back to Virtual Lockdown state[39m
    [35mreq[39m: {
      "id": 55,
      "method": "GET",
      "url": "/api/governance/lockdown/status",
      "query": {},
      "params": {
        "path": [
          "governance",
          "lockdown",
          "status"
        ]
      },
      "headers": {
        "host": "localhost:3333",
        "connection": "keep-alive",
        "x-actor": "superadmin-fallback@quetzaltic.local",
        "sec-ch-ua-platform": "\"Windows\"",
        "authorization": "Bearer eyJhbGciOiJIUzI1NiIsInR5cCI6IkpXVCJ9.eyJzdWIiOiIwMDAwLTAwMDAtMDAwMCIsImVtYWlsIjoic3VwZXJhZG1pbi1mYWxsYmFja0BxdWV0emFsdGljLmxvY2FsIiwicm9sZSI6IkFETUlOIiwiZXhwIjoxNzc0MzcxODYwfQ.4R3n7nSywfFs_apkd-C8WOF1S-f_9w23vpYdhIqnLvU",
        "x-correlation-id": "ui_gov_1774299375726",
        "sec-ch-ua": "\"Chromium\";v=\"146\", \"Not-A.Brand\";v=\"24\", \"Brave\";v=\"146\"",
        "sec-ch-ua-mobile": "?0",
        "x-idempotency-key": "50c829a1-6a0d-479b-a6fe-5ecba4ca17ec",
        "user-agent": "Mozilla/5.0 (Windows NT 10.0; Win64; x64) AppleWebKit/537.36 (KHTML, like Gecko) Chrome/146.0.0.0 Safari/537.36",
        "accept": "application/json, text/plain, */*",
        "content-type": "application/json",
        "sec-gpc": "1",
        "accept-language": "es-ES,es;q=0.7",
        "origin": "http://localhost:4200",
        "sec-fetch-site": "same-site",
        "sec-fetch-mode": "cors",
        "sec-fetch-dest": "empty",
        "referer": "http://localhost:4200/",
        "accept-encoding": "gzip, deflate, br, zstd",
        "if-none-match": "W/\"7f-yOICzMwvG+qrZzV+tkG161bvPZc\""
      },
      "remoteAddress": "::1",
      "remotePort": 58194
    }
    [35mcorrelationId[39m: "ui_gov_1774299375726"
    [35mcontext[39m: "LockdownService"
[13:56:16.115] [32mINFO[39m (11452): [36mrequest completed[39m
    [35mreq[39m: {
      "id": 55,
      "method": "GET",
      "url": "/api/governance/lockdown/status",
      "query": {},
      "params": {
        "path": [
          "governance",
          "lockdown",
          "status"
        ]
      },
      "headers": {
        "host": "localhost:3333",
        "connection": "keep-alive",
        "x-actor": "superadmin-fallback@quetzaltic.local",
        "sec-ch-ua-platform": "\"Windows\"",
        "authorization": "Bearer eyJhbGciOiJIUzI1NiIsInR5cCI6IkpXVCJ9.eyJzdWIiOiIwMDAwLTAwMDAtMDAwMCIsImVtYWlsIjoic3VwZXJhZG1pbi1mYWxsYmFja0BxdWV0emFsdGljLmxvY2FsIiwicm9sZSI6IkFETUlOIiwiZXhwIjoxNzc0MzcxODYwfQ.4R3n7nSywfFs_apkd-C8WOF1S-f_9w23vpYdhIqnLvU",
        "x-correlation-id": "ui_gov_1774299375726",
        "sec-ch-ua": "\"Chromium\";v=\"146\", \"Not-A.Brand\";v=\"24\", \"Brave\";v=\"146\"",
        "sec-ch-ua-mobile": "?0",
        "x-idempotency-key": "50c829a1-6a0d-479b-a6fe-5ecba4ca17ec",
        "user-agent": "Mozilla/5.0 (Windows NT 10.0; Win64; x64) AppleWebKit/537.36 (KHTML, like Gecko) Chrome/146.0.0.0 Safari/537.36",
        "accept": "application/json, text/plain, */*",
        "content-type": "application/json",
        "sec-gpc": "1",
        "accept-language": "es-ES,es;q=0.7",
        "origin": "http://localhost:4200",
        "sec-fetch-site": "same-site",
        "sec-fetch-mode": "cors",
        "sec-fetch-dest": "empty",
        "referer": "http://localhost:4200/",
        "accept-encoding": "gzip, deflate, br, zstd",
        "if-none-match": "W/\"7f-yOICzMwvG+qrZzV+tkG161bvPZc\""
      },
      "remoteAddress": "::1",
      "remotePort": 58194
    }
    [35mcorrelationId[39m: "ui_gov_1774299375726"
    [35mres[39m: {
      "statusCode": 200,
      "headers": {
        "x-powered-by": "Express",
        "access-control-allow-origin": "*",
        "access-control-allow-credentials": "true",
        "x-correlation-id": "ui_gov_1774299375726",
        "content-type": "application/json; charset=utf-8",
        "content-length": "127",
        "etag": "W/\"7f-yyecry78UWba9ja57epZFNrEO2k\""
      }
    }
    [35mresponseTime[39m: 379
[DEBUG] JWT Payload: {"sub":"0000-0000-0000","email":"superadmin-fallback@quetzaltic.local","role":"ADMIN","exp":1774371860}
[DEBUG] Authenticated Actor: superadmin-fallback@quetzaltic.local
[13:57:19.067] [33mWARN[39m (11452): [36mPrisma failure, falling back to Virtual Lockdown state[39m
    [35mreq[39m: {
      "id": 56,
      "method": "GET",
      "url": "/api/governance/lockdown/status",
      "query": {},
      "params": {
        "path": [
          "governance",
          "lockdown",
          "status"
        ]
      },
      "headers": {
        "host": "localhost:3333",
        "connection": "keep-alive",
        "x-actor": "superadmin-fallback@quetzaltic.local",
        "sec-ch-ua-platform": "\"Windows\"",
        "authorization": "Bearer eyJhbGciOiJIUzI1NiIsInR5cCI6IkpXVCJ9.eyJzdWIiOiIwMDAwLTAwMDAtMDAwMCIsImVtYWlsIjoic3VwZXJhZG1pbi1mYWxsYmFja0BxdWV0emFsdGljLmxvY2FsIiwicm9sZSI6IkFETUlOIiwiZXhwIjoxNzc0MzcxODYwfQ.4R3n7nSywfFs_apkd-C8WOF1S-f_9w23vpYdhIqnLvU",
        "x-correlation-id": "ui_gov_1774299435827",
        "sec-ch-ua": "\"Chromium\";v=\"146\", \"Not-A.Brand\";v=\"24\", \"Brave\";v=\"146\"",
        "sec-ch-ua-mobile": "?0",
        "x-idempotency-key": "50cfa37f-5a7d-4efe-8497-449e7440accd",
        "user-agent": "Mozilla/5.0 (Windows NT 10.0; Win64; x64) AppleWebKit/537.36 (KHTML, like Gecko) Chrome/146.0.0.0 Safari/537.36",
        "accept": "application/json, text/plain, */*",
        "content-type": "application/json",
        "sec-gpc": "1",
        "accept-language": "es-ES,es;q=0.7",
        "origin": "http://localhost:4200",
        "sec-fetch-site": "same-site",
        "sec-fetch-mode": "cors",
        "sec-fetch-dest": "empty",
        "referer": "http://localhost:4200/",
        "accept-encoding": "gzip, deflate, br, zstd",
        "if-none-match": "W/\"7f-yyecry78UWba9ja57epZFNrEO2k\""
      },
      "remoteAddress": "::1",
      "remotePort": 60098
    }
    [35mcorrelationId[39m: "ui_gov_1774299435827"
    [35mcontext[39m: "LockdownService"
[13:57:19.072] [32mINFO[39m (11452): [36mrequest completed[39m
    [35mreq[39m: {
      "id": 56,
      "method": "GET",
      "url": "/api/governance/lockdown/status",
      "query": {},
      "params": {
        "path": [
          "governance",
          "lockdown",
          "status"
        ]
      },
      "headers": {
        "host": "localhost:3333",
        "connection": "keep-alive",
        "x-actor": "superadmin-fallback@quetzaltic.local",
        "sec-ch-ua-platform": "\"Windows\"",
        "authorization": "Bearer eyJhbGciOiJIUzI1NiIsInR5cCI6IkpXVCJ9.eyJzdWIiOiIwMDAwLTAwMDAtMDAwMCIsImVtYWlsIjoic3VwZXJhZG1pbi1mYWxsYmFja0BxdWV0emFsdGljLmxvY2FsIiwicm9sZSI6IkFETUlOIiwiZXhwIjoxNzc0MzcxODYwfQ.4R3n7nSywfFs_apkd-C8WOF1S-f_9w23vpYdhIqnLvU",
        "x-correlation-id": "ui_gov_1774299435827",
        "sec-ch-ua": "\"Chromium\";v=\"146\", \"Not-A.Brand\";v=\"24\", \"Brave\";v=\"146\"",
        "sec-ch-ua-mobile": "?0",
        "x-idempotency-key": "50cfa37f-5a7d-4efe-8497-449e7440accd",
        "user-agent": "Mozilla/5.0 (Windows NT 10.0; Win64; x64) AppleWebKit/537.36 (KHTML, like Gecko) Chrome/146.0.0.0 Safari/537.36",
        "accept": "application/json, text/plain, */*",
        "content-type": "application/json",
        "sec-gpc": "1",
        "accept-language": "es-ES,es;q=0.7",
        "origin": "http://localhost:4200",
        "sec-fetch-site": "same-site",
        "sec-fetch-mode": "cors",
        "sec-fetch-dest": "empty",
        "referer": "http://localhost:4200/",
        "accept-encoding": "gzip, deflate, br, zstd",
        "if-none-match": "W/\"7f-yyecry78UWba9ja57epZFNrEO2k\""
      },
      "remoteAddress": "::1",
      "remotePort": 60098
    }
    [35mcorrelationId[39m: "ui_gov_1774299435827"
    [35mres[39m: {
      "statusCode": 200,
      "headers": {
        "x-powered-by": "Express",
        "access-control-allow-origin": "*",
        "access-control-allow-credentials": "true",
        "x-correlation-id": "ui_gov_1774299435827",
        "content-type": "application/json; charset=utf-8",
        "content-length": "127",
        "etag": "W/\"7f-0qDHmUVq4RR0Xoh0ZiJYZUFhkTM\""
      }
    }
    [35mresponseTime[39m: 397
